frame,Ankle.R_x,Ankle.R_y,Ankle.R_z,Knee.R_x,Knee.R_y,Knee.R_z,Hip.R_x,Hip.R_y,Hip.R_z,Hip.L_x,Hip.L_y,Hip.L_z,Knee.L_x,Knee.L_y,Knee.L_z,Ankle.L_x,Ankle.L_y,Ankle.L_z,Wrist.R_x,Wrist.R_y,Wrist.R_z,Elbow.R_x,Elbow.R_y,Elbow.R_z,Shoulder.R_x,Shoulder.R_y,Shoulder.R_z,Shoulder.L_x,Shoulder.L_y,Shoulder.L_z,Elbow.L_x,Elbow.L_y,Elbow.L_z,Wrist.L_x,Wrist.L_y,Wrist.L_z,Neck_x,Neck_y,Neck_z,Head_x,Head_y,Head_z,Nose_x,Nose_y,Nose_z,hip.Center_x,hip.Center_y,hip.Center_z
0,0.37405542,-1.4127266,-0.3735715,1.1061149,-0.47730452,-0.21573627,0.0893717,-0.029928029,-0.20293209,0.0893717,0.010740936,-0.80226755,0.04870274,-1.1686952,-0.8476126,-0.113990285,-2.2667935,-0.6985279,0.0893717,0.0514099,-0.20156828,-0.31733558,0.6614627,-0.1684421,-0.07332132,1.3528535,-0.31090963,0.04870274,1.3121846,-0.9411413,0.0893717,0.62079376,-0.74690413,0.25204805,0.0514099,-0.49932718,-0.012309052,1.332519,-0.664186,0.76041985,1.8612165,-0.6483101,0.37405542,1.5968678,-0.6154051,0.0893717,-0.009593546,-0.5008685
