frame,Ankle.R_x,Ankle.R_y,Ankle.R_z,Knee.R_x,Knee.R_y,Knee.R_z,Hip.R_x,Hip.R_y,Hip.R_z,Hip.L_x,Hip.L_y,Hip.L_z,Knee.L_x,Knee.L_y,Knee.L_z,Ankle.L_x,Ankle.L_y,Ankle.L_z,Wrist.R_x,Wrist.R_y,Wrist.R_z,Elbow.R_x,Elbow.R_y,Elbow.R_z,Shoulder.R_x,Shoulder.R_y,Shoulder.R_z,Shoulder.L_x,Shoulder.L_y,Shoulder.L_z,Elbow.L_x,Elbow.L_y,Elbow.L_z,Wrist.L_x,Wrist.L_y,Wrist.L_z,Neck_x,Neck_y,Neck_z,Head_x,Head_y,Head_z,Nose_x,Nose_y,Nose_z,hip.Center_x,hip.Center_y,hip.Center_z
0,-0.007827155,-1.697866,-1.340117,-0.11795508,-0.92702574,-0.693648,-0.15465057,-0.046057172,-0.45256683,0.24912417,-0.009361692,-0.5459625,0.32252944,-0.8903162,-0.7982727,0.35923874,-1.6611571,-1.3687458,-0.521716,0.064057164,-0.09166744,-0.521716,0.54125077,-0.44433528,-0.4116019,1.0918491,-0.39085743,0.28581965,1.165254,-0.59350026,0.43265736,0.61465555,-0.20554683,0.54277146,0.064057164,-0.002401173,-0.06289088,1.1285516,-0.5342997,-0.026181571,2.0095062,-0.6266327,-0.044536464,1.5690289,-0.5620847,0.047237046,-0.027709432,-0.4980563
