frame,Ankle.R_x,Ankle.R_y,Ankle.R_z,Knee.R_x,Knee.R_y,Knee.R_z,Hip.R_x,Hip.R_y,Hip.R_z,Hip.L_x,Hip.L_y,Hip.L_z,Knee.L_x,Knee.L_y,Knee.L_z,Ankle.L_x,Ankle.L_y,Ankle.L_z,Wrist.R_x,Wrist.R_y,Wrist.R_z,Elbow.R_x,Elbow.R_y,Elbow.R_z,Shoulder.R_x,Shoulder.R_y,Shoulder.R_z,Shoulder.L_x,Shoulder.L_y,Shoulder.L_z,Elbow.L_x,Elbow.L_y,Elbow.L_z,Wrist.L_x,Wrist.L_y,Wrist.L_z,Neck_x,Neck_y,Neck_z,Head_x,Head_y,Head_z,Nose_x,Nose_y,Nose_z,hip.Center_x,hip.Center_y,hip.Center_z
0,0.036156878,-2.057899,0.16218299,-0.08910443,-1.0558258,-0.0011633635,-0.17260672,-0.053752497,-0.29321438,0.28667903,0.029765291,-0.67631835,0.41194034,-0.42952022,-0.5805755,0.41194034,-1.264589,-0.9298521,-0.46488786,-0.095495775,-0.38425028,-0.50663114,0.489051,-0.4241183,-0.42312884,1.1570998,-0.12641245,0.37018085,1.1988586,-0.6664048,0.49544215,0.5725531,-0.106947064,0.62070346,-0.011993485,0.19206679,-0.026473776,1.1779792,-0.37560844,-0.068217054,2.0547917,-0.41481832,-0.047345415,1.6163853,-0.46690568,0.057036147,-0.011993485,-0.50291276
