frame,Ankle.R_x,Ankle.R_y,Ankle.R_z,Knee.R_x,Knee.R_y,Knee.R_z,Hip.R_x,Hip.R_y,Hip.R_z,Hip.L_x,Hip.L_y,Hip.L_z,Knee.L_x,Knee.L_y,Knee.L_z,Ankle.L_x,Ankle.L_y,Ankle.L_z,Wrist.R_x,Wrist.R_y,Wrist.R_z,Elbow.R_x,Elbow.R_y,Elbow.R_z,Shoulder.R_x,Shoulder.R_y,Shoulder.R_z,Shoulder.L_x,Shoulder.L_y,Shoulder.L_z,Elbow.L_x,Elbow.L_y,Elbow.L_z,Wrist.L_x,Wrist.L_y,Wrist.L_z,Neck_x,Neck_y,Neck_z,Head_x,Head_y,Head_z,Nose_x,Nose_y,Nose_z,hip.Center_x,hip.Center_y,hip.Center_z
0,0.29986122,-1.8048234,-0.6463846,0.29986122,-0.9127026,-0.628193,0.29986122,-0.020581756,-0.34564298,-0.14619228,-0.020581756,-0.65705657,-0.109031886,-0.9127026,-1.1972115,-0.109031886,-1.8048234,-0.90900844,0.5972445,0.09094235,-1.2282479,0.5228951,0.53701013,-0.7852216,0.37421063,1.1689224,-0.38401985,-0.332051,1.131762,-0.5861428,-0.4435751,0.53701013,-0.7795087,-0.4064004,0.053767648,-1.1423562,0.021079808,1.1503422,-0.49006832,0.35562304,1.8566184,-0.43553588,0.18835142,1.5034802,-0.6062619,0.07683447,-0.020581756,-0.4995993
