frame,Ankle.R_x,Ankle.R_y,Ankle.R_z,Knee.R_x,Knee.R_y,Knee.R_z,Hip.R_x,Hip.R_y,Hip.R_z,Hip.L_x,Hip.L_y,Hip.L_z,Knee.L_x,Knee.L_y,Knee.L_z,Ankle.L_x,Ankle.L_y,Ankle.L_z,Wrist.R_x,Wrist.R_y,Wrist.R_z,Elbow.R_x,Elbow.R_y,Elbow.R_z,Shoulder.R_x,Shoulder.R_y,Shoulder.R_z,Shoulder.L_x,Shoulder.L_y,Shoulder.L_z,Elbow.L_x,Elbow.L_y,Elbow.L_z,Wrist.L_x,Wrist.L_y,Wrist.L_z,Neck_x,Neck_y,Neck_z,Head_x,Head_y,Head_z,Nose_x,Nose_y,Nose_z,hip.Center_x,hip.Center_y,hip.Center_z
0,-0.20132153,-1.8139421,-1.0262249,-0.08476727,-0.92044514,-0.4031723,-0.08476727,-0.026962457,-0.40856636,0.26485258,-0.026962457,-0.5892765,0.22600086,-0.92044514,-0.68556833,0.1871639,-1.8139421,-1.3773205,-0.27900976,0.050740063,-0.3704852,-0.3955502,0.6334401,-0.42205858,-0.24015896,1.2161542,-0.30662438,0.30370432,1.1773171,-0.6541743,0.3425551,0.5946029,-0.5227004,0.4979325,0.050740063,-0.3234439,0.031772688,1.1967356,-0.496827,0.4979325,1.9348412,-0.5688426,0.26485258,1.5657884,-0.53831345,0.090042666,-0.026962457,-0.5006185
