frame,Ankle.R_x,Ankle.R_y,Ankle.R_z,Knee.R_x,Knee.R_y,Knee.R_z,Hip.R_x,Hip.R_y,Hip.R_z,Hip.L_x,Hip.L_y,Hip.L_z,Knee.L_x,Knee.L_y,Knee.L_z,Ankle.L_x,Ankle.L_y,Ankle.L_z,Wrist.R_x,Wrist.R_y,Wrist.R_z,Elbow.R_x,Elbow.R_y,Elbow.R_z,Shoulder.R_x,Shoulder.R_y,Shoulder.R_z,Shoulder.L_x,Shoulder.L_y,Shoulder.L_z,Elbow.L_x,Elbow.L_y,Elbow.L_z,Wrist.L_x,Wrist.L_y,Wrist.L_z,Neck_x,Neck_y,Neck_z,Head_x,Head_y,Head_z,Nose_x,Nose_y,Nose_z,hip.Center_x,hip.Center_y,hip.Center_z
0,0.14242284,-1.8338772,-0.35629585,-0.022107437,-0.970113,-0.3845343,-0.104365185,-0.024106422,-0.6661825,0.22468059,-0.024106422,-0.33369797,0.18355148,-1.0112568,-0.4178462,0.26580924,-1.916135,-0.9088465,-0.26889497,0.09929498,-0.03281954,-0.18663771,0.5928703,-0.32897738,-0.14549382,1.2098318,-0.60113865,0.34808177,1.2509606,-0.52136457,0.47146815,0.63399917,-0.33755565,0.34808177,0.058166347,-0.25734404,0.101294205,1.2303963,-0.5728351,-0.31002408,1.847388,-0.73133653,-0.104365185,1.5388921,-0.67138183,0.060157463,-0.024106422,-0.49692926
