frame,Ankle.R_x,Ankle.R_y,Ankle.R_z,Knee.R_x,Knee.R_y,Knee.R_z,Hip.R_x,Hip.R_y,Hip.R_z,Hip.L_x,Hip.L_y,Hip.L_z,Knee.L_x,Knee.L_y,Knee.L_z,Ankle.L_x,Ankle.L_y,Ankle.L_z,Wrist.R_x,Wrist.R_y,Wrist.R_z,Elbow.R_x,Elbow.R_y,Elbow.R_z,Shoulder.R_x,Shoulder.R_y,Shoulder.R_z,Shoulder.L_x,Shoulder.L_y,Shoulder.L_z,Elbow.L_x,Elbow.L_y,Elbow.L_z,Wrist.L_x,Wrist.L_y,Wrist.L_z,Neck_x,Neck_y,Neck_z,Head_x,Head_y,Head_z,Nose_x,Nose_y,Nose_z,hip.Center_x,hip.Center_y,hip.Center_z
0,-0.18505895,-1.7402135,-1.3595543,-0.18505895,-0.8921064,-0.6609216,-0.14649951,-0.0054541584,-0.48012796,0.3160988,-0.04399953,-0.52025586,0.27755368,-0.93065155,-0.70440924,0.23900902,-1.7402135,-1.3941605,-0.33925378,0.033105038,-0.020717055,-0.30070865,0.57280815,-0.35392743,-0.18505895,1.1510704,-0.43518335,0.5088531,1.1510704,-0.6272718,0.58595765,0.5342628,-0.31902584,0.58595765,-0.0054541584,-0.10829818,0.1618973,1.1510704,-0.59348655,0.16191113,1.9991773,-0.7481221,0.16190398,1.5751239,-0.6383926,0.08479988,-0.024726963,-0.49753112
