frame,Ankle.R_x,Ankle.R_y,Ankle.R_z,Knee.R_x,Knee.R_y,Knee.R_z,Hip.R_x,Hip.R_y,Hip.R_z,Hip.L_x,Hip.L_y,Hip.L_z,Knee.L_x,Knee.L_y,Knee.L_z,Ankle.L_x,Ankle.L_y,Ankle.L_z,Wrist.R_x,Wrist.R_y,Wrist.R_z,Elbow.R_x,Elbow.R_y,Elbow.R_z,Shoulder.R_x,Shoulder.R_y,Shoulder.R_z,Shoulder.L_x,Shoulder.L_y,Shoulder.L_z,Elbow.L_x,Elbow.L_y,Elbow.L_z,Wrist.L_x,Wrist.L_y,Wrist.L_z,Neck_x,Neck_y,Neck_z,Head_x,Head_y,Head_z,Nose_x,Nose_y,Nose_z,hip.Center_x,hip.Center_y,hip.Center_z
0,-0.07860752,-1.7911942,-1.2148695,-0.11700102,-0.9081545,-0.5405388,-0.11700102,-0.0251148,-0.39762053,0.26693538,-0.0251148,-0.6025755,0.30532935,-0.9081545,-0.7719083,0.26693538,-1.7911942,-1.3200114,-0.42415044,0.013278935,-0.31117368,-0.46254393,0.5891838,-0.46379262,-0.30896947,1.1650887,-0.32797325,0.34370854,1.1650887,-0.6469569,0.42049602,0.5891838,-0.25529927,0.497283,0.090066165,0.006126404,0.017369784,1.1650887,-0.5256324,0.13256505,1.9329333,-0.59293246,0.07496742,1.549011,-0.54408675,0.07496742,-0.0251148,-0.49956986
