frame,Ankle.R_x,Ankle.R_y,Ankle.R_z,Knee.R_x,Knee.R_y,Knee.R_z,Hip.R_x,Hip.R_y,Hip.R_z,Hip.L_x,Hip.L_y,Hip.L_z,Knee.L_x,Knee.L_y,Knee.L_z,Ankle.L_x,Ankle.L_y,Ankle.L_z,Wrist.R_x,Wrist.R_y,Wrist.R_z,Elbow.R_x,Elbow.R_y,Elbow.R_z,Shoulder.R_x,Shoulder.R_y,Shoulder.R_z,Shoulder.L_x,Shoulder.L_y,Shoulder.L_z,Elbow.L_x,Elbow.L_y,Elbow.L_z,Wrist.L_x,Wrist.L_y,Wrist.L_z,Neck_x,Neck_y,Neck_z,Head_x,Head_y,Head_z,Nose_x,Nose_y,Nose_z,hip.Center_x,hip.Center_y,hip.Center_z
0,-0.0622989,-1.7811157,-1.4139488,-0.13883889,-0.93923366,-0.7482786,-0.13883889,-0.020797394,-0.47543457,0.28210914,-0.020797394,-0.5215363,0.320372,-0.93923366,-0.74027246,0.320372,-1.8193928,-1.220237,-0.40670693,0.01746545,-0.06258258,-0.3684441,0.55321634,-0.3814548,-0.2919041,1.1272302,-0.4155331,0.4351896,1.165493,-0.6308366,0.5117153,0.55321634,-0.3169707,0.5117153,0.01746545,-0.056201518,0.07164275,1.1463617,-0.5710891,0.0333656,1.9499952,-0.701904,0.052503936,1.5481783,-0.5796552,0.07163512,-0.020797394,-0.49762604
