frame,Ankle.R_x,Ankle.R_y,Ankle.R_z,Knee.R_x,Knee.R_y,Knee.R_z,Hip.R_x,Hip.R_y,Hip.R_z,Hip.L_x,Hip.L_y,Hip.L_z,Knee.L_x,Knee.L_y,Knee.L_z,Ankle.L_x,Ankle.L_y,Ankle.L_z,Wrist.R_x,Wrist.R_y,Wrist.R_z,Elbow.R_x,Elbow.R_y,Elbow.R_z,Shoulder.R_x,Shoulder.R_y,Shoulder.R_z,Shoulder.L_x,Shoulder.L_y,Shoulder.L_z,Elbow.L_x,Elbow.L_y,Elbow.L_z,Wrist.L_x,Wrist.L_y,Wrist.L_z,Neck_x,Neck_y,Neck_z,Head_x,Head_y,Head_z,Nose_x,Nose_y,Nose_z,hip.Center_x,hip.Center_y,hip.Center_z
0,0.051294424,-1.9349986,0.21644413,0.1943613,-1.04079,0.04516077,0.1228281,-0.039288886,-0.47461236,0.015519716,-0.0035296772,-0.51851594,0.15858707,-1.005031,-0.8310213,0.051294424,-1.8992239,-0.9542581,0.33742866,-0.0035296772,-0.6329318,0.051294424,0.64030325,-0.50338185,0.1228281,1.2841209,-0.49855772,-0.12754765,1.3198955,-0.5350317,-0.2706298,0.6045288,-0.8131373,0.1943613,0.068003766,-0.76486236,-0.0023592934,1.3020082,-0.5141711,0.8202845,1.8385333,-0.6709948,0.40896234,1.5702708,-0.5795086,0.06917391,-0.021409402,-0.5014682
