frame,Ankle.R_x,Ankle.R_y,Ankle.R_z,Knee.R_x,Knee.R_y,Knee.R_z,Hip.R_x,Hip.R_y,Hip.R_z,Hip.L_x,Hip.L_y,Hip.L_z,Knee.L_x,Knee.L_y,Knee.L_z,Ankle.L_x,Ankle.L_y,Ankle.L_z,Wrist.R_x,Wrist.R_y,Wrist.R_z,Elbow.R_x,Elbow.R_y,Elbow.R_z,Shoulder.R_x,Shoulder.R_y,Shoulder.R_z,Shoulder.L_x,Shoulder.L_y,Shoulder.L_z,Elbow.L_x,Elbow.L_y,Elbow.L_z,Wrist.L_x,Wrist.L_y,Wrist.L_z,Neck_x,Neck_y,Neck_z,Head_x,Head_y,Head_z,Nose_x,Nose_y,Nose_z,hip.Center_x,hip.Center_y,hip.Center_z
0,-0.09775623,-1.9645827,-0.29818457,0.03053204,-1.2131598,-0.25924224,-0.0061167106,-0.076836824,-0.34162596,0.17716184,0.033127308,-0.63083386,0.983576,-0.33343053,-0.43151835,0.39708963,-1.0665295,-0.758762,-0.0061167106,-0.040187597,-0.563756,-0.2627109,0.6929114,-0.21575412,-0.11608108,1.4260273,-0.18577135,-0.11608108,1.4260273,-0.8143727,-0.11608108,0.6929114,-1.0424217,0.10384718,0.033127308,-0.7396642,-0.11608108,1.4260273,-0.44096792,0.76363105,1.9391816,-0.45934153,0.32377496,1.6826044,-0.602434,0.08552281,-0.021854639,-0.50464773
