frame,Ankle.R_x,Ankle.R_y,Ankle.R_z,Knee.R_x,Knee.R_y,Knee.R_z,Hip.R_x,Hip.R_y,Hip.R_z,Hip.L_x,Hip.L_y,Hip.L_z,Knee.L_x,Knee.L_y,Knee.L_z,Ankle.L_x,Ankle.L_y,Ankle.L_z,Wrist.R_x,Wrist.R_y,Wrist.R_z,Elbow.R_x,Elbow.R_y,Elbow.R_z,Shoulder.R_x,Shoulder.R_y,Shoulder.R_z,Shoulder.L_x,Shoulder.L_y,Shoulder.L_z,Elbow.L_x,Elbow.L_y,Elbow.L_z,Wrist.L_x,Wrist.L_y,Wrist.L_z,Neck_x,Neck_y,Neck_z,Head_x,Head_y,Head_z,Nose_x,Nose_y,Nose_z,hip.Center_x,hip.Center_y,hip.Center_z
0,-0.052610032,-1.8462751,0.111693144,-0.09350263,-0.94662184,-0.07938093,0.029175647,-0.0060913246,-0.59456974,0.07006777,-0.04698369,-0.398224,0.07006777,-0.98751444,-0.5935629,0.19274604,-1.9280598,-0.8999246,0.35631597,-0.0060913246,-0.39251554,0.11096037,0.5664056,-0.6365221,0.11096037,1.2615803,-0.60758066,0.15185297,1.2615803,-0.5229809,0.07006777,0.64819103,-0.37566882,-0.25707304,0.034801275,-0.2983902,0.13140666,1.2615803,-0.57351273,-0.56376755,2.079433,-0.65015423,-0.21618092,1.6705067,-0.62809324,0.04962147,-0.026537387,-0.4996211
