frame,Ankle.R_x,Ankle.R_y,Ankle.R_z,Knee.R_x,Knee.R_y,Knee.R_z,Hip.R_x,Hip.R_y,Hip.R_z,Hip.L_x,Hip.L_y,Hip.L_z,Knee.L_x,Knee.L_y,Knee.L_z,Ankle.L_x,Ankle.L_y,Ankle.L_z,Wrist.R_x,Wrist.R_y,Wrist.R_z,Elbow.R_x,Elbow.R_y,Elbow.R_z,Shoulder.R_x,Shoulder.R_y,Shoulder.R_z,Shoulder.L_x,Shoulder.L_y,Shoulder.L_z,Elbow.L_x,Elbow.L_y,Elbow.L_z,Wrist.L_x,Wrist.L_y,Wrist.L_z,Neck_x,Neck_y,Neck_z,Head_x,Head_y,Head_z,Nose_x,Nose_y,Nose_z,hip.Center_x,hip.Center_y,hip.Center_z
0,-0.23491517,-1.7298177,-1.3459861,-0.19904128,-0.904725,-0.5888452,-0.12729302,-0.007883718,-0.4687657,0.30319747,-0.04375785,-0.5356302,0.23144922,-0.9405994,-0.6878697,0.19557485,-1.7656921,-1.364382,-0.34252444,0.063864775,-0.12562767,-0.30665007,0.60196406,-0.41621298,-0.19904128,1.1759378,-0.42917308,0.51842886,1.1400636,-0.6630894,0.5543032,0.5660899,-0.3562156,0.51842886,0.027990649,-0.15671915,0.1596938,1.1580007,-0.6099176,0.23145637,1.9830798,-0.72419906,0.19557485,1.5705403,-0.6192005,0.08795222,-0.025820663,-0.49766037
