frame,Ankle.R_x,Ankle.R_y,Ankle.R_z,Knee.R_x,Knee.R_y,Knee.R_z,Hip.R_x,Hip.R_y,Hip.R_z,Hip.L_x,Hip.L_y,Hip.L_z,Knee.L_x,Knee.L_y,Knee.L_z,Ankle.L_x,Ankle.L_y,Ankle.L_z,Wrist.R_x,Wrist.R_y,Wrist.R_z,Elbow.R_x,Elbow.R_y,Elbow.R_z,Shoulder.R_x,Shoulder.R_y,Shoulder.R_z,Shoulder.L_x,Shoulder.L_y,Shoulder.L_z,Elbow.L_x,Elbow.L_y,Elbow.L_z,Wrist.L_x,Wrist.L_y,Wrist.L_z,Neck_x,Neck_y,Neck_z,Head_x,Head_y,Head_z,Nose_x,Nose_y,Nose_z,hip.Center_x,hip.Center_y,hip.Center_z
0,0.11417053,-1.8486623,-0.3366324,0.18605277,-0.9500648,-0.3724082,0.29389045,-0.015525907,-0.39856312,-0.101489566,-0.015525907,-0.6015767,-0.24526837,-0.9500648,-1.0212109,-0.31716493,-1.8846177,-1.0775924,0.5454917,0.020414978,-1.268584,0.61737394,0.48767725,-0.9050342,0.47360942,1.0987321,-0.5086979,-0.20932725,1.1346731,-0.47830364,-0.31716493,0.52363265,-0.6957605,-0.42498782,0.020414978,-1.0637399,0.13214108,1.1167027,-0.49467456,-0.40703157,1.8715218,-0.45010188,-0.137445,1.4941123,-0.6338246,0.09619997,-0.015525907,-0.50016755
