frame,Ankle.R_x,Ankle.R_y,Ankle.R_z,Knee.R_x,Knee.R_y,Knee.R_z,Hip.R_x,Hip.R_y,Hip.R_z,Hip.L_x,Hip.L_y,Hip.L_z,Knee.L_x,Knee.L_y,Knee.L_z,Ankle.L_x,Ankle.L_y,Ankle.L_z,Wrist.R_x,Wrist.R_y,Wrist.R_z,Elbow.R_x,Elbow.R_y,Elbow.R_z,Shoulder.R_x,Shoulder.R_y,Shoulder.R_z,Shoulder.L_x,Shoulder.L_y,Shoulder.L_z,Elbow.L_x,Elbow.L_y,Elbow.L_z,Wrist.L_x,Wrist.L_y,Wrist.L_z,Neck_x,Neck_y,Neck_z,Head_x,Head_y,Head_z,Nose_x,Nose_y,Nose_z,hip.Center_x,hip.Center_y,hip.Center_z
0,0.27058616,-2.0290756,-0.046535134,0.1419827,-1.0431173,-0.29412717,0.09911504,-0.014291033,-0.598515,0.056247376,-0.014291033,-0.38906735,-0.11522422,-1.0859852,-0.62481517,-0.029488422,-2.157679,-0.4716614,-0.11522422,-0.014291033,-0.57784814,0.056247376,0.58587337,-0.57561654,0.013379715,1.2717574,-0.5829314,0.09911504,1.2717574,-0.4654519,0.18485036,0.58587337,-0.3026476,0.013379715,-0.05715917,-0.27396178,0.056247376,1.2717574,-0.53955346,-0.71537244,1.8719059,-0.522057,-0.329563,1.5718316,-0.56160647,0.07768073,-0.014291033,-0.49789348
