frame,Ankle.R_x,Ankle.R_y,Ankle.R_z,Knee.R_x,Knee.R_y,Knee.R_z,Hip.R_x,Hip.R_y,Hip.R_z,Hip.L_x,Hip.L_y,Hip.L_z,Knee.L_x,Knee.L_y,Knee.L_z,Ankle.L_x,Ankle.L_y,Ankle.L_z,Wrist.R_x,Wrist.R_y,Wrist.R_z,Elbow.R_x,Elbow.R_y,Elbow.R_z,Shoulder.R_x,Shoulder.R_y,Shoulder.R_z,Shoulder.L_x,Shoulder.L_y,Shoulder.L_z,Elbow.L_x,Elbow.L_y,Elbow.L_z,Wrist.L_x,Wrist.L_y,Wrist.L_z,Neck_x,Neck_y,Neck_z,Head_x,Head_y,Head_z,Nose_x,Nose_y,Nose_z,hip.Center_x,hip.Center_y,hip.Center_z
0,0.36993864,-1.8374972,-0.38777637,0.36993864,-0.9298541,-0.4681198,0.29733112,-0.022196712,-0.39900327,-0.13834211,-0.022196712,-0.5996918,-0.13834211,-0.9298541,-1.1092865,-0.06573508,-1.8738084,-1.1390334,0.5151675,0.05041057,-1.1576576,0.5514643,0.5223947,-0.8036228,0.4062493,1.1758904,-0.4519267,-0.28357145,1.1395938,-0.46339935,-0.35617897,0.5223947,-0.695755,-0.35617897,0.014099894,-1.0269825,0.061339162,1.157742,-0.46165675,-0.3380234,1.8475485,-0.40788892,-0.13834211,1.5026453,-0.59760725,0.07949426,-0.022196712,-0.50111496
