frame,Ankle.R_x,Ankle.R_y,Ankle.R_z,Knee.R_x,Knee.R_y,Knee.R_z,Hip.R_x,Hip.R_y,Hip.R_z,Hip.L_x,Hip.L_y,Hip.L_z,Knee.L_x,Knee.L_y,Knee.L_z,Ankle.L_x,Ankle.L_y,Ankle.L_z,Wrist.R_x,Wrist.R_y,Wrist.R_z,Elbow.R_x,Elbow.R_y,Elbow.R_z,Shoulder.R_x,Shoulder.R_y,Shoulder.R_z,Shoulder.L_x,Shoulder.L_y,Shoulder.L_z,Elbow.L_x,Elbow.L_y,Elbow.L_z,Wrist.L_x,Wrist.L_y,Wrist.L_z,Neck_x,Neck_y,Neck_z,Head_x,Head_y,Head_z,Nose_x,Nose_y,Nose_z,hip.Center_x,hip.Center_y,hip.Center_z
0,0.3888163,-0.70451754,-1.1687423,0.48975748,-0.03159519,-1.189716,0.28787416,0.035693686,-0.3481288,-0.14951141,-0.06524797,-0.66296,-0.08222301,-1.0409787,-0.9464744,-0.08222301,-1.6465952,-0.38949025,0.6243352,0.102982566,-1.2322326,0.5233936,0.64131004,-0.8196298,0.28787416,1.3478683,-0.69933265,-0.5532618,1.2805794,-0.8203947,-0.6542035,0.5403686,-1.0210003,-0.6205507,-0.06524797,-1.2386849,-0.13269384,1.3142239,-0.7545004,0.3719806,2.1217408,-0.72144246,0.11964361,1.7179823,-0.8530735,0.06918089,-0.014777381,-0.5014789
