frame,Ankle.R_x,Ankle.R_y,Ankle.R_z,Knee.R_x,Knee.R_y,Knee.R_z,Hip.R_x,Hip.R_y,Hip.R_z,Hip.L_x,Hip.L_y,Hip.L_z,Knee.L_x,Knee.L_y,Knee.L_z,Ankle.L_x,Ankle.L_y,Ankle.L_z,Wrist.R_x,Wrist.R_y,Wrist.R_z,Elbow.R_x,Elbow.R_y,Elbow.R_z,Shoulder.R_x,Shoulder.R_y,Shoulder.R_z,Shoulder.L_x,Shoulder.L_y,Shoulder.L_z,Elbow.L_x,Elbow.L_y,Elbow.L_z,Wrist.L_x,Wrist.L_y,Wrist.L_z,Neck_x,Neck_y,Neck_z,Head_x,Head_y,Head_z,Nose_x,Nose_y,Nose_z,hip.Center_x,hip.Center_y,hip.Center_z
0,0.016674478,-1.7707533,-1.2918298,-0.09480147,-0.91609293,-0.64671165,-0.16912799,-0.024255352,-0.41468376,0.2767906,-0.024255352,-0.5824319,0.31394002,-0.91609293,-0.82255363,0.31394002,-1.73359,-1.4324412,-0.42924407,0.050057337,-0.17608663,-0.46640733,0.5702891,-0.44872117,-0.35491708,1.127684,-0.38281476,0.35110328,1.1648333,-0.6302759,0.4625797,0.6074526,-0.24976856,0.53690666,0.08722083,0.011097431,-0.0019069128,1.1462586,-0.56149316,0.1095552,1.926592,-0.6758036,0.053823907,1.5364252,-0.583374,0.05383106,-0.024255352,-0.49867442
