frame,Ankle.R_x,Ankle.R_y,Ankle.R_z,Knee.R_x,Knee.R_y,Knee.R_z,Hip.R_x,Hip.R_y,Hip.R_z,Hip.L_x,Hip.L_y,Hip.L_z,Knee.L_x,Knee.L_y,Knee.L_z,Ankle.L_x,Ankle.L_y,Ankle.L_z,Wrist.R_x,Wrist.R_y,Wrist.R_z,Elbow.R_x,Elbow.R_y,Elbow.R_z,Shoulder.R_x,Shoulder.R_y,Shoulder.R_z,Shoulder.L_x,Shoulder.L_y,Shoulder.L_z,Elbow.L_x,Elbow.L_y,Elbow.L_z,Wrist.L_x,Wrist.L_y,Wrist.L_z,Neck_x,Neck_y,Neck_z,Head_x,Head_y,Head_z,Nose_x,Nose_y,Nose_z,hip.Center_x,hip.Center_y,hip.Center_z
0,0.32261014,-1.9184347,-1.0013931,0.17019153,-0.9658543,-0.82842934,0.24640822,-0.013288861,-0.5157512,-0.09652924,-0.013288861,-0.4811697,-0.09652924,-1.042071,-0.6706914,-0.02031254,-2.0327375,-0.6925618,0.32261014,0.062912814,-1.0498016,0.47501302,0.5201527,-0.8966197,0.32261014,1.1297959,-0.6146096,-0.2489326,1.1297959,-0.4909337,-0.32513404,0.48205173,-0.62651265,-0.47755265,-0.08949054,-0.83599526,0.036838777,1.1297959,-0.55592513,-0.6871073,1.8156407,-0.5552839,-0.32513404,1.4727182,-0.7042924,0.0749395,-0.013288861,-0.49855828
