frame,Ankle.R_x,Ankle.R_y,Ankle.R_z,Knee.R_x,Knee.R_y,Knee.R_z,Hip.R_x,Hip.R_y,Hip.R_z,Hip.L_x,Hip.L_y,Hip.L_z,Knee.L_x,Knee.L_y,Knee.L_z,Ankle.L_x,Ankle.L_y,Ankle.L_z,Wrist.R_x,Wrist.R_y,Wrist.R_z,Elbow.R_x,Elbow.R_y,Elbow.R_z,Shoulder.R_x,Shoulder.R_y,Shoulder.R_z,Shoulder.L_x,Shoulder.L_y,Shoulder.L_z,Elbow.L_x,Elbow.L_y,Elbow.L_z,Wrist.L_x,Wrist.L_y,Wrist.L_z,Neck_x,Neck_y,Neck_z,Head_x,Head_y,Head_z,Nose_x,Nose_y,Nose_z,hip.Center_x,hip.Center_y,hip.Center_z
0,0.16180009,-1.8696225,0.18944031,0.004733734,-1.0057962,-0.16840911,0.12252968,-0.024174683,-0.611611,0.004733734,-0.024174683,-0.37849697,0.004733734,-1.0057962,-0.7725804,0.083274536,-1.948148,-0.7738961,0.27959603,0.09362126,-0.5197701,0.24032563,0.48627877,-0.641913,0.20107001,1.2715791,-0.60596937,0.044004135,1.2323089,-0.391746,-0.03452141,0.6040745,-0.40013805,-0.34863836,0.01509548,-0.33136255,0.12253683,1.2519441,-0.49476382,-0.66276294,1.9979889,-0.5100629,-0.2701133,1.6249665,-0.5678973,0.063631706,-0.024174683,-0.4993049
