frame,Ankle.R_x,Ankle.R_y,Ankle.R_z,Knee.R_x,Knee.R_y,Knee.R_z,Hip.R_x,Hip.R_y,Hip.R_z,Hip.L_x,Hip.L_y,Hip.L_z,Knee.L_x,Knee.L_y,Knee.L_z,Ankle.L_x,Ankle.L_y,Ankle.L_z,Wrist.R_x,Wrist.R_y,Wrist.R_z,Elbow.R_x,Elbow.R_y,Elbow.R_z,Shoulder.R_x,Shoulder.R_y,Shoulder.R_z,Shoulder.L_x,Shoulder.L_y,Shoulder.L_z,Elbow.L_x,Elbow.L_y,Elbow.L_z,Wrist.L_x,Wrist.L_y,Wrist.L_z,Neck_x,Neck_y,Neck_z,Head_x,Head_y,Head_z,Nose_x,Nose_y,Nose_z,hip.Center_x,hip.Center_y,hip.Center_z
0,0.45342624,-1.9007949,-0.39497668,0.37886274,-0.9315423,-0.5033972,0.26702487,0.00043597072,-0.38247183,-0.14303792,-0.03683839,-0.61278534,-0.068489194,-0.9315423,-1.1641667,0.006074313,-1.8635205,-1.0146844,0.45342624,0.074999474,-1.1768899,0.52798975,0.5223514,-0.8240828,0.37886274,1.1560903,-0.46043643,-0.32943928,1.1188158,-0.49156874,-0.40398848,0.4850768,-0.70338815,-0.44127762,-0.03683839,-0.9945149,0.024711493,1.137453,-0.47822425,-0.4599148,1.8457555,-0.44638562,-0.21760142,1.4916042,-0.6299517,0.061993483,-0.01820121,-0.50070095
