frame,Ankle.R_x,Ankle.R_y,Ankle.R_z,Knee.R_x,Knee.R_y,Knee.R_z,Hip.R_x,Hip.R_y,Hip.R_z,Hip.L_x,Hip.L_y,Hip.L_z,Knee.L_x,Knee.L_y,Knee.L_z,Ankle.L_x,Ankle.L_y,Ankle.L_z,Wrist.R_x,Wrist.R_y,Wrist.R_z,Elbow.R_x,Elbow.R_y,Elbow.R_z,Shoulder.R_x,Shoulder.R_y,Shoulder.R_z,Shoulder.L_x,Shoulder.L_y,Shoulder.L_z,Elbow.L_x,Elbow.L_y,Elbow.L_z,Wrist.L_x,Wrist.L_y,Wrist.L_z,Neck_x,Neck_y,Neck_z,Head_x,Head_y,Head_z,Nose_x,Nose_y,Nose_z,hip.Center_x,hip.Center_y,hip.Center_z
0,-0.045099277,-1.737668,-1.6352634,-0.15221979,-0.9520895,-0.84214085,-0.15221979,-0.023696866,-0.50507224,0.27627656,-0.023696866,-0.49472046,0.27627656,-0.9520895,-0.7496322,0.31198356,-1.773375,-1.2698162,-0.40218166,0.08343747,0.057983518,-0.36647514,0.5833476,-0.343534,-0.25934032,1.1189642,-0.45248124,0.4548106,1.1546711,-0.64154345,0.5262246,0.5476406,-0.38648728,0.5619316,0.012023959,-0.13230705,0.09773539,1.1368176,-0.60443145,0.09772156,1.9581032,-0.76176155,0.09772824,1.5474604,-0.6290262,0.06202839,-0.023696866,-0.4967874
