frame,Ankle.R_x,Ankle.R_y,Ankle.R_z,Knee.R_x,Knee.R_y,Knee.R_z,Hip.R_x,Hip.R_y,Hip.R_z,Hip.L_x,Hip.L_y,Hip.L_z,Knee.L_x,Knee.L_y,Knee.L_z,Ankle.L_x,Ankle.L_y,Ankle.L_z,Wrist.R_x,Wrist.R_y,Wrist.R_z,Elbow.R_x,Elbow.R_y,Elbow.R_z,Shoulder.R_x,Shoulder.R_y,Shoulder.R_z,Shoulder.L_x,Shoulder.L_y,Shoulder.L_z,Elbow.L_x,Elbow.L_y,Elbow.L_z,Wrist.L_x,Wrist.L_y,Wrist.L_z,Neck_x,Neck_y,Neck_z,Head_x,Head_y,Head_z,Nose_x,Nose_y,Nose_z,hip.Center_x,hip.Center_y,hip.Center_z
0,-0.14305079,-1.7454274,-1.2056516,-0.18042624,-0.9232545,-0.49683586,-0.14305079,-0.02634502,-0.45907146,0.26803577,-0.02634502,-0.5442047,0.26803577,-0.9232545,-0.7281331,0.26803577,-1.7080519,-1.3552171,-0.40465033,0.04840564,-0.07458535,-0.36727488,0.571604,-0.3866629,-0.25516284,1.1321777,-0.38287985,0.45488393,1.1695391,-0.6486744,0.52963483,0.571604,-0.29581916,0.52963483,0.04840564,-0.05672139,0.09986054,1.1508584,-0.5723132,0.137236,2.0103927,-0.7106376,0.11854827,1.5806254,-0.6068752,0.062492244,-0.02634502,-0.49816388
