frame,Ankle.R_x,Ankle.R_y,Ankle.R_z,Knee.R_x,Knee.R_y,Knee.R_z,Hip.R_x,Hip.R_y,Hip.R_z,Hip.L_x,Hip.L_y,Hip.L_z,Knee.L_x,Knee.L_y,Knee.L_z,Ankle.L_x,Ankle.L_y,Ankle.L_z,Wrist.R_x,Wrist.R_y,Wrist.R_z,Elbow.R_x,Elbow.R_y,Elbow.R_z,Shoulder.R_x,Shoulder.R_y,Shoulder.R_z,Shoulder.L_x,Shoulder.L_y,Shoulder.L_z,Elbow.L_x,Elbow.L_y,Elbow.L_z,Wrist.L_x,Wrist.L_y,Wrist.L_z,Neck_x,Neck_y,Neck_z,Head_x,Head_y,Head_z,Nose_x,Nose_y,Nose_z,hip.Center_x,hip.Center_y,hip.Center_z
0,-0.24063024,-1.6636688,-1.5199894,-0.27749595,-0.85279286,-0.68969285,-0.13006362,-0.0050517134,-0.5763346,0.31223193,-0.04191671,-0.4296603,0.23851672,-0.9265088,-0.667982,0.16480055,-1.7373849,-1.3526766,-0.35121164,0.06866445,0.06325662,-0.27749595,0.5846764,-0.35234702,-0.16691455,1.1744044,-0.46744582,0.5702456,1.1375393,-0.54739255,0.6070961,0.5478114,-0.356643,0.6070961,-0.04191671,-0.23741171,0.20166531,1.1559719,-0.5669497,0.20166531,2.0037272,-0.7182941,0.20166531,1.5798495,-0.5930045,0.09108439,-0.02348433,-0.49633586
