frame,Ankle.R_x,Ankle.R_y,Ankle.R_z,Knee.R_x,Knee.R_y,Knee.R_z,Hip.R_x,Hip.R_y,Hip.R_z,Hip.L_x,Hip.L_y,Hip.L_z,Knee.L_x,Knee.L_y,Knee.L_z,Ankle.L_x,Ankle.L_y,Ankle.L_z,Wrist.R_x,Wrist.R_y,Wrist.R_z,Elbow.R_x,Elbow.R_y,Elbow.R_z,Shoulder.R_x,Shoulder.R_y,Shoulder.R_z,Shoulder.L_x,Shoulder.L_y,Shoulder.L_z,Elbow.L_x,Elbow.L_y,Elbow.L_z,Wrist.L_x,Wrist.L_y,Wrist.L_z,Neck_x,Neck_y,Neck_z,Head_x,Head_y,Head_z,Nose_x,Nose_y,Nose_z,hip.Center_x,hip.Center_y,hip.Center_z
0,0.26329714,-1.8509703,-0.6045484,0.26329714,-0.9171791,-0.61214775,0.29921633,-0.019292584,-0.35875648,-0.13176006,-0.019292584,-0.6430091,-0.13176006,-0.9171791,-1.1883311,-0.13176006,-1.8509703,-1.0127558,0.55062395,0.05254627,-1.2017896,0.5147043,0.55534697,-0.80788195,0.40696007,1.1659063,-0.40258488,-0.31134313,1.1659063,-0.5894324,-0.41908735,0.51944184,-0.7750075,-0.38316768,0.016626606,-1.1154277,0.047808707,1.1659063,-0.50636375,0.4787851,1.8123994,-0.45617443,0.26329714,1.4891528,-0.6232923,0.083727896,-0.019292584,-0.5001558
