frame,Ankle.R_x,Ankle.R_y,Ankle.R_z,Knee.R_x,Knee.R_y,Knee.R_z,Hip.R_x,Hip.R_y,Hip.R_z,Hip.L_x,Hip.L_y,Hip.L_z,Knee.L_x,Knee.L_y,Knee.L_z,Ankle.L_x,Ankle.L_y,Ankle.L_z,Wrist.R_x,Wrist.R_y,Wrist.R_z,Elbow.R_x,Elbow.R_y,Elbow.R_z,Shoulder.R_x,Shoulder.R_y,Shoulder.R_z,Shoulder.L_x,Shoulder.L_y,Shoulder.L_z,Elbow.L_x,Elbow.L_y,Elbow.L_z,Wrist.L_x,Wrist.L_y,Wrist.L_z,Neck_x,Neck_y,Neck_z,Head_x,Head_y,Head_z,Nose_x,Nose_y,Nose_z,hip.Center_x,hip.Center_y,hip.Center_z
0,-0.015838742,-1.7426683,-1.5246842,-0.12318957,-0.9553698,-0.7788183,-0.15897334,-0.024922432,-0.48914957,0.27045953,-0.024922432,-0.5098361,0.3062433,-0.9553698,-0.7286502,0.34202707,-1.7784516,-1.3001952,-0.40948737,0.046644866,-0.08861834,-0.37368977,0.5834431,-0.40916315,-0.26633847,1.1560248,-0.44513023,0.41360843,1.1560248,-0.6330578,0.48517597,0.5834431,-0.32823166,0.48517597,0.010861097,-0.121921,0.07363498,1.1560248,-0.5933275,0.037851214,1.9432949,-0.71059,0.0557431,1.5496598,-0.60566086,0.0557431,-0.024922432,-0.49753
