frame,Ankle.R_x,Ankle.R_y,Ankle.R_z,Knee.R_x,Knee.R_y,Knee.R_z,Hip.R_x,Hip.R_y,Hip.R_z,Hip.L_x,Hip.L_y,Hip.L_z,Knee.L_x,Knee.L_y,Knee.L_z,Ankle.L_x,Ankle.L_y,Ankle.L_z,Wrist.R_x,Wrist.R_y,Wrist.R_z,Elbow.R_x,Elbow.R_y,Elbow.R_z,Shoulder.R_x,Shoulder.R_y,Shoulder.R_z,Shoulder.L_x,Shoulder.L_y,Shoulder.L_z,Elbow.L_x,Elbow.L_y,Elbow.L_z,Wrist.L_x,Wrist.L_y,Wrist.L_z,Neck_x,Neck_y,Neck_z,Head_x,Head_y,Head_z,Nose_x,Nose_y,Nose_z,hip.Center_x,hip.Center_y,hip.Center_z
0,-0.16266455,-1.7928321,-0.7091655,0.0073450655,-0.97678995,-0.022000074,-0.0266601,-0.024744028,-0.45203367,0.21134411,-0.024744028,-0.5521058,0.21134411,-0.97678995,-0.30873892,0.14334951,-1.758827,-0.9988046,-0.060664788,0.04325057,-0.51367366,-0.26467907,0.68928313,-0.4159633,-0.060664788,1.3353157,-0.42619258,0.2453488,1.2673059,-0.6418022,0.2453488,0.5872836,-0.7477187,0.4493631,0.04325057,-0.4685459,0.092341766,1.3013108,-0.5210175,0.7383741,1.9133384,-0.6510045,0.41535842,1.6073246,-0.58650696,0.092341766,-0.024744028,-0.5025266
