frame,Ankle.R_x,Ankle.R_y,Ankle.R_z,Knee.R_x,Knee.R_y,Knee.R_z,Hip.R_x,Hip.R_y,Hip.R_z,Hip.L_x,Hip.L_y,Hip.L_z,Knee.L_x,Knee.L_y,Knee.L_z,Ankle.L_x,Ankle.L_y,Ankle.L_z,Wrist.R_x,Wrist.R_y,Wrist.R_z,Elbow.R_x,Elbow.R_y,Elbow.R_z,Shoulder.R_x,Shoulder.R_y,Shoulder.R_z,Shoulder.L_x,Shoulder.L_y,Shoulder.L_z,Elbow.L_x,Elbow.L_y,Elbow.L_z,Wrist.L_x,Wrist.L_y,Wrist.L_z,Neck_x,Neck_y,Neck_z,Head_x,Head_y,Head_z,Nose_x,Nose_y,Nose_z,hip.Center_x,hip.Center_y,hip.Center_z
0,-0.24662668,-1.2750542,-1.186651,-0.31865054,-0.44682056,-0.5948563,-0.13859016,0.021322442,-0.6813952,0.3295371,-0.0507019,-0.3309251,0.22150105,-1.1310208,-0.6770357,0.14949197,-1.959255,-1.192943,-0.39067537,0.09333153,0.028208256,-0.31865054,0.59748644,-0.45779344,-0.10259325,1.2096627,-0.6832999,0.65363187,1.1376382,-0.40861025,0.68964356,0.48944992,-0.22854471,0.6176192,-0.086714074,-0.08320865,0.27551907,1.1736505,-0.5756708,0.2395069,2.037912,-0.6749082,0.25751323,1.6057812,-0.51488656,0.09547394,-0.0146897305,-0.49584836
