frame,Ankle.R_x,Ankle.R_y,Ankle.R_z,Knee.R_x,Knee.R_y,Knee.R_z,Hip.R_x,Hip.R_y,Hip.R_z,Hip.L_x,Hip.L_y,Hip.L_z,Knee.L_x,Knee.L_y,Knee.L_z,Ankle.L_x,Ankle.L_y,Ankle.L_z,Wrist.R_x,Wrist.R_y,Wrist.R_z,Elbow.R_x,Elbow.R_y,Elbow.R_z,Shoulder.R_x,Shoulder.R_y,Shoulder.R_z,Shoulder.L_x,Shoulder.L_y,Shoulder.L_z,Elbow.L_x,Elbow.L_y,Elbow.L_z,Wrist.L_x,Wrist.L_y,Wrist.L_z,Neck_x,Neck_y,Neck_z,Head_x,Head_y,Head_z,Nose_x,Nose_y,Nose_z,hip.Center_x,hip.Center_y,hip.Center_z
0,-0.034321547,-2.128228,-0.53370446,0.07862973,-1.1493081,-0.34570813,0.0033237934,-0.057452306,-0.39438978,0.15392041,0.017854346,-0.5788066,0.7939851,-0.62221086,-0.48266616,0.2668717,-1.4881629,-1.0026035,0.15392041,-0.057452306,-0.5972843,-0.10962796,0.620258,-0.16875577,0.0033237934,1.3732748,-0.27526754,-0.22257972,1.3732748,-0.7587913,-0.22257972,0.620258,-0.9779351,0.22922635,0.05549945,-0.76682615,-0.10962796,1.3732748,-0.47744787,0.7939851,1.8250493,-0.4906717,0.3421781,1.599162,-0.56834394,0.078621626,-0.0197991,-0.506295
