frame,Ankle.R_x,Ankle.R_y,Ankle.R_z,Knee.R_x,Knee.R_y,Knee.R_z,Hip.R_x,Hip.R_y,Hip.R_z,Hip.L_x,Hip.L_y,Hip.L_z,Knee.L_x,Knee.L_y,Knee.L_z,Ankle.L_x,Ankle.L_y,Ankle.L_z,Wrist.R_x,Wrist.R_y,Wrist.R_z,Elbow.R_x,Elbow.R_y,Elbow.R_z,Shoulder.R_x,Shoulder.R_y,Shoulder.R_z,Shoulder.L_x,Shoulder.L_y,Shoulder.L_z,Elbow.L_x,Elbow.L_y,Elbow.L_z,Wrist.L_x,Wrist.L_y,Wrist.L_z,Neck_x,Neck_y,Neck_z,Head_x,Head_y,Head_z,Nose_x,Nose_y,Nose_z,hip.Center_x,hip.Center_y,hip.Center_z
0,0.3408562,-1.8808874,-0.3650651,0.3408562,-0.9686874,-0.4129347,0.30436432,-0.019995347,-0.3917085,-0.13349712,-0.019995347,-0.60975236,-0.13349712,-0.9321953,-1.087431,-0.13349712,-1.8443955,-1.1076932,0.5232879,0.016496524,-1.1606151,0.55977976,0.5273274,-0.816056,0.4138261,1.1476344,-0.41557348,-0.27945077,1.1476344,-0.5487948,-0.3524207,0.4908353,-0.75064164,-0.3524207,0.016496524,-1.1245053,0.06718743,1.1476344,-0.49092722,0.3956014,1.8773886,-0.44627357,0.23139441,1.5125114,-0.6217527,0.0854336,-0.019995347,-0.5001413
