frame,Ankle.R_x,Ankle.R_y,Ankle.R_z,Knee.R_x,Knee.R_y,Knee.R_z,Hip.R_x,Hip.R_y,Hip.R_z,Hip.L_x,Hip.L_y,Hip.L_z,Knee.L_x,Knee.L_y,Knee.L_z,Ankle.L_x,Ankle.L_y,Ankle.L_z,Wrist.R_x,Wrist.R_y,Wrist.R_z,Elbow.R_x,Elbow.R_y,Elbow.R_z,Shoulder.R_x,Shoulder.R_y,Shoulder.R_z,Shoulder.L_x,Shoulder.L_y,Shoulder.L_z,Elbow.L_x,Elbow.L_y,Elbow.L_z,Wrist.L_x,Wrist.L_y,Wrist.L_z,Neck_x,Neck_y,Neck_z,Head_x,Head_y,Head_z,Nose_x,Nose_y,Nose_z,hip.Center_x,hip.Center_y,hip.Center_z
0,0.46137354,-0.88865757,0.07230997,-0.015259542,-1.3255711,-0.09577644,0.024459563,-0.054549478,-0.18264791,0.14361784,0.024870371,-0.808355,1.1763237,0.024870371,-1.1116753,0.46137354,-0.9283767,-0.88592595,0.064179145,-0.13398841,-0.14399439,-0.29329565,0.70010114,-0.109506726,-0.094698705,1.534209,-0.081632376,-0.21385697,1.5739285,-0.7812993,-0.33301523,0.70010114,-0.79108024,0.14361784,0.1043093,-0.45976081,-0.1542776,1.5540688,-0.39587438,0.8387076,2.0704215,-0.3976947,0.34221527,1.812245,-0.45394725,0.084038936,-0.014839435,-0.49992585
