frame,Ankle.R_x,Ankle.R_y,Ankle.R_z,Knee.R_x,Knee.R_y,Knee.R_z,Hip.R_x,Hip.R_y,Hip.R_z,Hip.L_x,Hip.L_y,Hip.L_z,Knee.L_x,Knee.L_y,Knee.L_z,Ankle.L_x,Ankle.L_y,Ankle.L_z,Wrist.R_x,Wrist.R_y,Wrist.R_z,Elbow.R_x,Elbow.R_y,Elbow.R_z,Shoulder.R_x,Shoulder.R_y,Shoulder.R_z,Shoulder.L_x,Shoulder.L_y,Shoulder.L_z,Elbow.L_x,Elbow.L_y,Elbow.L_z,Wrist.L_x,Wrist.L_y,Wrist.L_z,Neck_x,Neck_y,Neck_z,Head_x,Head_y,Head_z,Nose_x,Nose_y,Nose_z,hip.Center_x,hip.Center_y,hip.Center_z
0,0.23318258,-1.9292216,-0.31560522,-0.016157001,-1.014971,-0.5313828,0.10852018,-0.017612472,-0.64678824,0.025396973,-0.017612472,-0.34675425,-0.016157001,-1.0565252,-0.56498927,0.066966206,-2.0954533,-0.2821222,-0.18237337,-0.059166685,-0.57699794,0.10852018,0.5641899,-0.56117815,0.1916286,1.2706549,-0.64222383,0.025396973,1.2291008,-0.490761,0.025396973,0.5641899,-0.35269278,-0.18237337,-0.10072066,-0.24091673,0.10851255,1.2498779,-0.571174,-0.6395062,1.956358,-0.56868553,-0.26549706,1.6031178,-0.6297091,0.06695858,-0.017612472,-0.49869704
