frame,Ankle.R_x,Ankle.R_y,Ankle.R_z,Knee.R_x,Knee.R_y,Knee.R_z,Hip.R_x,Hip.R_y,Hip.R_z,Hip.L_x,Hip.L_y,Hip.L_z,Knee.L_x,Knee.L_y,Knee.L_z,Ankle.L_x,Ankle.L_y,Ankle.L_z,Wrist.R_x,Wrist.R_y,Wrist.R_z,Elbow.R_x,Elbow.R_y,Elbow.R_z,Shoulder.R_x,Shoulder.R_y,Shoulder.R_z,Shoulder.L_x,Shoulder.L_y,Shoulder.L_z,Elbow.L_x,Elbow.L_y,Elbow.L_z,Wrist.L_x,Wrist.L_y,Wrist.L_z,Neck_x,Neck_y,Neck_z,Head_x,Head_y,Head_z,Nose_x,Nose_y,Nose_z,hip.Center_x,hip.Center_y,hip.Center_z
0,0.14089754,-1.6844001,-0.3667866,0.7571771,-0.82161164,-0.1966247,0.09981516,-0.041003257,-0.26432553,0.058733255,7.865019e-05,-0.73923,0.09981516,-1.0270381,-0.82201445,0.017650872,-2.0130734,-0.8072616,0.22307757,0.082243174,-0.45304558,-0.14669344,0.6574247,-0.33528596,-0.02343151,1.3558688,-0.32240757,0.058733255,1.3558688,-0.7774798,0.017650872,0.6163428,-0.8591827,0.30524138,0.24658749,-0.50557375,0.017650872,1.3558688,-0.5569767,0.7571609,1.7667221,-0.55146885,0.38740614,1.5612955,-0.44924,0.07927397,-0.020462302,-0.50159746
