frame,Ankle.R_x,Ankle.R_y,Ankle.R_z,Knee.R_x,Knee.R_y,Knee.R_z,Hip.R_x,Hip.R_y,Hip.R_z,Hip.L_x,Hip.L_y,Hip.L_z,Knee.L_x,Knee.L_y,Knee.L_z,Ankle.L_x,Ankle.L_y,Ankle.L_z,Wrist.R_x,Wrist.R_y,Wrist.R_z,Elbow.R_x,Elbow.R_y,Elbow.R_z,Shoulder.R_x,Shoulder.R_y,Shoulder.R_z,Shoulder.L_x,Shoulder.L_y,Shoulder.L_z,Elbow.L_x,Elbow.L_y,Elbow.L_z,Wrist.L_x,Wrist.L_y,Wrist.L_z,Neck_x,Neck_y,Neck_z,Head_x,Head_y,Head_z,Nose_x,Nose_y,Nose_z,hip.Center_x,hip.Center_y,hip.Center_z
0,0.014382463,-1.861158,-0.02115941,-0.067401305,-1.0024124,-0.26773405,0.014382463,-0.020961836,-0.6764932,0.096166715,-0.020961836,-0.3165728,0.055274587,-1.0024124,-0.58303875,0.17795049,-1.9838487,-0.5543562,-0.2309841,0.01993005,-0.5595824,0.014382463,0.59243196,-0.5385308,0.096166715,1.2467176,-0.66524684,0.13705836,1.2467176,-0.4912784,0.014382463,0.59243196,-0.3202338,-0.35365954,0.060821936,-0.106847435,0.11661254,1.2467176,-0.59871125,-0.5785798,1.9828018,-0.65705216,-0.2309841,1.6147596,-0.659115,0.055274587,-0.020961836,-0.49842197
