frame,Ankle.R_x,Ankle.R_y,Ankle.R_z,Knee.R_x,Knee.R_y,Knee.R_z,Hip.R_x,Hip.R_y,Hip.R_z,Hip.L_x,Hip.L_y,Hip.L_z,Knee.L_x,Knee.L_y,Knee.L_z,Ankle.L_x,Ankle.L_y,Ankle.L_z,Wrist.R_x,Wrist.R_y,Wrist.R_z,Elbow.R_x,Elbow.R_y,Elbow.R_z,Shoulder.R_x,Shoulder.R_y,Shoulder.R_z,Shoulder.L_x,Shoulder.L_y,Shoulder.L_z,Elbow.L_x,Elbow.L_y,Elbow.L_z,Wrist.L_x,Wrist.L_y,Wrist.L_z,Neck_x,Neck_y,Neck_z,Head_x,Head_y,Head_z,Nose_x,Nose_y,Nose_z,hip.Center_x,hip.Center_y,hip.Center_z
0,-0.0023407638,-1.6267887,-1.1901096,-0.18819806,-0.88335955,-0.6130273,-0.11384675,-0.028409867,-0.6776077,0.25786784,-0.028409867,-0.33076274,0.25786784,-0.9205278,-0.42222506,0.25786784,-1.812646,-0.70628333,-0.37405583,0.15744719,0.10277164,-0.29971835,0.6406821,-0.29744655,-0.18819806,1.198254,-0.5159734,0.48089412,1.2354227,-0.4885825,0.5552311,0.56634486,-0.3196172,0.48089412,0.008772941,-0.20183185,0.14634803,1.2168384,-0.5413457,0.07201055,1.923099,-0.6905385,0.10917905,1.5699687,-0.63956517,0.07201055,-0.028409867,-0.49657917
