frame,Ankle.R_x,Ankle.R_y,Ankle.R_z,Knee.R_x,Knee.R_y,Knee.R_z,Hip.R_x,Hip.R_y,Hip.R_z,Hip.L_x,Hip.L_y,Hip.L_z,Knee.L_x,Knee.L_y,Knee.L_z,Ankle.L_x,Ankle.L_y,Ankle.L_z,Wrist.R_x,Wrist.R_y,Wrist.R_z,Elbow.R_x,Elbow.R_y,Elbow.R_z,Shoulder.R_x,Shoulder.R_y,Shoulder.R_z,Shoulder.L_x,Shoulder.L_y,Shoulder.L_z,Elbow.L_x,Elbow.L_y,Elbow.L_z,Wrist.L_x,Wrist.L_y,Wrist.L_z,Neck_x,Neck_y,Neck_z,Head_x,Head_y,Head_z,Nose_x,Nose_y,Nose_z,hip.Center_x,hip.Center_y,hip.Center_z
0,-0.08074129,-1.7051557,-1.5580547,-0.15296495,-0.91074955,-0.80887705,-0.15296495,-0.008021496,-0.47435248,0.28034985,-0.044133328,-0.52583885,0.28034985,-0.9468614,-0.7555342,0.28034985,-1.7412676,-1.3901114,-0.3696226,0.10030041,0.017953098,-0.33351028,0.60582554,-0.3697051,-0.22518909,1.1474621,-0.43405822,0.49699366,1.1474621,-0.65887505,0.5692173,0.5697135,-0.38627815,0.60532916,0.028076746,-0.16392264,0.13590252,1.1474621,-0.61065567,0.20812619,1.9418684,-0.74551773,0.17201436,1.5446652,-0.6349062,0.06369221,-0.026077412,-0.4968268
