frame,Ankle.R_x,Ankle.R_y,Ankle.R_z,Knee.R_x,Knee.R_y,Knee.R_z,Hip.R_x,Hip.R_y,Hip.R_z,Hip.L_x,Hip.L_y,Hip.L_z,Knee.L_x,Knee.L_y,Knee.L_z,Ankle.L_x,Ankle.L_y,Ankle.L_z,Wrist.R_x,Wrist.R_y,Wrist.R_z,Elbow.R_x,Elbow.R_y,Elbow.R_z,Shoulder.R_x,Shoulder.R_y,Shoulder.R_z,Shoulder.L_x,Shoulder.L_y,Shoulder.L_z,Elbow.L_x,Elbow.L_y,Elbow.L_z,Wrist.L_x,Wrist.L_y,Wrist.L_z,Neck_x,Neck_y,Neck_z,Head_x,Head_y,Head_z,Nose_x,Nose_y,Nose_z,hip.Center_x,hip.Center_y,hip.Center_z
0,-0.0040250868,-1.7375718,-0.37651217,0.114157096,-1.1805049,0.0090043545,0.080395594,-0.032575756,-0.43043417,0.080395594,0.0011859853,-0.56941557,0.114157096,-1.1467434,-0.54843885,-0.0040250868,-1.7375718,-0.73213094,0.24920405,-0.032575756,-0.48288423,-0.054667577,0.6426736,-0.45249102,0.046617404,1.3516847,-0.4673587,-0.054667577,1.3516847,-0.593503,-0.020905599,0.67643535,-0.88159823,0.24920405,0.068708986,-0.74290687,-0.0040250868,1.3516847,-0.46321464,0.77252614,1.891904,-0.542585,0.38425052,1.6217943,-0.52902305,0.080395594,-0.015695004,-0.50314075
