frame,Ankle.R_x,Ankle.R_y,Ankle.R_z,Knee.R_x,Knee.R_y,Knee.R_z,Hip.R_x,Hip.R_y,Hip.R_z,Hip.L_x,Hip.L_y,Hip.L_z,Knee.L_x,Knee.L_y,Knee.L_z,Ankle.L_x,Ankle.L_y,Ankle.L_z,Wrist.R_x,Wrist.R_y,Wrist.R_z,Elbow.R_x,Elbow.R_y,Elbow.R_z,Shoulder.R_x,Shoulder.R_y,Shoulder.R_z,Shoulder.L_x,Shoulder.L_y,Shoulder.L_z,Elbow.L_x,Elbow.L_y,Elbow.L_z,Wrist.L_x,Wrist.L_y,Wrist.L_z,Neck_x,Neck_y,Neck_z,Head_x,Head_y,Head_z,Nose_x,Nose_y,Nose_z,hip.Center_x,hip.Center_y,hip.Center_z
0,0.1504162,-2.105185,-0.31807575,0.26345998,-1.0878541,-0.6667702,0.33881694,-0.03285264,-0.5139992,-0.15101308,0.0048337104,-0.49365598,-0.41475505,-0.29659534,-1.2473667,-0.26404065,-0.8241117,-1.206762,0.67793256,-0.03285264,-1.2484086,0.7156032,0.57002115,-0.951872,0.52721816,1.2482362,-0.5075693,-0.26404065,1.2482362,-0.53244853,-0.37708443,0.57002115,-0.74657315,-0.45244187,0.0048337104,-1.1002011,0.13158876,1.2482362,-0.59251225,-0.28289956,1.9264672,-0.5228577,-0.07565563,1.5873517,-0.8017684,0.09390242,-0.014009464,-0.4977437
