frame,Ankle.R_x,Ankle.R_y,Ankle.R_z,Knee.R_x,Knee.R_y,Knee.R_z,Hip.R_x,Hip.R_y,Hip.R_z,Hip.L_x,Hip.L_y,Hip.L_z,Knee.L_x,Knee.L_y,Knee.L_z,Ankle.L_x,Ankle.L_y,Ankle.L_z,Wrist.R_x,Wrist.R_y,Wrist.R_z,Elbow.R_x,Elbow.R_y,Elbow.R_z,Shoulder.R_x,Shoulder.R_y,Shoulder.R_z,Shoulder.L_x,Shoulder.L_y,Shoulder.L_z,Elbow.L_x,Elbow.L_y,Elbow.L_z,Wrist.L_x,Wrist.L_y,Wrist.L_z,Neck_x,Neck_y,Neck_z,Head_x,Head_y,Head_z,Nose_x,Nose_y,Nose_z,hip.Center_x,hip.Center_y,hip.Center_z
0,0.0034940466,-1.7256602,-1.2337234,-0.0729358,-0.9231819,-0.507309,-0.1493518,-0.044259675,-0.34490272,0.2709916,-0.0060519073,-0.6547949,0.38562945,-0.9231819,-0.863464,0.34742144,-1.7256602,-1.4446735,-0.45507118,-0.0060519073,-0.30282283,-0.45507118,0.5671512,-0.45109582,-0.34043333,1.140354,-0.2970788,0.34742144,1.178576,-0.66638434,0.4620593,0.5671512,-0.284642,0.50026727,0.07037794,0.025170684,0.0034940466,1.159465,-0.51988935,0.07993772,1.9619576,-0.58646965,0.041715883,1.5607113,-0.54449147,0.060819887,-0.025155911,-0.49975273
