frame,Ankle.R_x,Ankle.R_y,Ankle.R_z,Knee.R_x,Knee.R_y,Knee.R_z,Hip.R_x,Hip.R_y,Hip.R_z,Hip.L_x,Hip.L_y,Hip.L_z,Knee.L_x,Knee.L_y,Knee.L_z,Ankle.L_x,Ankle.L_y,Ankle.L_z,Wrist.R_x,Wrist.R_y,Wrist.R_z,Elbow.R_x,Elbow.R_y,Elbow.R_z,Shoulder.R_x,Shoulder.R_y,Shoulder.R_z,Shoulder.L_x,Shoulder.L_y,Shoulder.L_z,Elbow.L_x,Elbow.L_y,Elbow.L_z,Wrist.L_x,Wrist.L_y,Wrist.L_z,Neck_x,Neck_y,Neck_z,Head_x,Head_y,Head_z,Nose_x,Nose_y,Nose_z,hip.Center_x,hip.Center_y,hip.Center_z
0,-0.009540707,-1.7828258,-1.4361604,-0.12199798,-0.9581824,-0.7655785,-0.15948358,-0.021081291,-0.45548883,0.2903312,-0.021081291,-0.53882027,0.3278173,-0.9581824,-0.8459492,0.3653029,-1.7828258,-1.430073,-0.42186943,-0.021081291,-0.08894369,-0.38438335,0.5037047,-0.43033347,-0.30941215,1.1034482,-0.43051973,0.40277466,1.140934,-0.6192868,0.5152315,0.5786621,-0.28037518,0.5152315,0.016404308,-0.021356463,0.046681255,1.1221911,-0.5737164,0.009209484,1.9843065,-0.72228104,0.02794537,1.5532488,-0.60754657,0.06542429,-0.021081291,-0.49811032
