frame,Ankle.R_x,Ankle.R_y,Ankle.R_z,Knee.R_x,Knee.R_y,Knee.R_z,Hip.R_x,Hip.R_y,Hip.R_z,Hip.L_x,Hip.L_y,Hip.L_z,Knee.L_x,Knee.L_y,Knee.L_z,Ankle.L_x,Ankle.L_y,Ankle.L_z,Wrist.R_x,Wrist.R_y,Wrist.R_z,Elbow.R_x,Elbow.R_y,Elbow.R_z,Shoulder.R_x,Shoulder.R_y,Shoulder.R_z,Shoulder.L_x,Shoulder.L_y,Shoulder.L_z,Elbow.L_x,Elbow.L_y,Elbow.L_z,Wrist.L_x,Wrist.L_y,Wrist.L_z,Neck_x,Neck_y,Neck_z,Head_x,Head_y,Head_z,Nose_x,Nose_y,Nose_z,hip.Center_x,hip.Center_y,hip.Center_z
0,0.5769993,-1.0304284,-0.44139937,1.3136469,0.033598848,-0.4111815,0.085919954,-0.007316165,-0.12940806,0.085919954,-0.007316165,-0.8944156,0.004070379,-1.2759781,-1.0189956,0.822549,-1.194128,-1.1061358,0.085919954,0.07453341,-0.22675872,-0.3642439,0.72931236,-0.06882912,-0.11871376,1.4659407,-0.32716423,0.044985868,1.4659407,-1.2401991,-0.15962926,0.60654706,-0.75004166,0.24962005,0.11544866,-0.62645924,-0.036864184,1.4659407,-0.8835937,0.863464,2.0389085,-0.8270035,0.41330013,1.7524246,-0.55693376,0.085919954,-0.007316165,-0.49875766
