frame,Ankle.R_x,Ankle.R_y,Ankle.R_z,Knee.R_x,Knee.R_y,Knee.R_z,Hip.R_x,Hip.R_y,Hip.R_z,Hip.L_x,Hip.L_y,Hip.L_z,Knee.L_x,Knee.L_y,Knee.L_z,Ankle.L_x,Ankle.L_y,Ankle.L_z,Wrist.R_x,Wrist.R_y,Wrist.R_z,Elbow.R_x,Elbow.R_y,Elbow.R_z,Shoulder.R_x,Shoulder.R_y,Shoulder.R_z,Shoulder.L_x,Shoulder.L_y,Shoulder.L_z,Elbow.L_x,Elbow.L_y,Elbow.L_z,Wrist.L_x,Wrist.L_y,Wrist.L_z,Neck_x,Neck_y,Neck_z,Head_x,Head_y,Head_z,Nose_x,Nose_y,Nose_z,hip.Center_x,hip.Center_y,hip.Center_z
0,0.2486811,-1.8853245,-0.36110407,0.31598762,-0.9765763,-0.43155605,0.31598762,-0.034175374,-0.36761355,-0.12155959,-0.00052211434,-0.6338147,-0.15521285,-0.94292307,-1.0844665,-0.22251937,-1.8516712,-1.114486,0.6189084,-0.00052211434,-1.2105166,0.6525612,0.4706786,-0.8207408,0.5515876,1.110173,-0.4370138,-0.18886611,1.1438261,-0.6004681,-0.2898397,0.50434566,-0.8021172,-0.32349297,-0.00052211434,-1.1862047,0.18136123,1.1269996,-0.5238179,0.5179486,1.8338003,-0.4854288,0.3496547,1.4804,-0.63795364,0.097213775,-0.017348744,-0.5007163
