frame,Ankle.R_x,Ankle.R_y,Ankle.R_z,Knee.R_x,Knee.R_y,Knee.R_z,Hip.R_x,Hip.R_y,Hip.R_z,Hip.L_x,Hip.L_y,Hip.L_z,Knee.L_x,Knee.L_y,Knee.L_z,Ankle.L_x,Ankle.L_y,Ankle.L_z,Wrist.R_x,Wrist.R_y,Wrist.R_z,Elbow.R_x,Elbow.R_y,Elbow.R_z,Shoulder.R_x,Shoulder.R_y,Shoulder.R_z,Shoulder.L_x,Shoulder.L_y,Shoulder.L_z,Elbow.L_x,Elbow.L_y,Elbow.L_z,Wrist.L_x,Wrist.L_y,Wrist.L_z,Neck_x,Neck_y,Neck_z,Head_x,Head_y,Head_z,Nose_x,Nose_y,Nose_z,hip.Center_x,hip.Center_y,hip.Center_z
0,-0.11776886,-1.6882428,-0.4283344,0.00014200062,-1.1660136,0.073652565,0.033834837,-0.020491777,-0.43678254,0.13491479,-0.020491777,-0.5658862,0.26968756,-1.0986274,-0.4165676,0.21914807,-1.6882428,-0.8948018,0.23599425,0.013201537,-0.63698846,-0.10092173,0.6533409,-0.37426335,0.033834837,1.3608831,-0.42280328,0.00014200062,1.3945762,-0.600943,-0.06722889,0.6196638,-0.84313333,0.20230094,0.114281,-0.6548618,0.01698818,1.3777297,-0.45663652,0.791901,1.8830963,-0.5621718,0.4044446,1.630413,-0.52424157,0.08437481,-0.020491777,-0.5028436
