frame,Ankle.R_x,Ankle.R_y,Ankle.R_z,Knee.R_x,Knee.R_y,Knee.R_z,Hip.R_x,Hip.R_y,Hip.R_z,Hip.L_x,Hip.L_y,Hip.L_z,Knee.L_x,Knee.L_y,Knee.L_z,Ankle.L_x,Ankle.L_y,Ankle.L_z,Wrist.R_x,Wrist.R_y,Wrist.R_z,Elbow.R_x,Elbow.R_y,Elbow.R_z,Shoulder.R_x,Shoulder.R_y,Shoulder.R_z,Shoulder.L_x,Shoulder.L_y,Shoulder.L_z,Elbow.L_x,Elbow.L_y,Elbow.L_z,Wrist.L_x,Wrist.L_y,Wrist.L_z,Neck_x,Neck_y,Neck_z,Head_x,Head_y,Head_z,Nose_x,Nose_y,Nose_z,hip.Center_x,hip.Center_y,hip.Center_z
0,-0.31145513,-1.6392672,-1.5191267,-0.24044311,-0.85805154,-0.6980789,-0.13391149,-0.0058097895,-0.49692002,0.32772267,-0.041315563,-0.5058911,0.22119057,-0.9645834,-0.82998264,0.15017855,-1.7813051,-1.5222853,-0.34696138,0.100722544,-0.0045208037,-0.31145513,0.59786224,-0.37195122,-0.16941726,1.1660284,-0.46346664,0.54078686,1.1305225,-0.6112118,0.6118132,0.56235623,-0.38262454,0.57629263,-0.0058097895,-0.20353848,0.1856848,1.1482754,-0.59983945,0.25669682,1.9649972,-0.7126057,0.22119057,1.5566362,-0.6139878,0.096905835,-0.023562675,-0.49742612
