frame,Ankle.R_x,Ankle.R_y,Ankle.R_z,Knee.R_x,Knee.R_y,Knee.R_z,Hip.R_x,Hip.R_y,Hip.R_z,Hip.L_x,Hip.L_y,Hip.L_z,Knee.L_x,Knee.L_y,Knee.L_z,Ankle.L_x,Ankle.L_y,Ankle.L_z,Wrist.R_x,Wrist.R_y,Wrist.R_z,Elbow.R_x,Elbow.R_y,Elbow.R_z,Shoulder.R_x,Shoulder.R_y,Shoulder.R_z,Shoulder.L_x,Shoulder.L_y,Shoulder.L_z,Elbow.L_x,Elbow.L_y,Elbow.L_z,Wrist.L_x,Wrist.L_y,Wrist.L_z,Neck_x,Neck_y,Neck_z,Head_x,Head_y,Head_z,Nose_x,Nose_y,Nose_z,hip.Center_x,hip.Center_y,hip.Center_z
0,0.14665073,-1.8717154,-0.3938512,0.2158584,-0.93730015,-0.46104455,0.2504763,-0.0375027,-0.3494047,-0.095603995,-0.0028988626,-0.6598938,0.008222051,-0.9026963,-1.1403116,-0.02639585,-1.7678899,-0.9021017,0.73498577,-0.0375027,-1.0492163,0.52733463,0.5162285,-0.6221112,0.42350954,1.173771,-0.4078463,-0.1302076,1.173771,-0.6747625,-0.2686506,0.58543617,-0.8943901,-0.1994291,0.17014821,-1.2072892,0.14665073,1.173771,-0.5474414,0.769576,1.8659315,-0.5331075,0.45811313,1.5198513,-0.5775228,0.077436395,-0.020200899,-0.49994132
