frame,Ankle.R_x,Ankle.R_y,Ankle.R_z,Knee.R_x,Knee.R_y,Knee.R_z,Hip.R_x,Hip.R_y,Hip.R_z,Hip.L_x,Hip.L_y,Hip.L_z,Knee.L_x,Knee.L_y,Knee.L_z,Ankle.L_x,Ankle.L_y,Ankle.L_z,Wrist.R_x,Wrist.R_y,Wrist.R_z,Elbow.R_x,Elbow.R_y,Elbow.R_z,Shoulder.R_x,Shoulder.R_y,Shoulder.R_z,Shoulder.L_x,Shoulder.L_y,Shoulder.L_z,Elbow.L_x,Elbow.L_y,Elbow.L_z,Wrist.L_x,Wrist.L_y,Wrist.L_z,Neck_x,Neck_y,Neck_z,Head_x,Head_y,Head_z,Nose_x,Nose_y,Nose_z,hip.Center_x,hip.Center_y,hip.Center_z
0,0.33170795,-2.0668244,0.33639562,0.20068121,-1.0622758,-0.047715962,0.02598954,-0.014078498,-0.62062943,0.11333562,-0.014078498,-0.36659998,-0.017691128,-1.1059569,-0.5897145,0.15701628,-2.1541705,-0.83670294,-0.10503673,-0.014078498,-0.34468907,0.06965447,0.5537094,-0.4971282,0.06965447,1.2525237,-0.6737193,0.20068121,1.2961885,-0.5598943,0.28804302,0.59739006,-0.37824884,0.11333562,-0.05774319,-0.30991957,0.13516808,1.274356,-0.6292393,-0.6072955,1.8421277,-0.65999055,-0.23606396,1.5582418,-0.63292944,0.06966258,-0.014078498,-0.49876305
