frame,Ankle.R_x,Ankle.R_y,Ankle.R_z,Knee.R_x,Knee.R_y,Knee.R_z,Hip.R_x,Hip.R_y,Hip.R_z,Hip.L_x,Hip.L_y,Hip.L_z,Knee.L_x,Knee.L_y,Knee.L_z,Ankle.L_x,Ankle.L_y,Ankle.L_z,Wrist.R_x,Wrist.R_y,Wrist.R_z,Elbow.R_x,Elbow.R_y,Elbow.R_z,Shoulder.R_x,Shoulder.R_y,Shoulder.R_z,Shoulder.L_x,Shoulder.L_y,Shoulder.L_z,Elbow.L_x,Elbow.L_y,Elbow.L_z,Wrist.L_x,Wrist.L_y,Wrist.L_z,Neck_x,Neck_y,Neck_z,Head_x,Head_y,Head_z,Nose_x,Nose_y,Nose_z,hip.Center_x,hip.Center_y,hip.Center_z
0,-0.28203952,-1.4595829,-1.4301411,-0.35710847,-0.596146,-0.73798966,-0.1318711,0.042053808,-0.6988436,0.31861794,-0.07057227,-0.31284446,0.24353373,-1.0466353,-0.6761179,0.16845,-1.9476138,-1.3105812,-0.39465034,0.004511703,0.039193213,-0.28203952,0.5300852,-0.41236952,-0.1318711,1.1682698,-0.5364233,0.61893904,1.1307278,-0.3638683,0.69402325,0.49254334,-0.23801818,0.61893904,-0.10811438,-0.14444873,0.24353373,1.1494987,-0.49292335,0.24353373,2.0129354,-0.6235888,0.24353373,1.5812172,-0.4959631,0.09337341,-0.01425923,-0.49492997
