frame,Ankle.R_x,Ankle.R_y,Ankle.R_z,Knee.R_x,Knee.R_y,Knee.R_z,Hip.R_x,Hip.R_y,Hip.R_z,Hip.L_x,Hip.L_y,Hip.L_z,Knee.L_x,Knee.L_y,Knee.L_z,Ankle.L_x,Ankle.L_y,Ankle.L_z,Wrist.R_x,Wrist.R_y,Wrist.R_z,Elbow.R_x,Elbow.R_y,Elbow.R_z,Shoulder.R_x,Shoulder.R_y,Shoulder.R_z,Shoulder.L_x,Shoulder.L_y,Shoulder.L_z,Elbow.L_x,Elbow.L_y,Elbow.L_z,Wrist.L_x,Wrist.L_y,Wrist.L_z,Neck_x,Neck_y,Neck_z,Head_x,Head_y,Head_z,Nose_x,Nose_y,Nose_z,hip.Center_x,hip.Center_y,hip.Center_z
0,0.30964437,-2.0583923,0.24224699,0.08974711,-1.0908738,-0.09204769,0.0018011704,0.008579832,-0.6350276,0.13372007,-0.03540911,-0.35324845,0.08974711,-1.0908738,-0.6422149,0.2216827,-2.1463544,-1.0127015,-0.13013396,0.008579832,-0.35235995,0.04577414,0.5363201,-0.50650704,0.08974711,1.2399683,-0.6466551,0.2216827,1.2399683,-0.59565794,0.26565567,0.58029306,-0.3329667,0.04577414,-0.079382315,-0.24023402,0.15571466,1.2399683,-0.632671,-0.50396043,1.9436008,-0.7715516,-0.17412314,1.5917845,-0.7175143,0.067760624,-0.013414521,-0.49944082
