frame,Ankle.R_x,Ankle.R_y,Ankle.R_z,Knee.R_x,Knee.R_y,Knee.R_z,Hip.R_x,Hip.R_y,Hip.R_z,Hip.L_x,Hip.L_y,Hip.L_z,Knee.L_x,Knee.L_y,Knee.L_z,Ankle.L_x,Ankle.L_y,Ankle.L_z,Wrist.R_x,Wrist.R_y,Wrist.R_z,Elbow.R_x,Elbow.R_y,Elbow.R_z,Shoulder.R_x,Shoulder.R_y,Shoulder.R_z,Shoulder.L_x,Shoulder.L_y,Shoulder.L_z,Elbow.L_x,Elbow.L_y,Elbow.L_z,Wrist.L_x,Wrist.L_y,Wrist.L_z,Neck_x,Neck_y,Neck_z,Head_x,Head_y,Head_z,Nose_x,Nose_y,Nose_z,hip.Center_x,hip.Center_y,hip.Center_z
0,0.40238854,-1.8636924,-0.7252105,0.36626622,-0.9243091,-0.6454823,0.29400727,-0.021062674,-0.3560426,-0.13956216,-0.021062674,-0.6443128,-0.10342554,-0.96044594,-1.1319163,-0.06730274,-1.8636924,-0.94032806,0.5107841,0.05121082,-1.1433198,0.5469069,0.5570249,-0.7747116,0.40238854,1.1712348,-0.389187,-0.32021716,1.1351124,-0.5963892,-0.3924766,0.48476595,-0.7820363,-0.35633996,-0.021062674,-1.1263802,0.041085683,1.1531736,-0.4948194,0.40241,1.8396426,-0.4254021,0.22174785,1.4964081,-0.5862168,0.07722231,-0.021062674,-0.4996199
