frame,Ankle.R_x,Ankle.R_y,Ankle.R_z,Knee.R_x,Knee.R_y,Knee.R_z,Hip.R_x,Hip.R_y,Hip.R_z,Hip.L_x,Hip.L_y,Hip.L_z,Knee.L_x,Knee.L_y,Knee.L_z,Ankle.L_x,Ankle.L_y,Ankle.L_z,Wrist.R_x,Wrist.R_y,Wrist.R_z,Elbow.R_x,Elbow.R_y,Elbow.R_z,Shoulder.R_x,Shoulder.R_y,Shoulder.R_z,Shoulder.L_x,Shoulder.L_y,Shoulder.L_z,Elbow.L_x,Elbow.L_y,Elbow.L_z,Wrist.L_x,Wrist.L_y,Wrist.L_z,Neck_x,Neck_y,Neck_z,Head_x,Head_y,Head_z,Nose_x,Nose_y,Nose_z,hip.Center_x,hip.Center_y,hip.Center_z
0,-0.097575605,-1.88653,0.17824554,0.14206749,-0.99644417,0.071425915,0.10782391,-0.037871756,-0.4583882,0.07359606,-0.003643671,-0.54463315,0.14206749,-0.9622008,-0.6058362,0.039352477,-1.8180581,-0.97968453,0.4159389,0.09905609,-0.5897334,0.07359606,0.6468139,-0.3705102,0.10782391,1.2972717,-0.4813371,-0.06334728,1.2630284,-0.56029755,0.07359606,0.61258584,-0.83222574,0.48441082,0.16752775,-0.57245827,0.022238314,1.28015,-0.52325916,0.7411528,1.9305927,-0.68971807,0.3816958,1.6053714,-0.6151173,0.090709746,-0.020757833,-0.50232065
