frame,Ankle.R_x,Ankle.R_y,Ankle.R_z,Knee.R_x,Knee.R_y,Knee.R_z,Hip.R_x,Hip.R_y,Hip.R_z,Hip.L_x,Hip.L_y,Hip.L_z,Knee.L_x,Knee.L_y,Knee.L_z,Ankle.L_x,Ankle.L_y,Ankle.L_z,Wrist.R_x,Wrist.R_y,Wrist.R_z,Elbow.R_x,Elbow.R_y,Elbow.R_z,Shoulder.R_x,Shoulder.R_y,Shoulder.R_z,Shoulder.L_x,Shoulder.L_y,Shoulder.L_z,Elbow.L_x,Elbow.L_y,Elbow.L_z,Wrist.L_x,Wrist.L_y,Wrist.L_z,Neck_x,Neck_y,Neck_z,Head_x,Head_y,Head_z,Nose_x,Nose_y,Nose_z,hip.Center_x,hip.Center_y,hip.Center_z
0,0.007047929,-1.7292941,-1.1083008,-0.105284415,-0.90550274,-0.40625107,-0.14273712,-0.044272125,-0.36940107,0.2691653,-0.0068187118,-0.6308913,0.418937,-0.90550274,-0.7833961,0.3440583,-1.7292941,-1.353843,-0.44229385,0.030620396,-0.2710363,-0.44229385,0.5922945,-0.45692334,-0.32996246,1.1539686,-0.30310863,0.38149765,1.1539686,-0.6563737,0.4563897,0.5922945,-0.24549869,0.49382904,0.06805974,0.00068569183,0.025767602,1.1539686,-0.5219736,0.06320695,1.9777458,-0.6063947,0.044487275,1.5658572,-0.543241,0.063213624,-0.025545299,-0.49967083
