frame,Ankle.R_x,Ankle.R_y,Ankle.R_z,Knee.R_x,Knee.R_y,Knee.R_z,Hip.R_x,Hip.R_y,Hip.R_z,Hip.L_x,Hip.L_y,Hip.L_z,Knee.L_x,Knee.L_y,Knee.L_z,Ankle.L_x,Ankle.L_y,Ankle.L_z,Wrist.R_x,Wrist.R_y,Wrist.R_z,Elbow.R_x,Elbow.R_y,Elbow.R_z,Shoulder.R_x,Shoulder.R_y,Shoulder.R_z,Shoulder.L_x,Shoulder.L_y,Shoulder.L_z,Elbow.L_x,Elbow.L_y,Elbow.L_z,Wrist.L_x,Wrist.L_y,Wrist.L_z,Neck_x,Neck_y,Neck_z,Head_x,Head_y,Head_z,Nose_x,Nose_y,Nose_z,hip.Center_x,hip.Center_y,hip.Center_z
0,-0.23588061,-1.7055746,-1.2849452,-0.19980025,-0.91194594,-0.5091208,-0.12765336,-0.010090444,-0.4401879,0.30522704,-0.046170805,-0.56765544,0.2691605,-0.9480263,-0.6794356,0.1970141,-1.7055746,-1.4310486,-0.3080275,0.06205645,-0.04188776,-0.27194715,0.60316384,-0.35475937,-0.16373372,1.1803381,-0.4104705,0.5577476,1.1442717,-0.6781585,0.59382796,0.5670837,-0.35659313,0.5577476,0.025976088,-0.16151637,0.19700694,1.162305,-0.61265314,0.19702077,1.9919997,-0.74506485,0.1970141,1.5771524,-0.6372757,0.08878685,-0.028130624,-0.49762696
