frame,Ankle.R_x,Ankle.R_y,Ankle.R_z,Knee.R_x,Knee.R_y,Knee.R_z,Hip.R_x,Hip.R_y,Hip.R_z,Hip.L_x,Hip.L_y,Hip.L_z,Knee.L_x,Knee.L_y,Knee.L_z,Ankle.L_x,Ankle.L_y,Ankle.L_z,Wrist.R_x,Wrist.R_y,Wrist.R_z,Elbow.R_x,Elbow.R_y,Elbow.R_z,Shoulder.R_x,Shoulder.R_y,Shoulder.R_z,Shoulder.L_x,Shoulder.L_y,Shoulder.L_z,Elbow.L_x,Elbow.L_y,Elbow.L_z,Wrist.L_x,Wrist.L_y,Wrist.L_z,Neck_x,Neck_y,Neck_z,Head_x,Head_y,Head_z,Nose_x,Nose_y,Nose_z,hip.Center_x,hip.Center_y,hip.Center_z
0,0.2036937,-2.113212,-0.20948923,0.27861577,-1.0641912,-0.55304295,0.35355407,-0.05265507,-0.46460256,-0.1709644,0.022283226,-0.5422473,-0.3208248,-0.16504607,-1.1162243,-0.24588649,-0.6895486,-1.5165948,0.72819644,-0.015186162,-1.1954217,0.72819644,0.5842546,-0.93763727,0.57833606,1.2586175,-0.36419907,-0.24588649,1.2586175,-0.5947615,-0.35827798,0.5467857,-0.7870021,-0.47068518,0.022283226,-1.1157185,0.16622432,1.2586175,-0.5560241,0.46594507,2.0079024,-0.6370311,0.31608516,1.6332599,-0.802191,0.0912946,-0.015186162,-0.49623707
