frame,Ankle.R_x,Ankle.R_y,Ankle.R_z,Knee.R_x,Knee.R_y,Knee.R_z,Hip.R_x,Hip.R_y,Hip.R_z,Hip.L_x,Hip.L_y,Hip.L_z,Knee.L_x,Knee.L_y,Knee.L_z,Ankle.L_x,Ankle.L_y,Ankle.L_z,Wrist.R_x,Wrist.R_y,Wrist.R_z,Elbow.R_x,Elbow.R_y,Elbow.R_z,Shoulder.R_x,Shoulder.R_y,Shoulder.R_z,Shoulder.L_x,Shoulder.L_y,Shoulder.L_z,Elbow.L_x,Elbow.L_y,Elbow.L_z,Wrist.L_x,Wrist.L_y,Wrist.L_z,Neck_x,Neck_y,Neck_z,Head_x,Head_y,Head_z,Nose_x,Nose_y,Nose_z,hip.Center_x,hip.Center_y,hip.Center_z
0,0.32977983,-1.8838478,-0.5780612,0.32977983,-0.9320899,-0.604496,0.29316828,-0.016928328,-0.3478684,-0.14610699,-0.016928328,-0.65194607,-0.10949544,-0.9320899,-1.202163,-0.03628806,-1.8838478,-1.0757797,0.5494172,0.056279287,-1.1992726,0.5494172,0.53216565,-0.8018353,0.4029872,1.1544672,-0.395902,-0.29252222,1.1178563,-0.6064325,-0.40234116,0.49555457,-0.79818535,-0.40234116,-0.016928328,-1.1284301,0.055232726,1.1361618,-0.5088002,0.45791122,1.8316855,-0.47208846,0.25657198,1.4839237,-0.6233516,0.073530875,-0.016928328,-0.50016713
