frame,Ankle.R_x,Ankle.R_y,Ankle.R_z,Knee.R_x,Knee.R_y,Knee.R_z,Hip.R_x,Hip.R_y,Hip.R_z,Hip.L_x,Hip.L_y,Hip.L_z,Knee.L_x,Knee.L_y,Knee.L_z,Ankle.L_x,Ankle.L_y,Ankle.L_z,Wrist.R_x,Wrist.R_y,Wrist.R_z,Elbow.R_x,Elbow.R_y,Elbow.R_z,Shoulder.R_x,Shoulder.R_y,Shoulder.R_z,Shoulder.L_x,Shoulder.L_y,Shoulder.L_z,Elbow.L_x,Elbow.L_y,Elbow.L_z,Wrist.L_x,Wrist.L_y,Wrist.L_z,Neck_x,Neck_y,Neck_z,Head_x,Head_y,Head_z,Nose_x,Nose_y,Nose_z,hip.Center_x,hip.Center_y,hip.Center_z
0,-0.13117349,-1.723539,-1.0725391,-0.13117349,-0.89611757,-0.3135661,-0.091764815,-0.02928793,-0.49326766,0.2628404,-0.02928793,-0.5115894,0.22344601,-0.89611757,-0.5122465,0.22344601,-1.723539,-1.2076268,-0.36756742,0.049514893,-0.24325433,-0.40697563,0.6405281,-0.39394078,-0.28877866,1.2315553,-0.35395813,0.3022486,1.1921469,-0.5999848,0.38105118,0.6011337,-0.3551839,0.49924815,0.08890927,-0.12936664,0.00673496,1.2118511,-0.5097425,0.36134017,1.9604696,-0.58821714,0.1840378,1.5861604,-0.54072154,0.085537545,-0.02928793,-0.49915028
