frame,Ankle.R_x,Ankle.R_y,Ankle.R_z,Knee.R_x,Knee.R_y,Knee.R_z,Hip.R_x,Hip.R_y,Hip.R_z,Hip.L_x,Hip.L_y,Hip.L_z,Knee.L_x,Knee.L_y,Knee.L_z,Ankle.L_x,Ankle.L_y,Ankle.L_z,Wrist.R_x,Wrist.R_y,Wrist.R_z,Elbow.R_x,Elbow.R_y,Elbow.R_z,Shoulder.R_x,Shoulder.R_y,Shoulder.R_z,Shoulder.L_x,Shoulder.L_y,Shoulder.L_z,Elbow.L_x,Elbow.L_y,Elbow.L_z,Wrist.L_x,Wrist.L_y,Wrist.L_z,Neck_x,Neck_y,Neck_z,Head_x,Head_y,Head_z,Nose_x,Nose_y,Nose_z,hip.Center_x,hip.Center_y,hip.Center_z
0,-0.13458675,-1.7011267,-0.41172695,0.016636439,-1.1466366,0.09815842,0.050243445,-0.037655734,-0.45562512,0.11745698,-0.004048964,-0.5387972,0.251885,-1.0794226,-0.31446105,0.15106398,-1.6507083,-0.9705807,0.251885,-0.004048964,-0.565817,-0.084168844,0.66804206,-0.46866274,0.050243445,1.3737555,-0.46780428,-0.050561838,1.3737555,-0.5727438,-0.084168844,0.66804206,-0.89327234,0.21827799,0.09675608,-0.7781978,-0.00015919656,1.3737555,-0.43808872,0.77275234,1.9114344,-0.5605463,0.38629633,1.6425949,-0.49610668,0.08385045,-0.020852467,-0.50367594
