frame,Ankle.R_x,Ankle.R_y,Ankle.R_z,Knee.R_x,Knee.R_y,Knee.R_z,Hip.R_x,Hip.R_y,Hip.R_z,Hip.L_x,Hip.L_y,Hip.L_z,Knee.L_x,Knee.L_y,Knee.L_z,Ankle.L_x,Ankle.L_y,Ankle.L_z,Wrist.R_x,Wrist.R_y,Wrist.R_z,Elbow.R_x,Elbow.R_y,Elbow.R_z,Shoulder.R_x,Shoulder.R_y,Shoulder.R_z,Shoulder.L_x,Shoulder.L_y,Shoulder.L_z,Elbow.L_x,Elbow.L_y,Elbow.L_z,Wrist.L_x,Wrist.L_y,Wrist.L_z,Neck_x,Neck_y,Neck_z,Head_x,Head_y,Head_z,Nose_x,Nose_y,Nose_z,hip.Center_x,hip.Center_y,hip.Center_z
0,-0.16548099,-1.7408862,-1.3105804,-0.16548099,-0.89302427,-0.64105636,-0.12694539,-0.0066128317,-0.47914916,0.29698527,-0.045147948,-0.51921356,0.25845015,-0.89302427,-0.63692725,0.21991502,-1.7408862,-1.2843864,-0.35818613,0.031922527,-0.20903894,-0.35818613,0.5714738,-0.46532387,-0.20401658,1.1881098,-0.38174623,0.48969042,1.1495603,-0.59905475,0.56676114,0.5714738,-0.2876107,0.56676114,0.031922527,-0.10690725,0.14283668,1.168835,-0.5378588,0.14282285,1.9781477,-0.65757746,0.14283,1.5734915,-0.5906697,0.08502017,-0.02588039,-0.49858737
