frame,Ankle.R_x,Ankle.R_y,Ankle.R_z,Knee.R_x,Knee.R_y,Knee.R_z,Hip.R_x,Hip.R_y,Hip.R_z,Hip.L_x,Hip.L_y,Hip.L_z,Knee.L_x,Knee.L_y,Knee.L_z,Ankle.L_x,Ankle.L_y,Ankle.L_z,Wrist.R_x,Wrist.R_y,Wrist.R_z,Elbow.R_x,Elbow.R_y,Elbow.R_z,Shoulder.R_x,Shoulder.R_y,Shoulder.R_z,Shoulder.L_x,Shoulder.L_y,Shoulder.L_z,Elbow.L_x,Elbow.L_y,Elbow.L_z,Wrist.L_x,Wrist.L_y,Wrist.L_z,Neck_x,Neck_y,Neck_z,Head_x,Head_y,Head_z,Nose_x,Nose_y,Nose_z,hip.Center_x,hip.Center_y,hip.Center_z
0,0.036074013,-2.0627751,0.13746136,-0.09201732,-1.0380262,0.05112779,-0.17741695,-0.055984795,-0.2958441,0.29225764,0.02941483,-0.67179906,0.3776568,-0.22678429,-0.53801507,0.3776568,-1.1661178,-0.63305205,-0.5190002,-0.09869248,-0.3560176,-0.5190002,0.49907368,-0.4443612,-0.43360057,1.1822398,-0.16418761,0.33494934,1.2249318,-0.6596794,0.5057486,0.58447355,-0.108270735,0.63384044,-0.013292851,0.15036649,-0.049325615,1.2035859,-0.3808987,-0.049325615,2.1002433,-0.42694193,-0.049325615,1.6519146,-0.4643038,0.057420105,-0.013284983,-0.50179154
