frame,Ankle.R_x,Ankle.R_y,Ankle.R_z,Knee.R_x,Knee.R_y,Knee.R_z,Hip.R_x,Hip.R_y,Hip.R_z,Hip.L_x,Hip.L_y,Hip.L_z,Knee.L_x,Knee.L_y,Knee.L_z,Ankle.L_x,Ankle.L_y,Ankle.L_z,Wrist.R_x,Wrist.R_y,Wrist.R_z,Elbow.R_x,Elbow.R_y,Elbow.R_z,Shoulder.R_x,Shoulder.R_y,Shoulder.R_z,Shoulder.L_x,Shoulder.L_y,Shoulder.L_z,Elbow.L_x,Elbow.L_y,Elbow.L_z,Wrist.L_x,Wrist.L_y,Wrist.L_z,Neck_x,Neck_y,Neck_z,Head_x,Head_y,Head_z,Nose_x,Nose_y,Nose_z,hip.Center_x,hip.Center_y,hip.Center_z
0,-0.06473155,-2.0667846,0.33364415,0.32170588,-1.0620213,-0.07764375,0.08984952,-0.018628607,-0.4854558,0.08984952,-0.018628607,-0.5081481,0.05120425,-1.023376,-0.81796,-0.10337682,-2.0281394,-0.9946479,0.12849526,0.05866217,-0.45993838,-0.18066736,0.6769717,-0.5132211,-0.026086286,1.2952814,-0.5009106,0.012558982,1.2952814,-0.5961437,-0.026086286,0.6383264,-0.7764571,0.24443106,0.05866217,-0.551989,-0.0067634135,1.2952814,-0.54892886,0.72746617,1.8363161,-0.69958866,0.36035162,1.5657989,-0.577322,0.08984952,-0.018628607,-0.5013848
