frame,Ankle.R_x,Ankle.R_y,Ankle.R_z,Knee.R_x,Knee.R_y,Knee.R_z,Hip.R_x,Hip.R_y,Hip.R_z,Hip.L_x,Hip.L_y,Hip.L_z,Knee.L_x,Knee.L_y,Knee.L_z,Ankle.L_x,Ankle.L_y,Ankle.L_z,Wrist.R_x,Wrist.R_y,Wrist.R_z,Elbow.R_x,Elbow.R_y,Elbow.R_z,Shoulder.R_x,Shoulder.R_y,Shoulder.R_z,Shoulder.L_x,Shoulder.L_y,Shoulder.L_z,Elbow.L_x,Elbow.L_y,Elbow.L_z,Wrist.L_x,Wrist.L_y,Wrist.L_z,Neck_x,Neck_y,Neck_z,Head_x,Head_y,Head_z,Nose_x,Nose_y,Nose_z,hip.Center_x,hip.Center_y,hip.Center_z
0,-0.00674168,-1.7604337,-0.027990103,0.1441482,-1.1065674,0.095464766,0.110626064,-0.03357029,-0.43415177,0.07708772,-3.2423064e-05,-0.5665591,0.110626064,-1.073045,-0.61199886,0.043565594,-1.6766038,-0.7719274,0.311807,0.03350568,-0.44167593,-0.023510613,0.6370647,-0.3606715,0.07708772,1.3076997,-0.5074484,0.010027252,1.3076997,-0.5707006,0.043565594,0.6370647,-0.90324795,0.4459432,0.20116448,-0.6462297,0.043557487,1.3076997,-0.5060253,0.7812527,1.9783347,-0.6354044,0.41240534,1.643017,-0.6251056,0.093856655,-0.016801117,-0.50238734
