frame,Ankle.R_x,Ankle.R_y,Ankle.R_z,Knee.R_x,Knee.R_y,Knee.R_z,Hip.R_x,Hip.R_y,Hip.R_z,Hip.L_x,Hip.L_y,Hip.L_z,Knee.L_x,Knee.L_y,Knee.L_z,Ankle.L_x,Ankle.L_y,Ankle.L_z,Wrist.R_x,Wrist.R_y,Wrist.R_z,Elbow.R_x,Elbow.R_y,Elbow.R_z,Shoulder.R_x,Shoulder.R_y,Shoulder.R_z,Shoulder.L_x,Shoulder.L_y,Shoulder.L_z,Elbow.L_x,Elbow.L_y,Elbow.L_z,Wrist.L_x,Wrist.L_y,Wrist.L_z,Neck_x,Neck_y,Neck_z,Head_x,Head_y,Head_z,Nose_x,Nose_y,Nose_z,hip.Center_x,hip.Center_y,hip.Center_z
0,-0.00050962716,-1.9933662,0.16024387,-0.086439975,-1.0481181,-0.0070527196,-0.043474562,-0.016954701,-0.644503,0.12838614,-0.016954701,-0.34540606,0.08542072,-1.0910833,-0.53060746,0.25728142,-2.079297,-1.071862,-0.1294049,-0.059919637,-0.32810134,0.042455785,0.49862716,-0.5134213,0.042455785,1.2290345,-0.67099756,0.17135108,1.2290345,-0.5812285,0.21431649,0.5845575,-0.39898556,0.08542072,-0.102884814,-0.35170886,0.10690319,1.2290345,-0.6412276,-0.5375737,2.0883374,-0.79133415,-0.21533477,1.658686,-0.70767033,0.042455785,-0.016954701,-0.49896473
