frame,Ankle.R_x,Ankle.R_y,Ankle.R_z,Knee.R_x,Knee.R_y,Knee.R_z,Hip.R_x,Hip.R_y,Hip.R_z,Hip.L_x,Hip.L_y,Hip.L_z,Knee.L_x,Knee.L_y,Knee.L_z,Ankle.L_x,Ankle.L_y,Ankle.L_z,Wrist.R_x,Wrist.R_y,Wrist.R_z,Elbow.R_x,Elbow.R_y,Elbow.R_z,Shoulder.R_x,Shoulder.R_y,Shoulder.R_z,Shoulder.L_x,Shoulder.L_y,Shoulder.L_z,Elbow.L_x,Elbow.L_y,Elbow.L_z,Wrist.L_x,Wrist.L_y,Wrist.L_z,Neck_x,Neck_y,Neck_z,Head_x,Head_y,Head_z,Nose_x,Nose_y,Nose_z,hip.Center_x,hip.Center_y,hip.Center_z
0,0.22773415,-1.9736563,-0.27174807,0.09986979,-1.0359784,-0.40598428,0.14249665,-0.013077877,-0.53772247,0.014631808,-0.013077877,-0.45426401,-0.11323255,-1.078605,-0.64199615,-0.07062143,-2.1015213,-0.44202816,-0.19847053,0.029548742,-0.7717252,0.05724293,0.5836178,-0.7571416,0.05724293,1.2229403,-0.5709126,0.014631808,1.2229403,-0.40927958,0.014631808,0.5836178,-0.21648252,-0.19847053,-0.055689238,-0.16952479,0.03593737,1.2229403,-0.49304354,-0.7738609,1.8196517,-0.47720027,-0.36896175,1.521296,-0.5323943,0.07856423,-0.013077877,-0.49726447
