frame,Ankle.R_x,Ankle.R_y,Ankle.R_z,Knee.R_x,Knee.R_y,Knee.R_z,Hip.R_x,Hip.R_y,Hip.R_z,Hip.L_x,Hip.L_y,Hip.L_z,Knee.L_x,Knee.L_y,Knee.L_z,Ankle.L_x,Ankle.L_y,Ankle.L_z,Wrist.R_x,Wrist.R_y,Wrist.R_z,Elbow.R_x,Elbow.R_y,Elbow.R_z,Shoulder.R_x,Shoulder.R_y,Shoulder.R_z,Shoulder.L_x,Shoulder.L_y,Shoulder.L_z,Elbow.L_x,Elbow.L_y,Elbow.L_z,Wrist.L_x,Wrist.L_y,Wrist.L_z,Neck_x,Neck_y,Neck_z,Head_x,Head_y,Head_z,Nose_x,Nose_y,Nose_z,hip.Center_x,hip.Center_y,hip.Center_z
0,0.57558644,-1.1428899,-0.20941186,1.1589447,-0.26787105,-0.3634951,0.117238656,-0.017849829,-0.11333841,0.03390421,-0.017849829,-0.88672566,1.1589447,-0.22619453,-1.189605,0.492252,-1.1428899,-0.51265466,0.1589147,-0.10118404,-0.10272744,-0.1327642,0.69050086,-0.05767721,-0.007753238,1.4821858,-0.08738285,-0.21609865,1.5655202,-0.8311347,-0.3827666,0.69050086,-0.8816494,0.1589147,-0.059525874,-0.88611066,-0.111925945,1.523853,-0.4486709,0.929762,2.0238767,-0.55678946,0.40891802,1.773865,-0.35516793,0.07557167,-0.017849829,-0.50345343
