frame,Ankle.R_x,Ankle.R_y,Ankle.R_z,Knee.R_x,Knee.R_y,Knee.R_z,Hip.R_x,Hip.R_y,Hip.R_z,Hip.L_x,Hip.L_y,Hip.L_z,Knee.L_x,Knee.L_y,Knee.L_z,Ankle.L_x,Ankle.L_y,Ankle.L_z,Wrist.R_x,Wrist.R_y,Wrist.R_z,Elbow.R_x,Elbow.R_y,Elbow.R_z,Shoulder.R_x,Shoulder.R_y,Shoulder.R_z,Shoulder.L_x,Shoulder.L_y,Shoulder.L_z,Elbow.L_x,Elbow.L_y,Elbow.L_z,Wrist.L_x,Wrist.L_y,Wrist.L_z,Neck_x,Neck_y,Neck_z,Head_x,Head_y,Head_z,Nose_x,Nose_y,Nose_z,hip.Center_x,hip.Center_y,hip.Center_z
0,-0.43161154,-1.917161,-0.54365665,-0.07260992,-0.9996888,-0.08462137,-0.032719627,-0.04232569,-0.4712485,0.20662545,-0.0024351627,-0.53042006,0.12684344,-0.9996888,-0.38505098,0.08695315,-1.917161,-1.2297121,-0.07260992,-0.0024351627,-0.580625,-0.31193924,0.5959111,-0.4335782,-0.15237619,1.2341479,-0.46210432,0.12684344,1.2341479,-0.6694668,0.12684344,0.51612955,-0.76709884,0.32629728,0.07734637,-0.3211016,-0.012766376,1.2341479,-0.552671,0.6653614,2.0319629,-0.70947045,0.32629728,1.6330554,-0.6264217,0.08695315,-0.022380546,-0.50279117
