frame,Ankle.R_x,Ankle.R_y,Ankle.R_z,Knee.R_x,Knee.R_y,Knee.R_z,Hip.R_x,Hip.R_y,Hip.R_z,Hip.L_x,Hip.L_y,Hip.L_z,Knee.L_x,Knee.L_y,Knee.L_z,Ankle.L_x,Ankle.L_y,Ankle.L_z,Wrist.R_x,Wrist.R_y,Wrist.R_z,Elbow.R_x,Elbow.R_y,Elbow.R_z,Shoulder.R_x,Shoulder.R_y,Shoulder.R_z,Shoulder.L_x,Shoulder.L_y,Shoulder.L_z,Elbow.L_x,Elbow.L_y,Elbow.L_z,Wrist.L_x,Wrist.L_y,Wrist.L_z,Neck_x,Neck_y,Neck_z,Head_x,Head_y,Head_z,Nose_x,Nose_y,Nose_z,hip.Center_x,hip.Center_y,hip.Center_z
0,-0.2354901,-1.4098151,-1.4573519,-0.30886197,-0.5660808,-0.75968957,-0.12543179,0.020866422,-0.67089444,0.31477094,-0.05249068,-0.3443042,0.24141382,-1.0796559,-0.683433,0.16804193,-1.9233902,-1.1824079,-0.34553313,0.09423855,0.034506798,-0.30886197,0.60781336,-0.4547596,-0.12543179,1.1947607,-0.57359886,0.6449306,1.1214036,-0.40315595,0.68161654,0.49777034,-0.26241767,0.60824466,-0.08917686,-0.17271248,0.25974917,1.1580821,-0.52915967,0.29642034,2.038503,-0.6543579,0.278085,1.5982925,-0.50041634,0.094669566,-0.01581213,-0.4952569
