frame,Ankle.R_x,Ankle.R_y,Ankle.R_z,Knee.R_x,Knee.R_y,Knee.R_z,Hip.R_x,Hip.R_y,Hip.R_z,Hip.L_x,Hip.L_y,Hip.L_z,Knee.L_x,Knee.L_y,Knee.L_z,Ankle.L_x,Ankle.L_y,Ankle.L_z,Wrist.R_x,Wrist.R_y,Wrist.R_z,Elbow.R_x,Elbow.R_y,Elbow.R_z,Shoulder.R_x,Shoulder.R_y,Shoulder.R_z,Shoulder.L_x,Shoulder.L_y,Shoulder.L_z,Elbow.L_x,Elbow.L_y,Elbow.L_z,Wrist.L_x,Wrist.L_y,Wrist.L_z,Neck_x,Neck_y,Neck_z,Head_x,Head_y,Head_z,Nose_x,Nose_y,Nose_z,hip.Center_x,hip.Center_y,hip.Center_z
0,0.1737554,-1.9429678,-0.32675314,0.04711985,-1.0142671,-0.5275465,0.08932709,-0.0011219177,-0.64735526,0.04711985,-0.043344177,-0.34483194,-0.16395974,-1.0564736,-0.6359753,0.1737554,-2.0273967,-0.07492918,-0.16395974,0.04108461,-0.54591674,0.04711985,0.63208586,-0.5867442,0.04711985,1.307516,-0.64462966,0.08932709,1.307516,-0.45917326,0.08932709,0.63208586,-0.3277064,-0.16395974,-0.0011219177,-0.23531017,0.06822371,1.307516,-0.53567064,-0.73385787,1.7296441,-0.5128588,-0.33281732,1.5185801,-0.5587652,0.06822371,-0.022233168,-0.4975849
