frame,Ankle.R_x,Ankle.R_y,Ankle.R_z,Knee.R_x,Knee.R_y,Knee.R_z,Hip.R_x,Hip.R_y,Hip.R_z,Hip.L_x,Hip.L_y,Hip.L_z,Knee.L_x,Knee.L_y,Knee.L_z,Ankle.L_x,Ankle.L_y,Ankle.L_z,Wrist.R_x,Wrist.R_y,Wrist.R_z,Elbow.R_x,Elbow.R_y,Elbow.R_z,Shoulder.R_x,Shoulder.R_y,Shoulder.R_z,Shoulder.L_x,Shoulder.L_y,Shoulder.L_z,Elbow.L_x,Elbow.L_y,Elbow.L_z,Wrist.L_x,Wrist.L_y,Wrist.L_z,Neck_x,Neck_y,Neck_z,Head_x,Head_y,Head_z,Nose_x,Nose_y,Nose_z,hip.Center_x,hip.Center_y,hip.Center_z
0,0.15140043,-1.970956,-0.3491133,-0.022002831,-1.0606128,-0.48836297,0.06469904,-0.020224946,-0.6324541,0.06469904,-0.020224946,-0.35930333,0.021355972,-1.0606128,-0.5953001,0.19474302,-2.101,-0.2115882,-0.108704224,0.023133619,-0.47111994,0.108057365,0.6300293,-0.51444286,0.108057365,1.3236102,-0.64353263,0.108057365,1.2802674,-0.48899361,0.108057365,0.5866705,-0.39124,-0.15204729,-0.06356801,-0.30424437,0.108057365,1.3019388,-0.55908906,-0.75895846,1.7788056,-0.566669,-0.32545054,1.5403721,-0.5967628,0.06469904,-0.020224946,-0.4981886
