frame,Ankle.R_x,Ankle.R_y,Ankle.R_z,Knee.R_x,Knee.R_y,Knee.R_z,Hip.R_x,Hip.R_y,Hip.R_z,Hip.L_x,Hip.L_y,Hip.L_z,Knee.L_x,Knee.L_y,Knee.L_z,Ankle.L_x,Ankle.L_y,Ankle.L_z,Wrist.R_x,Wrist.R_y,Wrist.R_z,Elbow.R_x,Elbow.R_y,Elbow.R_z,Shoulder.R_x,Shoulder.R_y,Shoulder.R_z,Shoulder.L_x,Shoulder.L_y,Shoulder.L_z,Elbow.L_x,Elbow.L_y,Elbow.L_z,Wrist.L_x,Wrist.L_y,Wrist.L_z,Neck_x,Neck_y,Neck_z,Head_x,Head_y,Head_z,Nose_x,Nose_y,Nose_z,hip.Center_x,hip.Center_y,hip.Center_z
0,0.13106957,-2.0273714,0.15438753,0.04453937,-1.0755087,-0.16645575,0.04453937,0.006149426,-0.6273288,0.087804236,-0.03711544,-0.36065015,0.087804236,-1.1187736,-0.6428441,0.21759978,-2.1139169,-0.824874,-0.17180166,0.006149426,-0.49191877,0.087804236,0.5686108,-0.6530707,0.087804236,1.2608835,-0.7044271,0.087804236,1.2608835,-0.47828174,0.13106957,0.5686108,-0.3146533,-0.12853679,-0.08038078,-0.21830028,0.087804236,1.2608835,-0.5849596,-0.77752787,1.7800958,-0.6605294,-0.34486207,1.5204897,-0.6441558,0.06617204,-0.015483245,-0.49783465
