frame,Ankle.R_x,Ankle.R_y,Ankle.R_z,Knee.R_x,Knee.R_y,Knee.R_z,Hip.R_x,Hip.R_y,Hip.R_z,Hip.L_x,Hip.L_y,Hip.L_z,Knee.L_x,Knee.L_y,Knee.L_z,Ankle.L_x,Ankle.L_y,Ankle.L_z,Wrist.R_x,Wrist.R_y,Wrist.R_z,Elbow.R_x,Elbow.R_y,Elbow.R_z,Shoulder.R_x,Shoulder.R_y,Shoulder.R_z,Shoulder.L_x,Shoulder.L_y,Shoulder.L_z,Elbow.L_x,Elbow.L_y,Elbow.L_z,Wrist.L_x,Wrist.L_y,Wrist.L_z,Neck_x,Neck_y,Neck_z,Head_x,Head_y,Head_z,Nose_x,Nose_y,Nose_z,hip.Center_x,hip.Center_y,hip.Center_z
0,0.31011698,-2.0157092,0.2697326,0.09007808,-1.091593,-0.08902365,0.0020782575,0.008554463,-0.637449,0.13408586,-0.035453316,-0.35130763,0.09007808,-1.091593,-0.6337545,0.22210142,-2.147733,-1.0842414,-0.12994507,0.008554463,-0.34985584,0.09007808,0.53663206,-0.52162254,0.09007808,1.2407253,-0.6459533,0.22210142,1.2407253,-0.57817996,0.2661092,0.58063984,-0.33499587,0.046086036,-0.07946109,-0.25621116,0.15608999,1.2407253,-0.62685144,-0.5920108,1.9448185,-0.7836504,-0.21796063,1.5927719,-0.73551416,0.068082534,-0.013449426,-0.49941665
