frame,Ankle.R_x,Ankle.R_y,Ankle.R_z,Knee.R_x,Knee.R_y,Knee.R_z,Hip.R_x,Hip.R_y,Hip.R_z,Hip.L_x,Hip.L_y,Hip.L_z,Knee.L_x,Knee.L_y,Knee.L_z,Ankle.L_x,Ankle.L_y,Ankle.L_z,Wrist.R_x,Wrist.R_y,Wrist.R_z,Elbow.R_x,Elbow.R_y,Elbow.R_z,Shoulder.R_x,Shoulder.R_y,Shoulder.R_z,Shoulder.L_x,Shoulder.L_y,Shoulder.L_z,Elbow.L_x,Elbow.L_y,Elbow.L_z,Wrist.L_x,Wrist.L_y,Wrist.L_z,Neck_x,Neck_y,Neck_z,Head_x,Head_y,Head_z,Nose_x,Nose_y,Nose_z,hip.Center_x,hip.Center_y,hip.Center_z
0,0.16588792,-1.8750614,-0.33347103,0.23818168,-0.9713505,-0.3724594,0.31047496,-0.03149327,-0.40518826,-0.12329998,0.0046536084,-0.59419715,-0.19560805,-0.9713505,-0.9611839,-0.23175469,-1.911208,-1.1299473,0.63580954,0.0046536084,-1.2379332,0.63580954,0.5107359,-0.91194046,0.49122247,1.0890974,-0.5115265,-0.19560805,1.1252586,-0.52095526,-0.3401946,0.5107359,-0.77187896,-0.37634125,0.0046536084,-1.1671395,0.14780721,1.107178,-0.5094646,-0.3221139,1.7940084,-0.4344841,-0.08715334,1.4505932,-0.62787724,0.093587495,-0.01341995,-0.50037354
