frame,Ankle.R_x,Ankle.R_y,Ankle.R_z,Knee.R_x,Knee.R_y,Knee.R_z,Hip.R_x,Hip.R_y,Hip.R_z,Hip.L_x,Hip.L_y,Hip.L_z,Knee.L_x,Knee.L_y,Knee.L_z,Ankle.L_x,Ankle.L_y,Ankle.L_z,Wrist.R_x,Wrist.R_y,Wrist.R_z,Elbow.R_x,Elbow.R_y,Elbow.R_z,Shoulder.R_x,Shoulder.R_y,Shoulder.R_z,Shoulder.L_x,Shoulder.L_y,Shoulder.L_z,Elbow.L_x,Elbow.L_y,Elbow.L_z,Wrist.L_x,Wrist.L_y,Wrist.L_z,Neck_x,Neck_y,Neck_z,Head_x,Head_y,Head_z,Nose_x,Nose_y,Nose_z,hip.Center_x,hip.Center_y,hip.Center_z
0,0.13023141,-1.9557811,0.047376513,0.089830905,-0.9860348,-0.26457572,0.1706467,-0.01628917,-0.6036584,0.009014636,-0.01628917,-0.39178225,-0.112201184,-1.0264353,-0.6616386,-0.15260217,-2.0769975,-0.76999795,-0.19301745,0.10494262,-0.7231323,0.1706467,0.5898078,-0.6304083,0.2110472,1.2363054,-0.621397,0.009014636,1.2363054,-0.4152465,0.0494304,0.5898078,-0.2562613,-0.19301745,-0.01628917,-0.18959141,0.11003116,1.2363054,-0.54147184,-0.5768666,1.8828026,-0.5396348,-0.23341796,1.559554,-0.6329194,0.089830905,-0.01628917,-0.4984563
