frame,Ankle.R_x,Ankle.R_y,Ankle.R_z,Knee.R_x,Knee.R_y,Knee.R_z,Hip.R_x,Hip.R_y,Hip.R_z,Hip.L_x,Hip.L_y,Hip.L_z,Knee.L_x,Knee.L_y,Knee.L_z,Ankle.L_x,Ankle.L_y,Ankle.L_z,Wrist.R_x,Wrist.R_y,Wrist.R_z,Elbow.R_x,Elbow.R_y,Elbow.R_z,Shoulder.R_x,Shoulder.R_y,Shoulder.R_z,Shoulder.L_x,Shoulder.L_y,Shoulder.L_z,Elbow.L_x,Elbow.L_y,Elbow.L_z,Wrist.L_x,Wrist.L_y,Wrist.L_z,Neck_x,Neck_y,Neck_z,Head_x,Head_y,Head_z,Nose_x,Nose_y,Nose_z,hip.Center_x,hip.Center_y,hip.Center_z
0,0.18332258,-1.8961105,-0.3986494,0.25415197,-0.97532874,-0.5383127,0.32498136,-0.019125039,-0.36695015,-0.13541684,-0.019125039,-0.6344028,-0.24165377,-0.7982479,-1.2883587,-0.24165377,-1.5773711,-0.93895537,0.60829896,0.01629681,-1.2084491,0.60829896,0.5475096,-0.8348368,0.46664014,1.1849885,-0.43181333,-0.27707562,1.1849885,-0.58534706,-0.38331255,0.5475096,-0.77755296,-0.38331255,0.051704355,-1.1551852,0.09478203,1.1849885,-0.51486325,0.4843656,1.822438,-0.47542706,0.28957382,1.5037133,-0.6522565,0.09478203,-0.019125039,-0.50069225
