frame,Ankle.R_x,Ankle.R_y,Ankle.R_z,Knee.R_x,Knee.R_y,Knee.R_z,Hip.R_x,Hip.R_y,Hip.R_z,Hip.L_x,Hip.L_y,Hip.L_z,Knee.L_x,Knee.L_y,Knee.L_z,Ankle.L_x,Ankle.L_y,Ankle.L_z,Wrist.R_x,Wrist.R_y,Wrist.R_z,Elbow.R_x,Elbow.R_y,Elbow.R_z,Shoulder.R_x,Shoulder.R_y,Shoulder.R_z,Shoulder.L_x,Shoulder.L_y,Shoulder.L_z,Elbow.L_x,Elbow.L_y,Elbow.L_z,Wrist.L_x,Wrist.L_y,Wrist.L_z,Neck_x,Neck_y,Neck_z,Head_x,Head_y,Head_z,Nose_x,Nose_y,Nose_z,hip.Center_x,hip.Center_y,hip.Center_z
0,0.20478547,-2.2804654,-0.16646025,0.12344992,-1.3044568,-0.60374767,0.0421139,-0.003105802,-0.7316125,0.08277285,-0.003105802,-0.24955785,-1.0152491,-0.043764036,-0.9616579,-0.3645643,-1.0604497,-0.7702151,0.0421139,-0.12509982,-0.56539106,0.0014368296,0.5662437,-0.55755055,0.0014368296,1.3796002,-0.7373758,0.24544346,1.4202583,-0.42825198,0.4081155,0.60692126,0.0653469,0.24544346,-0.16575782,0.028485417,0.12343991,1.3999292,-0.64293575,-0.7712134,1.7659302,-0.70607996,-0.32388675,1.5829296,-0.8492973,0.062443376,-0.003105802,-0.50190777
