frame,Ankle.R_x,Ankle.R_y,Ankle.R_z,Knee.R_x,Knee.R_y,Knee.R_z,Hip.R_x,Hip.R_y,Hip.R_z,Hip.L_x,Hip.L_y,Hip.L_z,Knee.L_x,Knee.L_y,Knee.L_z,Ankle.L_x,Ankle.L_y,Ankle.L_z,Wrist.R_x,Wrist.R_y,Wrist.R_z,Elbow.R_x,Elbow.R_y,Elbow.R_z,Shoulder.R_x,Shoulder.R_y,Shoulder.R_z,Shoulder.L_x,Shoulder.L_y,Shoulder.L_z,Elbow.L_x,Elbow.L_y,Elbow.L_z,Wrist.L_x,Wrist.L_y,Wrist.L_z,Neck_x,Neck_y,Neck_z,Head_x,Head_y,Head_z,Nose_x,Nose_y,Nose_z,hip.Center_x,hip.Center_y,hip.Center_z
0,0.2486501,-1.9765326,-0.11081219,0.12082008,-0.99644077,-0.38009298,0.12082008,-0.016365187,-0.60278475,0.035584964,-0.016365187,-0.38584548,-0.13485476,-1.0390509,-0.66497433,-0.049634896,-2.061752,-0.4030925,-0.17748019,0.06887041,-0.6178392,0.035584964,0.5802053,-0.6581199,0.035584964,1.2620114,-0.6231407,0.035584964,1.2620114,-0.42283154,0.078194655,0.62283075,-0.27901602,-0.13485476,-0.016365187,-0.22697172,0.035584964,1.2620114,-0.5292963,-0.7314252,1.8585819,-0.5112463,-0.3479204,1.5602967,-0.5687797,0.07820276,-0.016365187,-0.4972796
