frame,Ankle.R_x,Ankle.R_y,Ankle.R_z,Knee.R_x,Knee.R_y,Knee.R_z,Hip.R_x,Hip.R_y,Hip.R_z,Hip.L_x,Hip.L_y,Hip.L_z,Knee.L_x,Knee.L_y,Knee.L_z,Ankle.L_x,Ankle.L_y,Ankle.L_z,Wrist.R_x,Wrist.R_y,Wrist.R_z,Elbow.R_x,Elbow.R_y,Elbow.R_z,Shoulder.R_x,Shoulder.R_y,Shoulder.R_z,Shoulder.L_x,Shoulder.L_y,Shoulder.L_z,Elbow.L_x,Elbow.L_y,Elbow.L_z,Wrist.L_x,Wrist.L_y,Wrist.L_z,Neck_x,Neck_y,Neck_z,Head_x,Head_y,Head_z,Nose_x,Nose_y,Nose_z,hip.Center_x,hip.Center_y,hip.Center_z
0,-0.106374055,-1.9071087,-0.25447327,0.016819686,-1.0095648,0.00868386,0.052024096,-0.024031958,-0.51255184,0.15760729,-0.024031958,-0.4908523,0.122418135,-0.9743753,-0.3801041,-0.018369943,-1.8191198,-0.98949677,-0.08877972,0.011157671,-0.6638656,-0.22956732,0.6447198,-0.4758747,-0.08877972,1.3134714,-0.48674613,0.052024096,1.278282,-0.61404383,0.087213725,0.57432574,-0.7387617,0.33360073,0.08156673,-0.33795863,-0.018377572,1.2958767,-0.54882276,0.6151693,2.0350378,-0.7374413,0.29839584,1.6654572,-0.63335717,0.10481617,-0.024031958,-0.50215
