frame,Ankle.R_x,Ankle.R_y,Ankle.R_z,Knee.R_x,Knee.R_y,Knee.R_z,Hip.R_x,Hip.R_y,Hip.R_z,Hip.L_x,Hip.L_y,Hip.L_z,Knee.L_x,Knee.L_y,Knee.L_z,Ankle.L_x,Ankle.L_y,Ankle.L_z,Wrist.R_x,Wrist.R_y,Wrist.R_z,Elbow.R_x,Elbow.R_y,Elbow.R_z,Shoulder.R_x,Shoulder.R_y,Shoulder.R_z,Shoulder.L_x,Shoulder.L_y,Shoulder.L_z,Elbow.L_x,Elbow.L_y,Elbow.L_z,Wrist.L_x,Wrist.L_y,Wrist.L_z,Neck_x,Neck_y,Neck_z,Head_x,Head_y,Head_z,Nose_x,Nose_y,Nose_z,hip.Center_x,hip.Center_y,hip.Center_z
0,0.37390572,-1.9056149,-0.86332154,0.3382712,-0.9076838,-0.7480045,0.3026362,-0.016656842,-0.34213895,-0.16070169,-0.016656842,-0.658675,-0.08941787,-0.94331855,-1.1548586,-0.01813405,-1.8699803,-0.92529327,0.55212265,0.018977914,-1.1692119,0.48083884,0.5179506,-0.7630453,0.3382712,1.1594912,-0.38773495,-0.37453932,1.123842,-0.63076043,-0.44582266,0.4823158,-0.8135116,-0.41018814,-0.016656842,-1.1520936,-0.01813405,1.1416665,-0.5157407,0.40954024,1.8188562,-0.45290327,0.19570309,1.4802614,-0.5891712,0.070967264,-0.016656842,-0.49920475
