frame,Ankle.R_x,Ankle.R_y,Ankle.R_z,Knee.R_x,Knee.R_y,Knee.R_z,Hip.R_x,Hip.R_y,Hip.R_z,Hip.L_x,Hip.L_y,Hip.L_z,Knee.L_x,Knee.L_y,Knee.L_z,Ankle.L_x,Ankle.L_y,Ankle.L_z,Wrist.R_x,Wrist.R_y,Wrist.R_z,Elbow.R_x,Elbow.R_y,Elbow.R_z,Shoulder.R_x,Shoulder.R_y,Shoulder.R_z,Shoulder.L_x,Shoulder.L_y,Shoulder.L_z,Elbow.L_x,Elbow.L_y,Elbow.L_z,Wrist.L_x,Wrist.L_y,Wrist.L_z,Neck_x,Neck_y,Neck_z,Head_x,Head_y,Head_z,Nose_x,Nose_y,Nose_z,hip.Center_x,hip.Center_y,hip.Center_z
0,0.13450842,-1.9860178,-0.13545835,0.13450842,-1.0176226,-0.25519568,0.25556165,-0.008865964,-0.45032772,-0.06723662,-0.008865964,-0.54270184,-0.2286355,-1.0579685,-0.7617309,-0.30934304,-2.1070712,-1.0165259,0.2959078,0.031480182,-1.0255,0.45730716,0.43498576,-0.8633876,0.33625394,1.0805826,-0.5233717,-0.06723662,1.1612899,-0.3831931,-0.14794417,0.51569307,-0.41663533,-0.39003485,-0.008865964,-0.6012129,0.13450842,1.1209364,-0.46806383,-0.59178036,1.9279324,-0.52364695,-0.2286355,1.5244344,-0.64873046,0.09416227,-0.008865964,-0.49831995
