frame,Ankle.R_x,Ankle.R_y,Ankle.R_z,Knee.R_x,Knee.R_y,Knee.R_z,Hip.R_x,Hip.R_y,Hip.R_z,Hip.L_x,Hip.L_y,Hip.L_z,Knee.L_x,Knee.L_y,Knee.L_z,Ankle.L_x,Ankle.L_y,Ankle.L_z,Wrist.R_x,Wrist.R_y,Wrist.R_z,Elbow.R_x,Elbow.R_y,Elbow.R_z,Shoulder.R_x,Shoulder.R_y,Shoulder.R_z,Shoulder.L_x,Shoulder.L_y,Shoulder.L_z,Elbow.L_x,Elbow.L_y,Elbow.L_z,Wrist.L_x,Wrist.L_y,Wrist.L_z,Neck_x,Neck_y,Neck_z,Head_x,Head_y,Head_z,Nose_x,Nose_y,Nose_z,hip.Center_x,hip.Center_y,hip.Center_z
0,-0.2003831,-1.7320098,-1.3777025,-0.2003831,-0.90576273,-0.6235277,-0.12854615,-0.007664522,-0.46989965,0.30254707,-0.043576322,-0.5344202,0.26662168,-0.94168836,-0.68624413,0.19477043,-1.7320098,-1.4234867,-0.30816022,0.06418673,-0.075077504,-0.30816022,0.6030566,-0.3839591,-0.16447154,1.1778383,-0.42189473,0.518087,1.1419127,-0.63289136,0.5899378,0.567131,-0.35659105,0.5540124,-0.007664522,-0.19003814,0.1768075,1.1598755,-0.5847988,0.21273336,1.9861363,-0.7143022,0.19477043,1.5730059,-0.6101121,0.08700047,-0.02562054,-0.49773878
