frame,Ankle.R_x,Ankle.R_y,Ankle.R_z,Knee.R_x,Knee.R_y,Knee.R_z,Hip.R_x,Hip.R_y,Hip.R_z,Hip.L_x,Hip.L_y,Hip.L_z,Knee.L_x,Knee.L_y,Knee.L_z,Ankle.L_x,Ankle.L_y,Ankle.L_z,Wrist.R_x,Wrist.R_y,Wrist.R_z,Elbow.R_x,Elbow.R_y,Elbow.R_z,Shoulder.R_x,Shoulder.R_y,Shoulder.R_z,Shoulder.L_x,Shoulder.L_y,Shoulder.L_z,Elbow.L_x,Elbow.L_y,Elbow.L_z,Wrist.L_x,Wrist.L_y,Wrist.L_z,Neck_x,Neck_y,Neck_z,Head_x,Head_y,Head_z,Nose_x,Nose_y,Nose_z,hip.Center_x,hip.Center_y,hip.Center_z
0,-0.10270069,-1.7359803,-0.36823568,0.082784675,-1.213228,0.0046720505,0.082784675,-0.032810025,-0.42567605,0.082784675,0.0009266827,-0.57510376,0.082784675,-1.1457713,-0.6056001,-0.03524349,-1.7359803,-0.68191415,0.25141862,-0.032810025,-0.47689706,-0.0858321,0.6080038,-0.45496804,0.015344642,1.3499781,-0.45278475,-0.052112557,1.3837146,-0.60650843,-0.052112557,0.6754605,-0.8638806,0.21769813,0.068383165,-0.72483504,-0.018383957,1.3668464,-0.46944374,0.7236066,1.8727306,-0.5460792,0.35261157,1.6197884,-0.5449275,0.082784675,-0.01594167,-0.5030355
