frame,Ankle.R_x,Ankle.R_y,Ankle.R_z,Knee.R_x,Knee.R_y,Knee.R_z,Hip.R_x,Hip.R_y,Hip.R_z,Hip.L_x,Hip.L_y,Hip.L_z,Knee.L_x,Knee.L_y,Knee.L_z,Ankle.L_x,Ankle.L_y,Ankle.L_z,Wrist.R_x,Wrist.R_y,Wrist.R_z,Elbow.R_x,Elbow.R_y,Elbow.R_z,Shoulder.R_x,Shoulder.R_y,Shoulder.R_z,Shoulder.L_x,Shoulder.L_y,Shoulder.L_z,Elbow.L_x,Elbow.L_y,Elbow.L_z,Wrist.L_x,Wrist.L_y,Wrist.L_z,Neck_x,Neck_y,Neck_z,Head_x,Head_y,Head_z,Nose_x,Nose_y,Nose_z,hip.Center_x,hip.Center_y,hip.Center_z
0,0.018974163,-1.8063277,-0.80571246,-0.0985867,-0.94422996,-0.28019387,-0.17695156,-0.042950004,-0.40241104,0.2932795,-0.0037675798,-0.59358513,0.37164435,-0.86586535,-0.78315735,0.41084084,-1.610402,-1.4971128,-0.4512569,-0.0037675798,-0.14915195,-0.4512569,0.5448426,-0.38212413,-0.37289205,1.1326352,-0.36015153,0.33246216,1.1718177,-0.58346033,0.4500235,0.58402526,-0.14596993,0.5283879,0.035414845,0.13231623,-0.0202147,1.1522264,-0.51587075,-0.02020087,1.9751419,-0.6342375,-0.020208023,1.5636842,-0.54804945,0.05816398,-0.023358673,-0.49973157
