frame,Ankle.R_x,Ankle.R_y,Ankle.R_z,Knee.R_x,Knee.R_y,Knee.R_z,Hip.R_x,Hip.R_y,Hip.R_z,Hip.L_x,Hip.L_y,Hip.L_z,Knee.L_x,Knee.L_y,Knee.L_z,Ankle.L_x,Ankle.L_y,Ankle.L_z,Wrist.R_x,Wrist.R_y,Wrist.R_z,Elbow.R_x,Elbow.R_y,Elbow.R_z,Shoulder.R_x,Shoulder.R_y,Shoulder.R_z,Shoulder.L_x,Shoulder.L_y,Shoulder.L_z,Elbow.L_x,Elbow.L_y,Elbow.L_z,Wrist.L_x,Wrist.L_y,Wrist.L_z,Neck_x,Neck_y,Neck_z,Head_x,Head_y,Head_z,Nose_x,Nose_y,Nose_z,hip.Center_x,hip.Center_y,hip.Center_z
0,-0.04574752,-1.7872134,-1.4335341,-0.1225307,-0.94261277,-0.7703332,-0.16091561,-0.02122867,-0.5030149,0.29976964,-0.02122867,-0.49367443,0.29976964,-0.94261277,-0.73213637,0.33816838,-1.7872134,-1.2672141,-0.39126515,0.017155768,-0.026573092,-0.39126515,0.5162393,-0.379168,-0.31448197,1.1305046,-0.45778176,0.41495156,1.1688892,-0.5882149,0.5301192,0.5546378,-0.2636093,0.49173427,-0.02122867,-0.042067885,0.050234556,1.149697,-0.5745586,0.0118358135,1.9559132,-0.7167404,0.031035185,1.5528051,-0.582655,0.069426775,-0.02122867,-0.49770337
