frame,Ankle.R_x,Ankle.R_y,Ankle.R_z,Knee.R_x,Knee.R_y,Knee.R_z,Hip.R_x,Hip.R_y,Hip.R_z,Hip.L_x,Hip.L_y,Hip.L_z,Knee.L_x,Knee.L_y,Knee.L_z,Ankle.L_x,Ankle.L_y,Ankle.L_z,Wrist.R_x,Wrist.R_y,Wrist.R_z,Elbow.R_x,Elbow.R_y,Elbow.R_z,Shoulder.R_x,Shoulder.R_y,Shoulder.R_z,Shoulder.L_x,Shoulder.L_y,Shoulder.L_z,Elbow.L_x,Elbow.L_y,Elbow.L_z,Wrist.L_x,Wrist.L_y,Wrist.L_z,Neck_x,Neck_y,Neck_z,Head_x,Head_y,Head_z,Nose_x,Nose_y,Nose_z,hip.Center_x,hip.Center_y,hip.Center_z
0,0.05755513,-1.7900397,-0.5769227,-0.05279786,-0.94395816,-0.4006268,-0.12638003,-0.024280174,-0.538706,0.20470661,-0.024280174,-0.4596203,0.27827495,-0.94395816,-0.5666644,0.35185808,-1.8268377,-0.94505024,-0.45745283,0.08607282,-0.08748317,-0.34710032,0.60109556,-0.3257289,-0.31031615,1.1528881,-0.51201457,0.24149078,1.2264708,-0.6052792,0.4254269,0.6378797,-0.23557264,0.3150596,0.08607282,-0.048296094,-0.03441245,1.1896795,-0.6016941,-0.29191643,1.9254078,-0.73912317,-0.1631642,1.5575436,-0.6983962,0.039163046,-0.024280174,-0.4968356
