frame,Ankle.R_x,Ankle.R_y,Ankle.R_z,Knee.R_x,Knee.R_y,Knee.R_z,Hip.R_x,Hip.R_y,Hip.R_z,Hip.L_x,Hip.L_y,Hip.L_z,Knee.L_x,Knee.L_y,Knee.L_z,Ankle.L_x,Ankle.L_y,Ankle.L_z,Wrist.R_x,Wrist.R_y,Wrist.R_z,Elbow.R_x,Elbow.R_y,Elbow.R_z,Shoulder.R_x,Shoulder.R_y,Shoulder.R_z,Shoulder.L_x,Shoulder.L_y,Shoulder.L_z,Elbow.L_x,Elbow.L_y,Elbow.L_z,Wrist.L_x,Wrist.L_y,Wrist.L_z,Neck_x,Neck_y,Neck_z,Head_x,Head_y,Head_z,Nose_x,Nose_y,Nose_z,hip.Center_x,hip.Center_y,hip.Center_z
0,-0.24576643,-1.6910032,-1.3452308,-0.21036795,-0.9123882,-0.52120626,-0.13958481,-0.027604716,-0.44826064,0.32049915,-0.027604716,-0.5588674,0.24971601,-0.9477869,-0.78747857,0.17893288,-1.7264022,-1.5397716,-0.31654957,0.07856308,-0.03079763,-0.2811511,0.60944426,-0.32560003,-0.1749833,1.1756963,-0.42565772,0.5328491,1.1403116,-0.6552304,0.5682471,0.5740458,-0.35749134,0.5682471,0.007779939,-0.17177421,0.17893288,1.1580039,-0.60590154,0.24972984,1.972018,-0.70810103,0.21433136,1.565011,-0.60411936,0.09045765,-0.027604716,-0.49808615
