frame,Ankle.R_x,Ankle.R_y,Ankle.R_z,Knee.R_x,Knee.R_y,Knee.R_z,Hip.R_x,Hip.R_y,Hip.R_z,Hip.L_x,Hip.L_y,Hip.L_z,Knee.L_x,Knee.L_y,Knee.L_z,Ankle.L_x,Ankle.L_y,Ankle.L_z,Wrist.R_x,Wrist.R_y,Wrist.R_z,Elbow.R_x,Elbow.R_y,Elbow.R_z,Shoulder.R_x,Shoulder.R_y,Shoulder.R_z,Shoulder.L_x,Shoulder.L_y,Shoulder.L_z,Elbow.L_x,Elbow.L_y,Elbow.L_z,Wrist.L_x,Wrist.L_y,Wrist.L_z,Neck_x,Neck_y,Neck_z,Head_x,Head_y,Head_z,Nose_x,Nose_y,Nose_z,hip.Center_x,hip.Center_y,hip.Center_z
0,0.4322276,-1.100814,-0.35737616,1.2105837,-0.28354657,-0.16357225,0.081970215,-0.011112317,-0.1838834,0.081970215,-0.011112317,-0.8258301,0.043040752,-1.1786548,-0.91249543,-0.073711395,-2.1126747,-0.7654398,0.15979385,0.10564007,-0.18566999,-0.26828718,0.6894027,-0.12457651,-0.073711395,1.3899177,-0.31950018,0.120882034,1.3899177,-1.0133643,0.120882034,0.6894027,-0.80980664,0.276546,0.10564007,-0.65564424,0.02358532,1.3899177,-0.7081443,0.76301193,1.8569276,-0.71662056,0.39329863,1.6234226,-0.59791803,0.081970215,-0.011112317,-0.50117284
