frame,Ankle.R_x,Ankle.R_y,Ankle.R_z,Knee.R_x,Knee.R_y,Knee.R_z,Hip.R_x,Hip.R_y,Hip.R_z,Hip.L_x,Hip.L_y,Hip.L_z,Knee.L_x,Knee.L_y,Knee.L_z,Ankle.L_x,Ankle.L_y,Ankle.L_z,Wrist.R_x,Wrist.R_y,Wrist.R_z,Elbow.R_x,Elbow.R_y,Elbow.R_z,Shoulder.R_x,Shoulder.R_y,Shoulder.R_z,Shoulder.L_x,Shoulder.L_y,Shoulder.L_z,Elbow.L_x,Elbow.L_y,Elbow.L_z,Wrist.L_x,Wrist.L_y,Wrist.L_z,Neck_x,Neck_y,Neck_z,Head_x,Head_y,Head_z,Nose_x,Nose_y,Nose_z,hip.Center_x,hip.Center_y,hip.Center_z
0,0.08578161,-1.9296523,0.009880543,0.13882783,-1.063286,0.045767188,0.10346893,-0.03779658,-0.48080987,0.032735385,-0.002437435,-0.5115089,0.06811003,-0.99256784,-0.6917746,-0.0026235208,-1.8412467,-1.0563953,0.38635638,-0.002437435,-0.6577642,0.06811003,0.59872836,-0.49389505,0.13882783,1.3059553,-0.5023522,-0.108700715,1.3059553,-0.53572744,-0.21479365,0.634087,-0.83328754,0.24490502,-0.002437435,-0.8344598,0.015063323,1.3059553,-0.49621624,0.82836777,1.8717618,-0.6452849,0.42171577,1.5888586,-0.5739714,0.06810192,-0.020117126,-0.5028046
