frame,Ankle.R_x,Ankle.R_y,Ankle.R_z,Knee.R_x,Knee.R_y,Knee.R_z,Hip.R_x,Hip.R_y,Hip.R_z,Hip.L_x,Hip.L_y,Hip.L_z,Knee.L_x,Knee.L_y,Knee.L_z,Ankle.L_x,Ankle.L_y,Ankle.L_z,Wrist.R_x,Wrist.R_y,Wrist.R_z,Elbow.R_x,Elbow.R_y,Elbow.R_z,Shoulder.R_x,Shoulder.R_y,Shoulder.R_z,Shoulder.L_x,Shoulder.L_y,Shoulder.L_z,Elbow.L_x,Elbow.L_y,Elbow.L_z,Wrist.L_x,Wrist.L_y,Wrist.L_z,Neck_x,Neck_y,Neck_z,Head_x,Head_y,Head_z,Nose_x,Nose_y,Nose_z,hip.Center_x,hip.Center_y,hip.Center_z
0,-0.10087857,-1.8635639,0.1317842,-0.10087857,-0.9634892,-0.10317403,0.055660874,-0.024283277,-0.6470921,0.055660874,-0.024283277,-0.34344375,0.055660874,-1.0026203,-0.5692455,0.17305437,-1.9809722,-0.8398547,0.29046264,0.053993836,-0.42153135,0.094792515,0.601859,-0.6514093,0.094792515,1.2671324,-0.6024018,0.094792515,1.2280012,-0.43237436,0.01652971,0.601859,-0.4192061,-0.33567986,0.053993836,-0.3069278,0.094792515,1.2475669,-0.5146851,-0.6096271,2.0693796,-0.5969027,-0.25741753,1.6584731,-0.5851246,0.055660874,-0.024283277,-0.49886498
