frame,Ankle.R_x,Ankle.R_y,Ankle.R_z,Knee.R_x,Knee.R_y,Knee.R_z,Hip.R_x,Hip.R_y,Hip.R_z,Hip.L_x,Hip.L_y,Hip.L_z,Knee.L_x,Knee.L_y,Knee.L_z,Ankle.L_x,Ankle.L_y,Ankle.L_z,Wrist.R_x,Wrist.R_y,Wrist.R_z,Elbow.R_x,Elbow.R_y,Elbow.R_z,Shoulder.R_x,Shoulder.R_y,Shoulder.R_z,Shoulder.L_x,Shoulder.L_y,Shoulder.L_z,Elbow.L_x,Elbow.L_y,Elbow.L_z,Wrist.L_x,Wrist.L_y,Wrist.L_z,Neck_x,Neck_y,Neck_z,Head_x,Head_y,Head_z,Nose_x,Nose_y,Nose_z,hip.Center_x,hip.Center_y,hip.Center_z
0,0.21504371,-2.418781,-0.12220293,0.08456962,-1.20109,-0.3982346,0.041090176,-0.026896408,-0.730685,0.08456962,0.016582796,-0.2592637,-0.8286765,-0.41830033,-0.6519425,-0.26333696,-1.4185406,-0.56951237,-0.045886353,-0.07039373,-0.7056403,-0.00240691,0.58193976,-0.4944535,-0.045886353,1.3212504,-0.71019745,0.30201977,1.3212504,-0.4068046,0.43249387,0.6254192,-0.005408883,0.2585413,-0.1573705,-0.0098851025,0.12806718,1.3212504,-0.5954623,-0.7416995,1.7561156,-0.7141543,-0.30681592,1.538683,-0.74009085,0.06282966,-0.0051566865,-0.49932778
