frame,Ankle.R_x,Ankle.R_y,Ankle.R_z,Knee.R_x,Knee.R_y,Knee.R_z,Hip.R_x,Hip.R_y,Hip.R_z,Hip.L_x,Hip.L_y,Hip.L_z,Knee.L_x,Knee.L_y,Knee.L_z,Ankle.L_x,Ankle.L_y,Ankle.L_z,Wrist.R_x,Wrist.R_y,Wrist.R_z,Elbow.R_x,Elbow.R_y,Elbow.R_z,Shoulder.R_x,Shoulder.R_y,Shoulder.R_z,Shoulder.L_x,Shoulder.L_y,Shoulder.L_z,Elbow.L_x,Elbow.L_y,Elbow.L_z,Wrist.L_x,Wrist.L_y,Wrist.L_z,Neck_x,Neck_y,Neck_z,Head_x,Head_y,Head_z,Nose_x,Nose_y,Nose_z,hip.Center_x,hip.Center_y,hip.Center_z
0,-0.036557697,-1.7796719,-0.7009937,0.050765015,-1.2382066,-0.039556086,0.015832879,-0.015527459,-0.40040052,0.1555638,-0.015527459,-0.60771924,0.1555638,-1.2032735,-0.35964647,-0.019099735,-1.7272813,-0.758626,0.085698105,-0.05046031,-0.42860836,-0.22869638,0.61327815,-0.39109465,-0.054032825,1.3818148,-0.43693498,0.050765015,1.3818148,-0.7723756,0.12063072,0.47353056,-0.86173093,0.2254295,-0.05046031,-0.48100173,-0.0016336665,1.3818148,-0.5683519,0.8018527,1.870873,-0.638401,0.40010926,1.626344,-0.559949,0.085698105,-0.015527459,-0.5004709
