frame,Ankle.R_x,Ankle.R_y,Ankle.R_z,Knee.R_x,Knee.R_y,Knee.R_z,Hip.R_x,Hip.R_y,Hip.R_z,Hip.L_x,Hip.L_y,Hip.L_z,Knee.L_x,Knee.L_y,Knee.L_z,Ankle.L_x,Ankle.L_y,Ankle.L_z,Wrist.R_x,Wrist.R_y,Wrist.R_z,Elbow.R_x,Elbow.R_y,Elbow.R_z,Shoulder.R_x,Shoulder.R_y,Shoulder.R_z,Shoulder.L_x,Shoulder.L_y,Shoulder.L_z,Elbow.L_x,Elbow.L_y,Elbow.L_z,Wrist.L_x,Wrist.L_y,Wrist.L_z,Neck_x,Neck_y,Neck_z,Head_x,Head_y,Head_z,Nose_x,Nose_y,Nose_z,hip.Center_x,hip.Center_y,hip.Center_z
0,-0.19733866,-1.339557,-1.0204123,0.1033458,-1.1677402,-0.6769937,-0.02552183,-0.0079537695,-0.71249753,0.14629547,-0.0079537695,-0.30533436,-0.8846236,-0.43750465,-0.36487207,0.23221295,-2.3704581,-0.2645591,0.060378,-0.09387124,-0.7032378,0.1033458,0.55044687,-0.82415754,0.060378,1.3665994,-0.6824616,0.27516216,1.3665994,-0.28885087,0.3610615,0.5934144,-0.45459074,0.14629547,-0.13682091,-0.4128416,0.16777031,1.3665994,-0.42982775,-0.7342816,1.7961327,-0.29935563,-0.2832561,1.581366,-0.39514574,0.06038706,-0.0079537695,-0.500334
