frame,Ankle.R_x,Ankle.R_y,Ankle.R_z,Knee.R_x,Knee.R_y,Knee.R_z,Hip.R_x,Hip.R_y,Hip.R_z,Hip.L_x,Hip.L_y,Hip.L_z,Knee.L_x,Knee.L_y,Knee.L_z,Ankle.L_x,Ankle.L_y,Ankle.L_z,Wrist.R_x,Wrist.R_y,Wrist.R_z,Elbow.R_x,Elbow.R_y,Elbow.R_z,Shoulder.R_x,Shoulder.R_y,Shoulder.R_z,Shoulder.L_x,Shoulder.L_y,Shoulder.L_z,Elbow.L_x,Elbow.L_y,Elbow.L_z,Wrist.L_x,Wrist.L_y,Wrist.L_z,Neck_x,Neck_y,Neck_z,Head_x,Head_y,Head_z,Nose_x,Nose_y,Nose_z,hip.Center_x,hip.Center_y,hip.Center_z
0,-0.07223656,-2.1643898,0.25276583,0.46061227,-1.0986917,-0.14005786,0.09171579,-0.0329938,-0.4543195,0.09171579,0.007998457,-0.53124213,0.09171579,-1.0576994,-0.81115115,-0.11322882,-2.1234138,-0.89191836,0.09171579,0.007998457,-0.3713463,-0.23620465,0.6228318,-0.45420635,-0.07223656,1.2786571,-0.51014286,0.00973127,1.2786571,-0.64071506,0.05072353,0.54084754,-0.77623,0.29665992,0.04899048,-0.42592028,-0.031252407,1.2786571,-0.57751,0.70652485,1.7704979,-0.6782946,0.33763596,1.5245776,-0.56747204,0.09171579,-0.012497673,-0.5015878
