frame,Ankle.R_x,Ankle.R_y,Ankle.R_z,Knee.R_x,Knee.R_y,Knee.R_z,Hip.R_x,Hip.R_y,Hip.R_z,Hip.L_x,Hip.L_y,Hip.L_z,Knee.L_x,Knee.L_y,Knee.L_z,Ankle.L_x,Ankle.L_y,Ankle.L_z,Wrist.R_x,Wrist.R_y,Wrist.R_z,Elbow.R_x,Elbow.R_y,Elbow.R_z,Shoulder.R_x,Shoulder.R_y,Shoulder.R_z,Shoulder.L_x,Shoulder.L_y,Shoulder.L_z,Elbow.L_x,Elbow.L_y,Elbow.L_z,Wrist.L_x,Wrist.L_y,Wrist.L_z,Neck_x,Neck_y,Neck_z,Head_x,Head_y,Head_z,Nose_x,Nose_y,Nose_z,hip.Center_x,hip.Center_y,hip.Center_z
0,0.024335932,-1.8001378,-0.8520069,-0.0855798,-0.95746017,-0.35765743,-0.15884773,-0.04151509,-0.43632853,0.28080088,-0.004881123,-0.5639556,0.28080088,-0.88419247,-0.81895936,0.35406834,-1.5803063,-1.4778755,-0.48859447,-0.004881123,-0.18802428,-0.45196098,0.544683,-0.41014263,-0.37867922,1.1308953,-0.38103443,0.35406834,1.1675291,-0.57014346,0.46398407,0.617965,-0.13586313,0.50063235,0.068400644,0.16442329,-0.012305189,1.1492122,-0.5218308,-0.08558743,1.9918754,-0.6369314,-0.04894631,1.5705439,-0.5635978,0.060976576,-0.023198107,-0.49932864
