frame,Ankle.R_x,Ankle.R_y,Ankle.R_z,Knee.R_x,Knee.R_y,Knee.R_z,Hip.R_x,Hip.R_y,Hip.R_z,Hip.L_x,Hip.L_y,Hip.L_z,Knee.L_x,Knee.L_y,Knee.L_z,Ankle.L_x,Ankle.L_y,Ankle.L_z,Wrist.R_x,Wrist.R_y,Wrist.R_z,Elbow.R_x,Elbow.R_y,Elbow.R_z,Shoulder.R_x,Shoulder.R_y,Shoulder.R_z,Shoulder.L_x,Shoulder.L_y,Shoulder.L_z,Elbow.L_x,Elbow.L_y,Elbow.L_z,Wrist.L_x,Wrist.L_y,Wrist.L_z,Neck_x,Neck_y,Neck_z,Head_x,Head_y,Head_z,Nose_x,Nose_y,Nose_z,hip.Center_x,hip.Center_y,hip.Center_z
0,-0.4191329,-1.7674243,-0.6595474,-0.029292278,-1.0724795,-0.0018362403,0.0046151355,-0.021569965,-0.43870103,0.17410499,-0.021569965,-0.5737265,0.106305905,-1.0385721,-0.276248,0.106305905,-1.7165787,-0.90234065,0.0046151355,0.012321712,-0.56089073,-0.23268908,0.6564367,-0.36180276,-0.09709089,1.3005359,-0.466708,0.07241423,1.3005359,-0.66225153,0.07241423,0.52082276,-0.77972615,0.30970317,0.080136776,-0.30937964,-0.012338333,1.3005359,-0.5418587,0.6995595,2.114125,-0.68809843,0.34361058,1.7073305,-0.66294,0.089360066,-0.021569965,-0.5022044
