frame,Ankle.R_x,Ankle.R_y,Ankle.R_z,Knee.R_x,Knee.R_y,Knee.R_z,Hip.R_x,Hip.R_y,Hip.R_z,Hip.L_x,Hip.L_y,Hip.L_z,Knee.L_x,Knee.L_y,Knee.L_z,Ankle.L_x,Ankle.L_y,Ankle.L_z,Wrist.R_x,Wrist.R_y,Wrist.R_z,Elbow.R_x,Elbow.R_y,Elbow.R_z,Shoulder.R_x,Shoulder.R_y,Shoulder.R_z,Shoulder.L_x,Shoulder.L_y,Shoulder.L_z,Elbow.L_x,Elbow.L_y,Elbow.L_z,Wrist.L_x,Wrist.L_y,Wrist.L_z,Neck_x,Neck_y,Neck_z,Head_x,Head_y,Head_z,Nose_x,Nose_y,Nose_z,hip.Center_x,hip.Center_y,hip.Center_z
0,-0.30466518,-1.0560848,-0.88972104,-0.47946605,-0.112168394,-0.4075296,-0.12986383,0.06263272,-0.72609097,0.32461253,-0.077205025,-0.29399502,0.2197384,-1.2308856,-0.7317182,0.18477479,-1.8601471,-1.2085509,-0.4095393,0.097579874,-0.0060993135,-0.3396283,0.62198323,-0.44550574,-0.16482744,1.2162973,-0.78753734,0.67419803,1.1463703,-0.3581147,0.7091621,0.4821457,-0.2633806,0.6392516,-0.18209536,-0.12129399,0.2546853,1.1813338,-0.63416183,0.2546853,2.0902867,-0.59613633,0.2546853,1.6358103,-0.38676274,0.09737434,-0.007285914,-0.49390936
