frame,Ankle.R_x,Ankle.R_y,Ankle.R_z,Knee.R_x,Knee.R_y,Knee.R_z,Hip.R_x,Hip.R_y,Hip.R_z,Hip.L_x,Hip.L_y,Hip.L_z,Knee.L_x,Knee.L_y,Knee.L_z,Ankle.L_x,Ankle.L_y,Ankle.L_z,Wrist.R_x,Wrist.R_y,Wrist.R_z,Elbow.R_x,Elbow.R_y,Elbow.R_z,Shoulder.R_x,Shoulder.R_y,Shoulder.R_z,Shoulder.L_x,Shoulder.L_y,Shoulder.L_z,Elbow.L_x,Elbow.L_y,Elbow.L_z,Wrist.L_x,Wrist.L_y,Wrist.L_z,Neck_x,Neck_y,Neck_z,Head_x,Head_y,Head_z,Nose_x,Nose_y,Nose_z,hip.Center_x,hip.Center_y,hip.Center_z
0,-0.108586706,-1.9614629,-0.4836136,0.015944563,-1.1253346,-0.032610238,0.015944563,-0.02235495,-0.45394406,0.15826425,-0.02235495,-0.53931653,0.4073268,-0.98301494,-0.2630238,0.122688375,-1.8725232,-0.9527167,0.05152043,-0.02235495,-0.65415686,-0.23311844,0.65366614,-0.4376572,-0.09079877,1.3296874,-0.38172948,0.015944563,1.3296874,-0.71334684,-0.055222906,0.6180903,-0.906562,0.15826425,-0.02235495,-0.6562079,-0.037426867,1.3296874,-0.5259298,0.70974594,1.8989651,-0.64935166,0.3361598,1.6143262,-0.56132346,0.0871044,-0.02235495,-0.5036893
