frame,Ankle.R_x,Ankle.R_y,Ankle.R_z,Knee.R_x,Knee.R_y,Knee.R_z,Hip.R_x,Hip.R_y,Hip.R_z,Hip.L_x,Hip.L_y,Hip.L_z,Knee.L_x,Knee.L_y,Knee.L_z,Ankle.L_x,Ankle.L_y,Ankle.L_z,Wrist.R_x,Wrist.R_y,Wrist.R_z,Elbow.R_x,Elbow.R_y,Elbow.R_z,Shoulder.R_x,Shoulder.R_y,Shoulder.R_z,Shoulder.L_x,Shoulder.L_y,Shoulder.L_z,Elbow.L_x,Elbow.L_y,Elbow.L_z,Wrist.L_x,Wrist.L_y,Wrist.L_z,Neck_x,Neck_y,Neck_z,Head_x,Head_y,Head_z,Nose_x,Nose_y,Nose_z,hip.Center_x,hip.Center_y,hip.Center_z
0,-0.12936747,-1.775005,-1.2128866,-0.12936747,-0.92034304,-0.50770175,-0.09052193,-0.026821284,-0.46976572,0.25911796,-0.026821284,-0.5316724,0.22027242,-0.92034304,-0.6681359,0.22027242,-1.775005,-1.3369907,-0.32361042,0.050884336,-0.23629764,-0.40131533,0.6336125,-0.40843377,-0.24591887,1.2163407,-0.34350705,0.33680952,1.1774949,-0.61019397,0.37566936,0.59476674,-0.39159685,0.531052,0.050884336,-0.21390435,0.045445323,1.1969178,-0.50633603,0.39509904,1.9350427,-0.5743643,0.22027242,1.5659802,-0.5128847,0.084298015,-0.026821284,-0.4991411
