frame,Ankle.R_x,Ankle.R_y,Ankle.R_z,Knee.R_x,Knee.R_y,Knee.R_z,Hip.R_x,Hip.R_y,Hip.R_z,Hip.L_x,Hip.L_y,Hip.L_z,Knee.L_x,Knee.L_y,Knee.L_z,Ankle.L_x,Ankle.L_y,Ankle.L_z,Wrist.R_x,Wrist.R_y,Wrist.R_z,Elbow.R_x,Elbow.R_y,Elbow.R_z,Shoulder.R_x,Shoulder.R_y,Shoulder.R_z,Shoulder.L_x,Shoulder.L_y,Shoulder.L_z,Elbow.L_x,Elbow.L_y,Elbow.L_z,Wrist.L_x,Wrist.L_y,Wrist.L_z,Neck_x,Neck_y,Neck_z,Head_x,Head_y,Head_z,Nose_x,Nose_y,Nose_z,hip.Center_x,hip.Center_y,hip.Center_z
0,0.2202677,-2.0752807,-0.30409825,0.27508873,-1.0702013,-0.71968997,0.34818977,-0.046827197,-0.53601474,-0.16349752,0.026273368,-0.46892977,-0.41934162,-0.08338559,-1.2227342,-0.34624058,-0.6316148,-1.3807397,0.7136759,-0.046827197,-1.2979236,0.75021785,0.5745026,-1.0022837,0.6040167,1.2689329,-0.5675082,-0.23659809,1.2689329,-0.5683252,-0.3827992,0.53794396,-0.72140586,-0.5289841,-0.01028526,-1.0897195,0.18370907,1.2689329,-0.65782493,-0.2914191,1.9267883,-0.6099403,-0.053855017,1.5978606,-0.9070302,0.09234564,-0.0102769155,-0.49718037
