frame,Ankle.R_x,Ankle.R_y,Ankle.R_z,Knee.R_x,Knee.R_y,Knee.R_z,Hip.R_x,Hip.R_y,Hip.R_z,Hip.L_x,Hip.L_y,Hip.L_z,Knee.L_x,Knee.L_y,Knee.L_z,Ankle.L_x,Ankle.L_y,Ankle.L_z,Wrist.R_x,Wrist.R_y,Wrist.R_z,Elbow.R_x,Elbow.R_y,Elbow.R_z,Shoulder.R_x,Shoulder.R_y,Shoulder.R_z,Shoulder.L_x,Shoulder.L_y,Shoulder.L_z,Elbow.L_x,Elbow.L_y,Elbow.L_z,Wrist.L_x,Wrist.L_y,Wrist.L_z,Neck_x,Neck_y,Neck_z,Head_x,Head_y,Head_z,Nose_x,Nose_y,Nose_z,hip.Center_x,hip.Center_y,hip.Center_z
0,-0.027312726,-1.8029693,-0.3549908,0.12870029,-1.0922593,0.04196763,0.05936101,-0.017534906,-0.4652915,0.12870029,-0.017534906,-0.5378706,0.12870029,-1.0575899,-0.4771585,-0.027312726,-1.8029693,-0.79183054,0.19803908,-0.017534906,-0.5960753,-0.044647664,0.6411546,-0.37592113,0.024691612,1.2998605,-0.49281558,0.05936101,1.33453,-0.61873716,-0.009977788,0.5718315,-0.8233567,0.26737836,0.05178792,-0.4770973,0.042026073,1.3171952,-0.5133537,0.77008724,2.1145627,-0.7244175,0.4060569,1.7158791,-0.6169337,0.09403041,-0.017534906,-0.5036033
