frame,Ankle.R_x,Ankle.R_y,Ankle.R_z,Knee.R_x,Knee.R_y,Knee.R_z,Hip.R_x,Hip.R_y,Hip.R_z,Hip.L_x,Hip.L_y,Hip.L_z,Knee.L_x,Knee.L_y,Knee.L_z,Ankle.L_x,Ankle.L_y,Ankle.L_z,Wrist.R_x,Wrist.R_y,Wrist.R_z,Elbow.R_x,Elbow.R_y,Elbow.R_z,Shoulder.R_x,Shoulder.R_y,Shoulder.R_z,Shoulder.L_x,Shoulder.L_y,Shoulder.L_z,Elbow.L_x,Elbow.L_y,Elbow.L_z,Wrist.L_x,Wrist.L_y,Wrist.L_z,Neck_x,Neck_y,Neck_z,Head_x,Head_y,Head_z,Nose_x,Nose_y,Nose_z,hip.Center_x,hip.Center_y,hip.Center_z
0,-0.28103065,-1.5486103,-1.5730458,-0.35594368,-0.68704945,-0.80854964,-0.13118933,0.02467005,-0.6620059,0.31831932,-0.050242975,-0.346434,0.24339105,-1.0241734,-0.75359905,0.16847755,-1.9606477,-1.3784659,-0.3934002,-0.012786224,0.06631124,-0.28103065,0.51163524,-0.3768195,-0.13118933,1.1484418,-0.5021694,0.6179867,1.1109853,-0.41094288,0.6928997,0.47417897,-0.30716965,0.6179867,-0.125156,-0.20552817,0.2433982,1.1297137,-0.49476522,0.24338295,1.9912745,-0.63742304,0.24339105,1.560494,-0.4999498,0.093565,-0.012786224,-0.49590415
