frame,Ankle.R_x,Ankle.R_y,Ankle.R_z,Knee.R_x,Knee.R_y,Knee.R_z,Hip.R_x,Hip.R_y,Hip.R_z,Hip.L_x,Hip.L_y,Hip.L_z,Knee.L_x,Knee.L_y,Knee.L_z,Ankle.L_x,Ankle.L_y,Ankle.L_z,Wrist.R_x,Wrist.R_y,Wrist.R_z,Elbow.R_x,Elbow.R_y,Elbow.R_z,Shoulder.R_x,Shoulder.R_y,Shoulder.R_z,Shoulder.L_x,Shoulder.L_y,Shoulder.L_z,Elbow.L_x,Elbow.L_y,Elbow.L_z,Wrist.L_x,Wrist.L_y,Wrist.L_z,Neck_x,Neck_y,Neck_z,Head_x,Head_y,Head_z,Nose_x,Nose_y,Nose_z,hip.Center_x,hip.Center_y,hip.Center_z
0,0.3624658,-1.8571111,-0.47330594,0.3624658,-0.9197051,-0.508027,0.28747457,-0.019809185,-0.3644973,-0.124991946,-0.019809185,-0.63670295,-0.16248757,-0.9197051,-1.1299353,-0.16248757,-1.8571111,-1.0664792,0.62493557,0.05518228,-1.2146951,0.51244825,0.54262596,-0.81815374,0.3999614,1.1425567,-0.37834656,-0.27497488,1.105061,-0.56892824,-0.3499661,0.5051301,-0.78450394,-0.3499661,0.017686667,-1.1664841,0.062493272,1.123809,-0.47656924,0.5124554,1.9112462,-0.44666418,0.28747457,1.5175275,-0.59740126,0.08124108,-0.019809185,-0.4999849
