frame,Ankle.R_x,Ankle.R_y,Ankle.R_z,Knee.R_x,Knee.R_y,Knee.R_z,Hip.R_x,Hip.R_y,Hip.R_z,Hip.L_x,Hip.L_y,Hip.L_z,Knee.L_x,Knee.L_y,Knee.L_z,Ankle.L_x,Ankle.L_y,Ankle.L_z,Wrist.R_x,Wrist.R_y,Wrist.R_z,Elbow.R_x,Elbow.R_y,Elbow.R_z,Shoulder.R_x,Shoulder.R_y,Shoulder.R_z,Shoulder.L_x,Shoulder.L_y,Shoulder.L_z,Elbow.L_x,Elbow.L_y,Elbow.L_z,Wrist.L_x,Wrist.L_y,Wrist.L_z,Neck_x,Neck_y,Neck_z,Head_x,Head_y,Head_z,Nose_x,Nose_y,Nose_z,hip.Center_x,hip.Center_y,hip.Center_z
0,-0.17446858,-1.6948174,-1.2553517,-0.20919329,-0.896058,-0.47878647,-0.13974434,-0.027849829,-0.51978767,0.27700418,-0.027849829,-0.48551148,0.24227995,-0.9307963,-0.71663344,0.24227995,-1.6948174,-1.3880935,-0.45229203,0.07633742,-0.06344986,-0.348105,0.5972596,-0.39948168,-0.20919329,1.1529064,-0.43973562,0.48536485,1.1529064,-0.60747004,0.5548281,0.5972596,-0.26434892,0.5201029,0.07633742,-0.029553026,0.13808626,1.1529064,-0.58504236,0.13809961,1.9864041,-0.70923495,0.13809294,1.5696552,-0.6243278,0.06863016,-0.027849829,-0.49764058
