frame,Ankle.R_x,Ankle.R_y,Ankle.R_z,Knee.R_x,Knee.R_y,Knee.R_z,Hip.R_x,Hip.R_y,Hip.R_z,Hip.L_x,Hip.L_y,Hip.L_z,Knee.L_x,Knee.L_y,Knee.L_z,Ankle.L_x,Ankle.L_y,Ankle.L_z,Wrist.R_x,Wrist.R_y,Wrist.R_z,Elbow.R_x,Elbow.R_y,Elbow.R_z,Shoulder.R_x,Shoulder.R_y,Shoulder.R_z,Shoulder.L_x,Shoulder.L_y,Shoulder.L_z,Elbow.L_x,Elbow.L_y,Elbow.L_z,Wrist.L_x,Wrist.L_y,Wrist.L_z,Neck_x,Neck_y,Neck_z,Head_x,Head_y,Head_z,Nose_x,Nose_y,Nose_z,hip.Center_x,hip.Center_y,hip.Center_z
0,0.18537115,-2.005521,-0.14352518,0.25974727,-1.0014513,-0.4554356,0.33412337,-0.03457687,-0.46644303,-0.1493137,0.0026035532,-0.533858,-0.40962243,-0.55520964,-1.2529578,-0.26087022,-1.2617753,-0.9710447,0.6316278,0.0026035532,-1.2912942,0.7060039,0.56041694,-0.9463316,0.5572517,1.1926061,-0.55167687,-0.22368981,1.2297866,-0.49130464,-0.33524632,0.5232363,-0.73663116,-0.4468181,0.039799236,-1.1683246,0.1667807,1.2111964,-0.5427676,-0.31665635,1.8433857,-0.4564746,-0.0749376,1.5272912,-0.7278024,0.09240459,-0.015986659,-0.50098884
