frame,Ankle.R_x,Ankle.R_y,Ankle.R_z,Knee.R_x,Knee.R_y,Knee.R_z,Hip.R_x,Hip.R_y,Hip.R_z,Hip.L_x,Hip.L_y,Hip.L_z,Knee.L_x,Knee.L_y,Knee.L_z,Ankle.L_x,Ankle.L_y,Ankle.L_z,Wrist.R_x,Wrist.R_y,Wrist.R_z,Elbow.R_x,Elbow.R_y,Elbow.R_z,Shoulder.R_x,Shoulder.R_y,Shoulder.R_z,Shoulder.L_x,Shoulder.L_y,Shoulder.L_z,Elbow.L_x,Elbow.L_y,Elbow.L_z,Wrist.L_x,Wrist.L_y,Wrist.L_z,Neck_x,Neck_y,Neck_z,Head_x,Head_y,Head_z,Nose_x,Nose_y,Nose_z,hip.Center_x,hip.Center_y,hip.Center_z
0,0.10395751,-1.766136,-0.29370984,-0.017416619,-0.9165157,-0.23960567,-0.09832778,-0.02644741,-0.6620018,0.22533211,-0.02644741,-0.3329204,0.18486914,-0.95697916,-0.46411407,0.30624327,-1.8875107,-0.821511,-0.30062786,0.09492672,-0.06616208,-0.21970192,0.62087214,-0.33455828,-0.17925373,1.1872807,-0.5535264,0.34670624,1.2682067,-0.5162803,0.46808037,0.6613351,-0.26008445,0.30624327,0.05446375,-0.24174744,0.08372674,1.2277436,-0.56710565,-0.28038183,1.9559895,-0.753544,-0.09832778,1.5918665,-0.7326627,0.06350217,-0.02644741,-0.49737442
