frame,Ankle.R_x,Ankle.R_y,Ankle.R_z,Knee.R_x,Knee.R_y,Knee.R_z,Hip.R_x,Hip.R_y,Hip.R_z,Hip.L_x,Hip.L_y,Hip.L_z,Knee.L_x,Knee.L_y,Knee.L_z,Ankle.L_x,Ankle.L_y,Ankle.L_z,Wrist.R_x,Wrist.R_y,Wrist.R_z,Elbow.R_x,Elbow.R_y,Elbow.R_z,Shoulder.R_x,Shoulder.R_y,Shoulder.R_z,Shoulder.L_x,Shoulder.L_y,Shoulder.L_z,Elbow.L_x,Elbow.L_y,Elbow.L_z,Wrist.L_x,Wrist.L_y,Wrist.L_z,Neck_x,Neck_y,Neck_z,Head_x,Head_y,Head_z,Nose_x,Nose_y,Nose_z,hip.Center_x,hip.Center_y,hip.Center_z
0,0.009744778,-1.6840124,-1.334587,-0.101901874,-0.90255046,-0.7003909,-0.17631565,-0.046675704,-0.47576705,0.27023232,-0.009455228,-0.52221125,0.30743897,-0.8653438,-0.78069806,0.34464562,-1.6467919,-1.3527958,-0.5856565,0.064957835,-0.16943556,-0.5484499,0.54872584,-0.47314283,-0.43680274,1.1069069,-0.4274092,0.27023232,1.1813338,-0.57153064,0.41907227,0.62315273,-0.17639685,0.49349892,0.064957835,0.07861906,-0.0832852,1.1441203,-0.5484201,-0.046078548,1.9627886,-0.6067675,-0.06468187,1.5534544,-0.5509332,0.04695858,-0.028065467,-0.4980713
