frame,Ankle.R_x,Ankle.R_y,Ankle.R_z,Knee.R_x,Knee.R_y,Knee.R_z,Hip.R_x,Hip.R_y,Hip.R_z,Hip.L_x,Hip.L_y,Hip.L_z,Knee.L_x,Knee.L_y,Knee.L_z,Ankle.L_x,Ankle.L_y,Ankle.L_z,Wrist.R_x,Wrist.R_y,Wrist.R_z,Elbow.R_x,Elbow.R_y,Elbow.R_z,Shoulder.R_x,Shoulder.R_y,Shoulder.R_z,Shoulder.L_x,Shoulder.L_y,Shoulder.L_z,Elbow.L_x,Elbow.L_y,Elbow.L_z,Wrist.L_x,Wrist.L_y,Wrist.L_z,Neck_x,Neck_y,Neck_z,Head_x,Head_y,Head_z,Nose_x,Nose_y,Nose_z,hip.Center_x,hip.Center_y,hip.Center_z
0,0.056053367,-1.8009806,0.08337015,-0.024743829,-0.9526336,-0.2274459,0.056053367,-0.023488985,-0.6749904,0.056053367,-0.023488985,-0.318997,0.056053367,-0.9930248,-0.57656735,0.17724106,-2.0029664,-0.5429202,-0.2671354,0.057308212,-0.56452656,0.056053367,0.58248186,-0.5027695,0.13685009,1.2692499,-0.691431,0.09644434,1.2692499,-0.51549876,-0.024743829,0.6228728,-0.31089365,-0.34791782,0.09771396,-0.116660535,0.116646975,1.2692499,-0.63477945,-0.5701063,1.9964089,-0.67200834,-0.22672918,1.6328294,-0.7030809,0.056053367,-0.023488985,-0.4993505
