frame,Ankle.R_x,Ankle.R_y,Ankle.R_z,Knee.R_x,Knee.R_y,Knee.R_z,Hip.R_x,Hip.R_y,Hip.R_z,Hip.L_x,Hip.L_y,Hip.L_z,Knee.L_x,Knee.L_y,Knee.L_z,Ankle.L_x,Ankle.L_y,Ankle.L_z,Wrist.R_x,Wrist.R_y,Wrist.R_z,Elbow.R_x,Elbow.R_y,Elbow.R_z,Shoulder.R_x,Shoulder.R_y,Shoulder.R_z,Shoulder.L_x,Shoulder.L_y,Shoulder.L_z,Elbow.L_x,Elbow.L_y,Elbow.L_z,Wrist.L_x,Wrist.L_y,Wrist.L_z,Neck_x,Neck_y,Neck_z,Head_x,Head_y,Head_z,Nose_x,Nose_y,Nose_z,hip.Center_x,hip.Center_y,hip.Center_z
0,0.04063847,-1.7223325,-1.3036091,-0.07498071,-0.912957,-0.63438416,-0.15206906,-0.026492398,-0.38328734,0.27189067,-0.026492398,-0.6146461,0.38752416,-0.912957,-0.7908876,0.3489795,-1.7223325,-1.3904147,-0.46039626,0.012052018,-0.288245,-0.46039626,0.5516309,-0.4780841,-0.34477708,1.168299,-0.34485993,0.3489795,1.168299,-0.65786386,0.4645982,0.59017557,-0.26035255,0.50314283,0.050596435,-0.010778606,0.0021009669,1.168299,-0.5486504,0.07917597,1.9391303,-0.6079162,0.04063847,1.5537146,-0.5620226,0.059910797,-0.026492398,-0.4990851
