frame,Ankle.R_x,Ankle.R_y,Ankle.R_z,Knee.R_x,Knee.R_y,Knee.R_z,Hip.R_x,Hip.R_y,Hip.R_z,Hip.L_x,Hip.L_y,Hip.L_z,Knee.L_x,Knee.L_y,Knee.L_z,Ankle.L_x,Ankle.L_y,Ankle.L_z,Wrist.R_x,Wrist.R_y,Wrist.R_z,Elbow.R_x,Elbow.R_y,Elbow.R_z,Shoulder.R_x,Shoulder.R_y,Shoulder.R_z,Shoulder.L_x,Shoulder.L_y,Shoulder.L_z,Elbow.L_x,Elbow.L_y,Elbow.L_z,Wrist.L_x,Wrist.L_y,Wrist.L_z,Neck_x,Neck_y,Neck_z,Head_x,Head_y,Head_z,Nose_x,Nose_y,Nose_z,hip.Center_x,hip.Center_y,hip.Center_z
0,-0.024139717,-1.6798321,-0.13641185,-0.5124634,-0.83636487,-0.15908337,-0.024139717,0.0071018953,-0.63991755,0.15342347,-0.03729713,-0.35831988,0.15342347,-1.1915079,-0.6398088,0.2866041,-2.2125545,-0.8634102,-0.11293776,0.0071018953,-0.24841753,0.1090409,0.53982484,-0.6113097,0.15342347,1.29451,-0.816967,0.33100337,1.29451,-0.5143946,0.33100337,0.53982484,-0.3289313,-0.024139717,-0.0816797,-0.22588801,0.24221341,1.29451,-0.68737346,-0.55685455,1.9159979,-0.7652226,-0.15732034,1.6052539,-0.7352638,0.06464164,-0.015097735,-0.49697533
