frame,Ankle.R_x,Ankle.R_y,Ankle.R_z,Knee.R_x,Knee.R_y,Knee.R_z,Hip.R_x,Hip.R_y,Hip.R_z,Hip.L_x,Hip.L_y,Hip.L_z,Knee.L_x,Knee.L_y,Knee.L_z,Ankle.L_x,Ankle.L_y,Ankle.L_z,Wrist.R_x,Wrist.R_y,Wrist.R_z,Elbow.R_x,Elbow.R_y,Elbow.R_z,Shoulder.R_x,Shoulder.R_y,Shoulder.R_z,Shoulder.L_x,Shoulder.L_y,Shoulder.L_z,Elbow.L_x,Elbow.L_y,Elbow.L_z,Wrist.L_x,Wrist.L_y,Wrist.L_z,Neck_x,Neck_y,Neck_z,Head_x,Head_y,Head_z,Nose_x,Nose_y,Nose_z,hip.Center_x,hip.Center_y,hip.Center_z
0,0.21317601,-2.2336354,-0.50197613,0.042471647,-1.0813537,-0.6089302,0.08513522,-0.014432206,-0.70406634,0.042471647,-0.014432206,-0.2853235,-0.7257216,-0.6972654,-0.7108176,-0.08556914,-1.5934825,0.06048757,-0.00020813942,-0.09977557,-0.5188932,0.042471647,0.6257379,-0.45628643,0.042471647,1.3512338,-0.64637005,0.25585628,1.3939141,-0.53415644,0.29851937,0.6257379,-0.17689395,0.042471647,-0.057095066,-0.07015717,0.14916396,1.372574,-0.61815006,-0.74707055,1.8420228,-0.6017596,-0.29895282,1.6072984,-0.69172895,0.06380391,-0.014432206,-0.49926016
