frame,Ankle.R_x,Ankle.R_y,Ankle.R_z,Knee.R_x,Knee.R_y,Knee.R_z,Hip.R_x,Hip.R_y,Hip.R_z,Hip.L_x,Hip.L_y,Hip.L_z,Knee.L_x,Knee.L_y,Knee.L_z,Ankle.L_x,Ankle.L_y,Ankle.L_z,Wrist.R_x,Wrist.R_y,Wrist.R_z,Elbow.R_x,Elbow.R_y,Elbow.R_z,Shoulder.R_x,Shoulder.R_y,Shoulder.R_z,Shoulder.L_x,Shoulder.L_y,Shoulder.L_z,Elbow.L_x,Elbow.L_y,Elbow.L_z,Wrist.L_x,Wrist.L_y,Wrist.L_z,Neck_x,Neck_y,Neck_z,Head_x,Head_y,Head_z,Nose_x,Nose_y,Nose_z,hip.Center_x,hip.Center_y,hip.Center_z
0,0.41960412,-1.2940441,-1.4958041,0.5307773,-0.5158017,-0.9606592,0.30843097,0.0030216472,-0.35498333,-0.17333478,-0.034035992,-0.6480702,-0.062161632,-0.96050936,-0.969669,0.01196938,-1.9981562,-0.54351914,0.56783515,0.040079523,-1.1174134,0.456662,0.5959603,-0.77577305,0.30843097,1.2259566,-0.42199206,-0.46979636,1.1518412,-0.62602144,-0.50685424,0.5218448,-0.9059033,-0.46979636,-0.034035992,-1.2784728,-0.08068294,1.1888988,-0.50622237,0.32696754,2.0041687,-0.3965679,0.12314253,1.5965338,-0.61850756,0.06754809,-0.015507291,-0.49915123
