frame,Ankle.R_x,Ankle.R_y,Ankle.R_z,Knee.R_x,Knee.R_y,Knee.R_z,Hip.R_x,Hip.R_y,Hip.R_z,Hip.L_x,Hip.L_y,Hip.L_z,Knee.L_x,Knee.L_y,Knee.L_z,Ankle.L_x,Ankle.L_y,Ankle.L_z,Wrist.R_x,Wrist.R_y,Wrist.R_z,Elbow.R_x,Elbow.R_y,Elbow.R_z,Shoulder.R_x,Shoulder.R_y,Shoulder.R_z,Shoulder.L_x,Shoulder.L_y,Shoulder.L_z,Elbow.L_x,Elbow.L_y,Elbow.L_z,Wrist.L_x,Wrist.L_y,Wrist.L_z,Neck_x,Neck_y,Neck_z,Head_x,Head_y,Head_z,Nose_x,Nose_y,Nose_z,hip.Center_x,hip.Center_y,hip.Center_z
0,-0.23503321,-1.6491432,-1.5602615,-0.2711627,-0.8541135,-0.77989036,-0.12661475,0.013190078,-0.5511213,0.30703002,-0.059083894,-0.4513841,0.27090007,-0.9625177,-0.7191693,0.19862634,-1.7575474,-1.3867784,-0.34343737,0.04933457,0.061903954,-0.2711627,0.59139735,-0.3651849,-0.12661475,1.1695905,-0.4721439,0.59614116,1.1334605,-0.57916766,0.63227063,0.5552533,-0.3734402,0.59614116,-0.02295394,-0.2237137,0.23476297,1.1515255,-0.5814804,0.16248924,1.9826851,-0.7363888,0.19862634,1.5671053,-0.6142747,0.09020788,-0.022946788,-0.49598628
