frame,Ankle.R_x,Ankle.R_y,Ankle.R_z,Knee.R_x,Knee.R_y,Knee.R_z,Hip.R_x,Hip.R_y,Hip.R_z,Hip.L_x,Hip.L_y,Hip.L_z,Knee.L_x,Knee.L_y,Knee.L_z,Ankle.L_x,Ankle.L_y,Ankle.L_z,Wrist.R_x,Wrist.R_y,Wrist.R_z,Elbow.R_x,Elbow.R_y,Elbow.R_z,Shoulder.R_x,Shoulder.R_y,Shoulder.R_z,Shoulder.L_x,Shoulder.L_y,Shoulder.L_z,Elbow.L_x,Elbow.L_y,Elbow.L_z,Wrist.L_x,Wrist.L_y,Wrist.L_z,Neck_x,Neck_y,Neck_z,Head_x,Head_y,Head_z,Nose_x,Nose_y,Nose_z,hip.Center_x,hip.Center_y,hip.Center_z
0,0.16152564,-1.7785449,-0.591733,0.26566878,-0.9106961,-0.6176874,0.26566878,-0.042833373,-0.31335402,-0.116190515,-0.008118914,-0.69424164,-0.046761595,-0.84126693,-1.2829684,-0.08147629,-1.6744018,-0.8734844,0.78638643,0.026595546,-1.1429064,0.6128139,0.54731315,-0.7002604,0.47395602,1.1721605,-0.37889668,-0.18561944,1.1721605,-0.6507922,-0.3244773,0.6167421,-0.8494655,-0.28976306,0.13073917,-1.1958299,0.14416829,1.1721605,-0.5236489,0.595457,1.8664505,-0.49348104,0.3698124,1.5193055,-0.6089559,0.074739374,-0.025476264,-0.500056
