frame,Ankle.R_x,Ankle.R_y,Ankle.R_z,Knee.R_x,Knee.R_y,Knee.R_z,Hip.R_x,Hip.R_y,Hip.R_z,Hip.L_x,Hip.L_y,Hip.L_z,Knee.L_x,Knee.L_y,Knee.L_z,Ankle.L_x,Ankle.L_y,Ankle.L_z,Wrist.R_x,Wrist.R_y,Wrist.R_z,Elbow.R_x,Elbow.R_y,Elbow.R_z,Shoulder.R_x,Shoulder.R_y,Shoulder.R_z,Shoulder.L_x,Shoulder.L_y,Shoulder.L_z,Elbow.L_x,Elbow.L_y,Elbow.L_z,Wrist.L_x,Wrist.L_y,Wrist.L_z,Neck_x,Neck_y,Neck_z,Head_x,Head_y,Head_z,Nose_x,Nose_y,Nose_z,hip.Center_x,hip.Center_y,hip.Center_z
0,0.18473628,-2.020005,-0.19146541,0.2576504,-1.0356424,-0.45839685,0.33056453,-0.014815389,-0.38579264,-0.14338395,-0.014815389,-0.61688226,-0.28921267,-0.6346076,-1.3427641,-0.21629855,-1.290849,-0.8840492,0.62223583,-0.014815389,-1.2009482,0.65868527,0.53204745,-0.8517194,0.512857,1.1882892,-0.4106409,-0.25276324,1.2247539,-0.59561896,-0.36212632,0.53204745,-0.7870461,-0.398591,0.021634042,-1.1722771,0.13004735,1.2065215,-0.52186835,0.45818284,1.8992277,-0.4872857,0.2941151,1.5528747,-0.7025928,0.09358982,-0.014815389,-0.4995393
