frame,Ankle.R_x,Ankle.R_y,Ankle.R_z,Knee.R_x,Knee.R_y,Knee.R_z,Hip.R_x,Hip.R_y,Hip.R_z,Hip.L_x,Hip.L_y,Hip.L_z,Knee.L_x,Knee.L_y,Knee.L_z,Ankle.L_x,Ankle.L_y,Ankle.L_z,Wrist.R_x,Wrist.R_y,Wrist.R_z,Elbow.R_x,Elbow.R_y,Elbow.R_z,Shoulder.R_x,Shoulder.R_y,Shoulder.R_z,Shoulder.L_x,Shoulder.L_y,Shoulder.L_z,Elbow.L_x,Elbow.L_y,Elbow.L_z,Wrist.L_x,Wrist.L_y,Wrist.L_z,Neck_x,Neck_y,Neck_z,Head_x,Head_y,Head_z,Nose_x,Nose_y,Nose_z,hip.Center_x,hip.Center_y,hip.Center_z
0,0.035853527,-1.7653569,-1.2627959,-0.06449542,-0.92912304,-0.6599892,-0.16483101,-0.025994414,-0.4722534,0.27000633,-0.025994414,-0.5267575,0.30344644,-0.92912304,-0.72714245,0.37035528,-1.7653569,-1.2970619,-0.39898333,0.07435454,-0.09234768,-0.3655289,0.5760864,-0.39972067,-0.26518044,1.1447271,-0.42986232,0.40379587,1.1781815,-0.6256069,0.5041448,0.60954106,-0.26019055,0.5041448,0.040900357,-0.05264145,0.069307946,1.1614542,-0.58611333,0.069307946,1.9307932,-0.7061093,0.069307946,1.5461236,-0.61474395,0.05258765,-0.025994414,-0.49830422
