frame,Ankle.R_x,Ankle.R_y,Ankle.R_z,Knee.R_x,Knee.R_y,Knee.R_z,Hip.R_x,Hip.R_y,Hip.R_z,Hip.L_x,Hip.L_y,Hip.L_z,Knee.L_x,Knee.L_y,Knee.L_z,Ankle.L_x,Ankle.L_y,Ankle.L_z,Wrist.R_x,Wrist.R_y,Wrist.R_z,Elbow.R_x,Elbow.R_y,Elbow.R_z,Shoulder.R_x,Shoulder.R_y,Shoulder.R_z,Shoulder.L_x,Shoulder.L_y,Shoulder.L_z,Elbow.L_x,Elbow.L_y,Elbow.L_z,Wrist.L_x,Wrist.L_y,Wrist.L_z,Neck_x,Neck_y,Neck_z,Head_x,Head_y,Head_z,Nose_x,Nose_y,Nose_z,hip.Center_x,hip.Center_y,hip.Center_z
0,-0.08443551,-1.7728772,-0.50062716,0.03599353,-1.1363382,0.07386589,0.03599353,-0.03531313,-0.46182802,0.13920923,-0.00090265274,-0.54071903,0.20803066,-1.1019282,-0.32730204,0.20803066,-1.7212534,-0.820415,0.1736197,0.033507824,-0.5701857,-0.13604312,0.65283346,-0.33167732,0.0015830547,1.3409643,-0.46842012,0.07040401,1.3409643,-0.65991753,-0.032827422,0.5840125,-0.8627018,0.24244066,0.10231304,-0.5124179,0.03599353,1.3409643,-0.50423247,0.86175054,1.9603221,-0.70060045,0.44887203,1.6506432,-0.5842592,0.08760162,-0.01810813,-0.5029644
