frame,Ankle.R_x,Ankle.R_y,Ankle.R_z,Knee.R_x,Knee.R_y,Knee.R_z,Hip.R_x,Hip.R_y,Hip.R_z,Hip.L_x,Hip.L_y,Hip.L_z,Knee.L_x,Knee.L_y,Knee.L_z,Ankle.L_x,Ankle.L_y,Ankle.L_z,Wrist.R_x,Wrist.R_y,Wrist.R_z,Elbow.R_x,Elbow.R_y,Elbow.R_z,Shoulder.R_x,Shoulder.R_y,Shoulder.R_z,Shoulder.L_x,Shoulder.L_y,Shoulder.L_z,Elbow.L_x,Elbow.L_y,Elbow.L_z,Wrist.L_x,Wrist.L_y,Wrist.L_z,Neck_x,Neck_y,Neck_z,Head_x,Head_y,Head_z,Nose_x,Nose_y,Nose_z,hip.Center_x,hip.Center_y,hip.Center_z
0,-0.22770432,-1.872571,-0.98728037,-0.07689027,-0.9676587,-0.36499116,-0.07689027,-0.02504654,-0.39236343,0.26245138,-0.02504654,-0.60273665,0.22475168,-0.9676587,-0.6909142,0.1493375,-1.8348565,-1.4107456,-0.22770432,0.012667941,-0.42993093,-0.37851837,0.615938,-0.43365872,-0.19000462,1.2192079,-0.3475338,0.26245138,1.1815081,-0.6807175,0.33786604,0.57823807,-0.6129787,0.45097992,0.05036764,-0.34268335,0.036223613,1.2003579,-0.5201982,0.56410855,1.9167421,-0.607886,0.30016586,1.55855,-0.6011016,0.09278079,-0.02504654,-0.50168407
