frame,Ankle.R_x,Ankle.R_y,Ankle.R_z,Knee.R_x,Knee.R_y,Knee.R_z,Hip.R_x,Hip.R_y,Hip.R_z,Hip.L_x,Hip.L_y,Hip.L_z,Knee.L_x,Knee.L_y,Knee.L_z,Ankle.L_x,Ankle.L_y,Ankle.L_z,Wrist.R_x,Wrist.R_y,Wrist.R_z,Elbow.R_x,Elbow.R_y,Elbow.R_z,Shoulder.R_x,Shoulder.R_y,Shoulder.R_z,Shoulder.L_x,Shoulder.L_y,Shoulder.L_z,Elbow.L_x,Elbow.L_y,Elbow.L_z,Wrist.L_x,Wrist.L_y,Wrist.L_z,Neck_x,Neck_y,Neck_z,Head_x,Head_y,Head_z,Nose_x,Nose_y,Nose_z,hip.Center_x,hip.Center_y,hip.Center_z
0,0.11903188,-1.8922317,0.09499633,0.004431214,-1.013597,-0.18513572,0.11903188,-0.020361464,-0.6054293,0.004431214,-0.020361464,-0.38537982,0.042631116,-1.0517972,-0.6861216,0.11903188,-2.0068324,-0.8600191,0.27183244,0.056038816,-0.5030367,0.23363253,0.51445645,-0.6472255,0.19543216,1.2402904,-0.5846922,0.042631116,1.2020903,-0.41014123,-0.033769164,0.5526716,-0.39977813,-0.37758592,0.017838676,-0.33043736,0.11903188,1.2211903,-0.49399644,-0.6450024,2.0234246,-0.53818095,-0.26298526,1.6223074,-0.5809052,0.061731305,-0.020361464,-0.49861017
