frame,Ankle.R_x,Ankle.R_y,Ankle.R_z,Knee.R_x,Knee.R_y,Knee.R_z,Hip.R_x,Hip.R_y,Hip.R_z,Hip.L_x,Hip.L_y,Hip.L_z,Knee.L_x,Knee.L_y,Knee.L_z,Ankle.L_x,Ankle.L_y,Ankle.L_z,Wrist.R_x,Wrist.R_y,Wrist.R_z,Elbow.R_x,Elbow.R_y,Elbow.R_z,Shoulder.R_x,Shoulder.R_y,Shoulder.R_z,Shoulder.L_x,Shoulder.L_y,Shoulder.L_z,Elbow.L_x,Elbow.L_y,Elbow.L_z,Wrist.L_x,Wrist.L_y,Wrist.L_z,Neck_x,Neck_y,Neck_z,Head_x,Head_y,Head_z,Nose_x,Nose_y,Nose_z,hip.Center_x,hip.Center_y,hip.Center_z
0,-0.045209683,-1.7617872,-1.1823287,-0.082968034,-0.93131447,-0.5681665,-0.12071208,-0.025338193,-0.35036665,0.2567732,-0.025338193,-0.64607483,0.37002012,-0.89356995,-0.7855954,0.33227608,-1.7617872,-1.3122215,-0.46045282,0.01240609,-0.37576428,-0.46045282,0.5786412,-0.4864451,-0.30946186,1.1448762,-0.29220772,0.37002012,1.1448762,-0.6895017,0.445523,0.6163995,-0.31973016,0.48326704,0.08790896,-0.085116565,0.03027936,1.1448762,-0.52362776,0.10579606,1.9753637,-0.5776378,0.068037234,1.5601199,-0.5590116,0.06803056,-0.025338193,-0.49951205
