frame,Ankle.R_x,Ankle.R_y,Ankle.R_z,Knee.R_x,Knee.R_y,Knee.R_z,Hip.R_x,Hip.R_y,Hip.R_z,Hip.L_x,Hip.L_y,Hip.L_z,Knee.L_x,Knee.L_y,Knee.L_z,Ankle.L_x,Ankle.L_y,Ankle.L_z,Wrist.R_x,Wrist.R_y,Wrist.R_z,Elbow.R_x,Elbow.R_y,Elbow.R_z,Shoulder.R_x,Shoulder.R_y,Shoulder.R_z,Shoulder.L_x,Shoulder.L_y,Shoulder.L_z,Elbow.L_x,Elbow.L_y,Elbow.L_z,Wrist.L_x,Wrist.L_y,Wrist.L_z,Neck_x,Neck_y,Neck_z,Head_x,Head_y,Head_z,Nose_x,Nose_y,Nose_z,hip.Center_x,hip.Center_y,hip.Center_z
0,0.019428872,-1.7242025,-1.2936184,-0.08667884,-0.94604,-0.6355181,-0.1574224,-0.026403971,-0.45715114,0.2670242,-0.026403971,-0.54502475,0.30238834,-0.94604,-0.71869284,0.33776727,-1.7242025,-1.266016,-0.40501675,0.07970398,-0.095671624,-0.36965212,0.6102721,-0.3946781,-0.29890904,1.1408402,-0.4149645,0.40851083,1.1762049,-0.6523972,0.4792544,0.6102721,-0.3012665,0.4792544,0.04433935,-0.09223223,0.054800652,1.1585226,-0.5964128,0.0547873,1.9720503,-0.70445967,0.054793976,1.5652864,-0.6206106,0.054800652,-0.026403971,-0.4976571
