frame,Ankle.R_x,Ankle.R_y,Ankle.R_z,Knee.R_x,Knee.R_y,Knee.R_z,Hip.R_x,Hip.R_y,Hip.R_z,Hip.L_x,Hip.L_y,Hip.L_z,Knee.L_x,Knee.L_y,Knee.L_z,Ankle.L_x,Ankle.L_y,Ankle.L_z,Wrist.R_x,Wrist.R_y,Wrist.R_z,Elbow.R_x,Elbow.R_y,Elbow.R_z,Shoulder.R_x,Shoulder.R_y,Shoulder.R_z,Shoulder.L_x,Shoulder.L_y,Shoulder.L_z,Elbow.L_x,Elbow.L_y,Elbow.L_z,Wrist.L_x,Wrist.L_y,Wrist.L_z,Neck_x,Neck_y,Neck_z,Head_x,Head_y,Head_z,Nose_x,Nose_y,Nose_z,hip.Center_x,hip.Center_y,hip.Center_z
0,-0.25576085,-1.9572831,-0.7402487,-0.0085160285,-1.0095063,-0.34905928,-0.049718574,-0.020511946,-0.38263732,0.2387288,-0.020511946,-0.6080582,0.19752626,-1.0095063,-0.7870811,0.11510639,-1.9160806,-1.4634166,-0.17334099,0.0206906,-0.4817861,-0.3381812,0.5976004,-0.46037334,-0.13213845,1.2157273,-0.39949423,0.2387288,1.1745099,-0.69134593,0.27994615,0.55639786,-0.6899243,0.4447711,0.0206906,-0.42641634,0.05329494,1.1951185,-0.5439303,0.6714371,1.8956655,-0.6425835,0.36236602,1.545392,-0.6394285,0.09450512,-0.020511946,-0.5021654
