frame,Ankle.R_x,Ankle.R_y,Ankle.R_z,Knee.R_x,Knee.R_y,Knee.R_z,Hip.R_x,Hip.R_y,Hip.R_z,Hip.L_x,Hip.L_y,Hip.L_z,Knee.L_x,Knee.L_y,Knee.L_z,Ankle.L_x,Ankle.L_y,Ankle.L_z,Wrist.R_x,Wrist.R_y,Wrist.R_z,Elbow.R_x,Elbow.R_y,Elbow.R_z,Shoulder.R_x,Shoulder.R_y,Shoulder.R_z,Shoulder.L_x,Shoulder.L_y,Shoulder.L_z,Elbow.L_x,Elbow.L_y,Elbow.L_z,Wrist.L_x,Wrist.L_y,Wrist.L_z,Neck_x,Neck_y,Neck_z,Head_x,Head_y,Head_z,Nose_x,Nose_y,Nose_z,hip.Center_x,hip.Center_y,hip.Center_z
0,0.30492005,-1.9050984,-0.36485764,0.15063033,-0.9793742,-0.47994655,0.22777542,-0.015077568,-0.5283775,-0.08078923,-0.015077568,-0.4665997,-0.08078923,-1.056519,-0.7107636,-0.0422317,-2.0208158,-0.6967253,0.15063033,0.10063984,-0.96409005,0.34349284,0.52492213,-0.89583266,0.22777542,1.1806539,-0.61765736,-0.15793434,1.1420814,-0.39064455,-0.27365175,0.48636463,-0.4218185,-0.50508654,-0.05365012,-0.5823459,0.03492055,1.1613677,-0.5051178,-0.73651373,1.8942146,-0.5332137,-0.35079685,1.5277911,-0.63693535,0.07349286,-0.015077568,-0.49818766
