frame,Ankle.R_x,Ankle.R_y,Ankle.R_z,Knee.R_x,Knee.R_y,Knee.R_z,Hip.R_x,Hip.R_y,Hip.R_z,Hip.L_x,Hip.L_y,Hip.L_z,Knee.L_x,Knee.L_y,Knee.L_z,Ankle.L_x,Ankle.L_y,Ankle.L_z,Wrist.R_x,Wrist.R_y,Wrist.R_z,Elbow.R_x,Elbow.R_y,Elbow.R_z,Shoulder.R_x,Shoulder.R_y,Shoulder.R_z,Shoulder.L_x,Shoulder.L_y,Shoulder.L_z,Elbow.L_x,Elbow.L_y,Elbow.L_z,Wrist.L_x,Wrist.L_y,Wrist.L_z,Neck_x,Neck_y,Neck_z,Head_x,Head_y,Head_z,Nose_x,Nose_y,Nose_z,hip.Center_x,hip.Center_y,hip.Center_z
0,0.27413014,-2.0189776,0.22515666,0.14195803,-1.0496573,-0.1505534,0.09789016,0.007782695,-0.60306215,0.053838037,-0.036285404,-0.38447636,-0.07834981,-1.0937095,-0.68998873,0.009770177,-2.1511497,-0.6776216,-0.12240193,0.007782695,-0.518903,0.053838037,0.53650284,-0.6594636,0.053838037,1.2855147,-0.65732807,0.09789016,1.2855147,-0.4481446,0.14195803,0.5805547,-0.29585066,-0.034281947,-0.080337286,-0.22925156,0.0758641,1.2855147,-0.55285877,-0.76128364,1.8142349,-0.5773273,-0.34270975,1.5498748,-0.58111143,0.0758641,-0.014251473,-0.49833044
