frame,Ankle.R_x,Ankle.R_y,Ankle.R_z,Knee.R_x,Knee.R_y,Knee.R_z,Hip.R_x,Hip.R_y,Hip.R_z,Hip.L_x,Hip.L_y,Hip.L_z,Knee.L_x,Knee.L_y,Knee.L_z,Ankle.L_x,Ankle.L_y,Ankle.L_z,Wrist.R_x,Wrist.R_y,Wrist.R_z,Elbow.R_x,Elbow.R_y,Elbow.R_z,Shoulder.R_x,Shoulder.R_y,Shoulder.R_z,Shoulder.L_x,Shoulder.L_y,Shoulder.L_z,Elbow.L_x,Elbow.L_y,Elbow.L_z,Wrist.L_x,Wrist.L_y,Wrist.L_z,Neck_x,Neck_y,Neck_z,Head_x,Head_y,Head_z,Nose_x,Nose_y,Nose_z,hip.Center_x,hip.Center_y,hip.Center_z
0,0.057555072,-1.829832,-0.6242392,-0.0979153,-0.93585694,-0.19542295,-0.17565787,-0.041882187,-0.3816437,0.2907685,-0.0030182898,-0.6121996,0.36851108,-0.81925046,-0.7421961,0.40737522,-1.5188903,-1.4917866,-0.44773543,-0.0030182898,-0.16468629,-0.48659956,0.5411509,-0.408865,-0.36999333,1.12417,-0.33310556,0.32963264,1.1630341,-0.59144664,0.4851035,0.58001506,-0.1271745,0.56284606,0.03586039,0.14791048,-0.020180352,1.143602,-0.5019401,-0.020194657,2.0375912,-0.6362932,-0.020187028,1.5905966,-0.56274134,0.057555072,-0.022450358,-0.49997655
