frame,Ankle.R_x,Ankle.R_y,Ankle.R_z,Knee.R_x,Knee.R_y,Knee.R_z,Hip.R_x,Hip.R_y,Hip.R_z,Hip.L_x,Hip.L_y,Hip.L_z,Knee.L_x,Knee.L_y,Knee.L_z,Ankle.L_x,Ankle.L_y,Ankle.L_z,Wrist.R_x,Wrist.R_y,Wrist.R_z,Elbow.R_x,Elbow.R_y,Elbow.R_z,Shoulder.R_x,Shoulder.R_y,Shoulder.R_z,Shoulder.L_x,Shoulder.L_y,Shoulder.L_z,Elbow.L_x,Elbow.L_y,Elbow.L_z,Wrist.L_x,Wrist.L_y,Wrist.L_z,Neck_x,Neck_y,Neck_z,Head_x,Head_y,Head_z,Nose_x,Nose_y,Nose_z,hip.Center_x,hip.Center_y,hip.Center_z
0,0.16828772,-1.8950608,-0.42077872,0.24263951,-0.92843276,-0.5441028,0.31699082,-0.036185563,-0.41839933,-0.12913278,0.0009903312,-0.5843783,-0.3150263,-0.77972966,-1.1936555,-0.24066022,-1.6348159,-1.0367846,0.61441135,0.03818053,-1.2248702,0.651587,0.5586557,-0.8819346,0.5028844,1.1906726,-0.50376105,-0.24066022,1.1906726,-0.50303894,-0.3150263,0.5214798,-0.7514632,-0.42655376,0.03818053,-1.1359577,0.13111207,1.1906726,-0.52445346,-0.3150263,1.7855139,-0.45756188,-0.091957115,1.4880934,-0.6694802,0.09392879,-0.017597735,-0.5012968
