frame,Ankle.R_x,Ankle.R_y,Ankle.R_z,Knee.R_x,Knee.R_y,Knee.R_z,Hip.R_x,Hip.R_y,Hip.R_z,Hip.L_x,Hip.L_y,Hip.L_z,Knee.L_x,Knee.L_y,Knee.L_z,Ankle.L_x,Ankle.L_y,Ankle.L_z,Wrist.R_x,Wrist.R_y,Wrist.R_z,Elbow.R_x,Elbow.R_y,Elbow.R_z,Shoulder.R_x,Shoulder.R_y,Shoulder.R_z,Shoulder.L_x,Shoulder.L_y,Shoulder.L_z,Elbow.L_x,Elbow.L_y,Elbow.L_z,Wrist.L_x,Wrist.L_y,Wrist.L_z,Neck_x,Neck_y,Neck_z,Head_x,Head_y,Head_z,Nose_x,Nose_y,Nose_z,hip.Center_x,hip.Center_y,hip.Center_z
0,-0.39411798,-1.8623147,-0.2285442,0.070061065,-1.0410762,0.03709364,0.070061065,-0.041323148,-0.47734725,0.10575805,-0.005611146,-0.52900094,0.10575805,-1.0053794,-0.45392329,0.10575805,-1.8980112,-0.8885072,0.14147028,0.03008536,-0.5815707,-0.1084682,0.6727949,-0.39287362,0.0343493,1.3154882,-0.5231352,0.0343493,1.3154882,-0.6421375,0.070061065,0.5656739,-0.7890549,0.2842873,0.065797605,-0.36192816,0.0343493,1.3154882,-0.5910966,0.7484673,2.029606,-0.7962445,0.3914083,1.6725473,-0.6884086,0.08790956,-0.023467267,-0.5026565
