frame,Ankle.R_x,Ankle.R_y,Ankle.R_z,Knee.R_x,Knee.R_y,Knee.R_z,Hip.R_x,Hip.R_y,Hip.R_z,Hip.L_x,Hip.L_y,Hip.L_z,Knee.L_x,Knee.L_y,Knee.L_z,Ankle.L_x,Ankle.L_y,Ankle.L_z,Wrist.R_x,Wrist.R_y,Wrist.R_z,Elbow.R_x,Elbow.R_y,Elbow.R_z,Shoulder.R_x,Shoulder.R_y,Shoulder.R_z,Shoulder.L_x,Shoulder.L_y,Shoulder.L_z,Elbow.L_x,Elbow.L_y,Elbow.L_z,Wrist.L_x,Wrist.L_y,Wrist.L_z,Neck_x,Neck_y,Neck_z,Head_x,Head_y,Head_z,Nose_x,Nose_y,Nose_z,hip.Center_x,hip.Center_y,hip.Center_z
0,-0.15389389,-1.7420152,-0.53759885,0.00090938807,-1.1055855,0.086438894,0.03530985,-0.039130587,-0.46993136,0.1385122,-0.004729647,-0.5280244,0.2073136,-1.036784,-0.3278828,0.1901136,-1.7420152,-0.7852696,0.17291313,0.029687028,-0.578783,-0.1366939,0.6833173,-0.41063705,0.03530985,1.371348,-0.44716713,0.03530985,1.371348,-0.6049266,-0.102292955,0.6145154,-0.85808504,0.2073136,0.098488435,-0.60166043,0.03530985,1.371348,-0.46023592,0.7921582,1.9217919,-0.63221973,0.41373402,1.64657,-0.4985029,0.08691126,-0.021929879,-0.50314677
