frame,Ankle.R_x,Ankle.R_y,Ankle.R_z,Knee.R_x,Knee.R_y,Knee.R_z,Hip.R_x,Hip.R_y,Hip.R_z,Hip.L_x,Hip.L_y,Hip.L_z,Knee.L_x,Knee.L_y,Knee.L_z,Ankle.L_x,Ankle.L_y,Ankle.L_z,Wrist.R_x,Wrist.R_y,Wrist.R_z,Elbow.R_x,Elbow.R_y,Elbow.R_z,Shoulder.R_x,Shoulder.R_y,Shoulder.R_z,Shoulder.L_x,Shoulder.L_y,Shoulder.L_z,Elbow.L_x,Elbow.L_y,Elbow.L_z,Wrist.L_x,Wrist.L_y,Wrist.L_z,Neck_x,Neck_y,Neck_z,Head_x,Head_y,Head_z,Nose_x,Nose_y,Nose_z,hip.Center_x,hip.Center_y,hip.Center_z
0,-0.23884574,-1.7481467,-1.4648747,-0.20255318,-0.9135691,-0.7049988,-0.1299819,-0.00640616,-0.46597198,0.30544624,-0.04269895,-0.5360111,0.23287448,-0.9498478,-0.76309025,0.19658193,-1.7844254,-1.3840134,-0.34771004,0.06616512,-0.056215197,-0.3114175,0.61045706,-0.36031604,-0.20255318,1.1547494,-0.42683798,0.5231601,1.1547494,-0.6594751,0.5594531,0.5378858,-0.39771017,0.5231601,-0.00640616,-0.17921412,0.1603032,1.1547494,-0.60597616,0.23286113,1.9530482,-0.72848284,0.19658193,1.5538987,-0.60948515,0.08773193,-0.024552437,-0.4973385
