frame,Ankle.R_x,Ankle.R_y,Ankle.R_z,Knee.R_x,Knee.R_y,Knee.R_z,Hip.R_x,Hip.R_y,Hip.R_z,Hip.L_x,Hip.L_y,Hip.L_z,Knee.L_x,Knee.L_y,Knee.L_z,Ankle.L_x,Ankle.L_y,Ankle.L_z,Wrist.R_x,Wrist.R_y,Wrist.R_z,Elbow.R_x,Elbow.R_y,Elbow.R_z,Shoulder.R_x,Shoulder.R_y,Shoulder.R_z,Shoulder.L_x,Shoulder.L_y,Shoulder.L_z,Elbow.L_x,Elbow.L_y,Elbow.L_z,Wrist.L_x,Wrist.L_y,Wrist.L_z,Neck_x,Neck_y,Neck_z,Head_x,Head_y,Head_z,Nose_x,Nose_y,Nose_z,hip.Center_x,hip.Center_y,hip.Center_z
0,-0.30610302,-1.2052175,-1.0074735,-0.41184166,-0.3241312,-0.42892092,-0.12988213,0.063566744,-0.7182065,0.32828113,-0.077412784,-0.30027294,0.18731806,-1.2404581,-0.74111444,0.15206072,-1.9100996,-1.3736956,-0.4470823,0.028309885,-0.04978332,-0.3765848,0.59221226,-0.4841506,-0.16512278,1.1913716,-0.7850407,0.64548135,1.1208738,-0.37061292,0.6807225,0.4512487,-0.25343,0.57500005,-0.18315142,-0.13996172,0.2401788,1.1561227,-0.62051576,0.27541992,2.072466,-0.6638187,0.25779983,1.6142944,-0.4500853,0.0991995,-0.006922898,-0.49417448
