frame,Ankle.R_x,Ankle.R_y,Ankle.R_z,Knee.R_x,Knee.R_y,Knee.R_z,Hip.R_x,Hip.R_y,Hip.R_z,Hip.L_x,Hip.L_y,Hip.L_z,Knee.L_x,Knee.L_y,Knee.L_z,Ankle.L_x,Ankle.L_y,Ankle.L_z,Wrist.R_x,Wrist.R_y,Wrist.R_z,Elbow.R_x,Elbow.R_y,Elbow.R_z,Shoulder.R_x,Shoulder.R_y,Shoulder.R_z,Shoulder.L_x,Shoulder.L_y,Shoulder.L_z,Elbow.L_x,Elbow.L_y,Elbow.L_z,Wrist.L_x,Wrist.L_y,Wrist.L_z,Neck_x,Neck_y,Neck_z,Head_x,Head_y,Head_z,Nose_x,Nose_y,Nose_z,hip.Center_x,hip.Center_y,hip.Center_z
0,0.20120841,-1.9329922,-0.7887064,0.23775417,-0.9461697,-0.70374477,0.3108471,-0.032454778,-0.43657154,-0.1277377,0.0040916903,-0.5634775,-0.16428393,-0.9461697,-1.0073409,-0.1277377,-1.9329922,-1.0497401,0.5667003,-0.032454778,-1.1156104,0.5667003,0.47922224,-0.81790257,0.4570468,1.1370988,-0.4838273,-0.27392262,1.1370988,-0.49116206,-0.3470294,0.47922224,-0.7195808,-0.3835761,0.0040916903,-1.1232045,0.091562085,1.1370988,-0.5026615,-0.34703702,1.7949901,-0.47311053,-0.1277377,1.4660444,-0.6559285,0.091554455,-0.014181663,-0.50023806
