frame,Ankle.R_x,Ankle.R_y,Ankle.R_z,Knee.R_x,Knee.R_y,Knee.R_z,Hip.R_x,Hip.R_y,Hip.R_z,Hip.L_x,Hip.L_y,Hip.L_z,Knee.L_x,Knee.L_y,Knee.L_z,Ankle.L_x,Ankle.L_y,Ankle.L_z,Wrist.R_x,Wrist.R_y,Wrist.R_z,Elbow.R_x,Elbow.R_y,Elbow.R_z,Shoulder.R_x,Shoulder.R_y,Shoulder.R_z,Shoulder.L_x,Shoulder.L_y,Shoulder.L_z,Elbow.L_x,Elbow.L_y,Elbow.L_z,Wrist.L_x,Wrist.L_y,Wrist.L_z,Neck_x,Neck_y,Neck_z,Head_x,Head_y,Head_z,Nose_x,Nose_y,Nose_z,hip.Center_x,hip.Center_y,hip.Center_z
0,0.21241584,-1.8659145,-0.62816,0.24758926,-0.95142704,-0.6991087,0.31793705,-0.036953755,-0.3530563,-0.13930687,-0.001780102,-0.64968467,-0.13930687,-0.91625315,-1.2133586,-0.17448077,-1.8307406,-1.0032519,0.56413805,0.033393554,-1.2082107,0.56413805,0.52581114,-0.81938094,0.42344347,1.1589088,-0.40127987,-0.2800015,1.1589088,-0.58964777,-0.3855227,0.52581114,-0.7626219,-0.3855227,-0.001780102,-1.1220865,0.07172122,1.1589088,-0.50282705,0.49380556,1.7920355,-0.44713742,0.28276315,1.4754721,-0.60878885,0.08931508,-0.019367049,-0.50029075
