frame,Ankle.R_x,Ankle.R_y,Ankle.R_z,Knee.R_x,Knee.R_y,Knee.R_z,Hip.R_x,Hip.R_y,Hip.R_z,Hip.L_x,Hip.L_y,Hip.L_z,Knee.L_x,Knee.L_y,Knee.L_z,Ankle.L_x,Ankle.L_y,Ankle.L_z,Wrist.R_x,Wrist.R_y,Wrist.R_z,Elbow.R_x,Elbow.R_y,Elbow.R_z,Shoulder.R_x,Shoulder.R_y,Shoulder.R_z,Shoulder.L_x,Shoulder.L_y,Shoulder.L_z,Elbow.L_x,Elbow.L_y,Elbow.L_z,Wrist.L_x,Wrist.L_y,Wrist.L_z,Neck_x,Neck_y,Neck_z,Head_x,Head_y,Head_z,Nose_x,Nose_y,Nose_z,hip.Center_x,hip.Center_y,hip.Center_z
0,0.034058735,-1.7204396,-1.3226365,-0.07760365,-0.93881524,-0.6340235,-0.1520408,-0.045528777,-0.45784667,0.25737017,-0.008303294,-0.5430395,0.2945959,-0.90159,-0.7470199,0.33182114,-1.7204396,-1.2068737,-0.4498027,0.06613385,-0.18653291,-0.4498027,0.58722126,-0.4406997,-0.3381408,1.14552,-0.362604,0.36903256,1.1827456,-0.6010585,0.48069543,0.6244327,-0.2700254,0.48069543,0.06613385,-0.043624997,0.01544635,1.1641327,-0.5263947,0.052671596,1.9457568,-0.5823978,0.034058735,1.5549449,-0.53800774,0.052664444,-0.026915917,-0.49863786
