frame,Ankle.R_x,Ankle.R_y,Ankle.R_z,Knee.R_x,Knee.R_y,Knee.R_z,Hip.R_x,Hip.R_y,Hip.R_z,Hip.L_x,Hip.L_y,Hip.L_z,Knee.L_x,Knee.L_y,Knee.L_z,Ankle.L_x,Ankle.L_y,Ankle.L_z,Wrist.R_x,Wrist.R_y,Wrist.R_z,Elbow.R_x,Elbow.R_y,Elbow.R_z,Shoulder.R_x,Shoulder.R_y,Shoulder.R_z,Shoulder.L_x,Shoulder.L_y,Shoulder.L_z,Elbow.L_x,Elbow.L_y,Elbow.L_z,Wrist.L_x,Wrist.L_y,Wrist.L_z,Neck_x,Neck_y,Neck_z,Head_x,Head_y,Head_z,Nose_x,Nose_y,Nose_z,hip.Center_x,hip.Center_y,hip.Center_z
0,-0.084819354,-1.7267891,-0.30267847,0.06750723,-1.2021166,-0.07194114,0.10135361,-0.017384425,-0.40067643,0.06750723,-0.017384425,-0.6032413,0.06750723,-1.1682698,-0.7008152,-0.084819354,-1.7267891,-0.4872216,0.23675677,-0.017384425,-0.43681565,-0.10174278,0.62575185,-0.41053143,-0.00018648058,1.3365978,-0.46373484,-0.03403286,1.3704444,-0.6358581,-0.067879714,0.62575185,-0.84096503,0.23675677,0.084155664,-0.62861985,-0.017109431,1.3535211,-0.5020294,0.693736,1.9289478,-0.57953143,0.33831307,1.6412345,-0.597237,0.08443066,-0.017384425,-0.50258356
