frame,Ankle.R_x,Ankle.R_y,Ankle.R_z,Knee.R_x,Knee.R_y,Knee.R_z,Hip.R_x,Hip.R_y,Hip.R_z,Hip.L_x,Hip.L_y,Hip.L_z,Knee.L_x,Knee.L_y,Knee.L_z,Ankle.L_x,Ankle.L_y,Ankle.L_z,Wrist.R_x,Wrist.R_y,Wrist.R_z,Elbow.R_x,Elbow.R_y,Elbow.R_z,Shoulder.R_x,Shoulder.R_y,Shoulder.R_z,Shoulder.L_x,Shoulder.L_y,Shoulder.L_z,Elbow.L_x,Elbow.L_y,Elbow.L_z,Wrist.L_x,Wrist.L_y,Wrist.L_z,Neck_x,Neck_y,Neck_z,Head_x,Head_y,Head_z,Nose_x,Nose_y,Nose_z,hip.Center_x,hip.Center_y,hip.Center_z
0,0.277668,-1.3571465,-0.32210493,1.0273061,-0.6075082,-0.08485198,0.080397144,-0.015696555,-0.2080374,0.080397144,-0.015696555,-0.8015343,0.080397144,-1.0415103,-0.87945795,0.0014920384,-2.1067684,-0.8134269,0.15930225,0.14212987,-0.2713859,-0.23523901,0.69448113,-0.21084851,-0.03796862,1.3652145,-0.2846067,0.11985828,1.3652145,-0.87063146,0.11985828,0.69448113,-0.82629836,0.31712818,0.14212987,-0.61399233,0.040945068,1.3652145,-0.5783535,0.7511225,1.8386441,-0.6295764,0.3960333,1.6019293,-0.53352326,0.080397144,-0.015696555,-0.50107247
