frame,Ankle.R_x,Ankle.R_y,Ankle.R_z,Knee.R_x,Knee.R_y,Knee.R_z,Hip.R_x,Hip.R_y,Hip.R_z,Hip.L_x,Hip.L_y,Hip.L_z,Knee.L_x,Knee.L_y,Knee.L_z,Ankle.L_x,Ankle.L_y,Ankle.L_z,Wrist.R_x,Wrist.R_y,Wrist.R_z,Elbow.R_x,Elbow.R_y,Elbow.R_z,Shoulder.R_x,Shoulder.R_y,Shoulder.R_z,Shoulder.L_x,Shoulder.L_y,Shoulder.L_z,Elbow.L_x,Elbow.L_y,Elbow.L_z,Wrist.L_x,Wrist.L_y,Wrist.L_z,Neck_x,Neck_y,Neck_z,Head_x,Head_y,Head_z,Nose_x,Nose_y,Nose_z,hip.Center_x,hip.Center_y,hip.Center_z
0,0.07518603,-2.0927277,0.10652518,-0.050918326,-1.1259438,0.049098015,-0.1770222,-0.07508977,-0.2478511,0.2853601,0.050998617,-0.72193605,0.45349908,-0.11712439,-0.650826,0.41146445,-0.99983937,-0.84914196,-0.4712503,-0.11712439,-0.33644527,-0.5132854,0.51338166,-0.34863162,-0.38718057,1.1859223,-0.12334013,0.36942983,1.2279571,-0.68856966,0.5375688,0.5554163,-0.06276339,0.70569205,-0.0330549,0.19019198,-0.008875117,1.2069397,-0.39437187,-0.008891329,2.0896707,-0.51210785,-0.0088837,1.648305,-0.54114985,0.054168478,-0.012045454,-0.50130135
