frame,Ankle.R_x,Ankle.R_y,Ankle.R_z,Knee.R_x,Knee.R_y,Knee.R_z,Hip.R_x,Hip.R_y,Hip.R_z,Hip.L_x,Hip.L_y,Hip.L_z,Knee.L_x,Knee.L_y,Knee.L_z,Ankle.L_x,Ankle.L_y,Ankle.L_z,Wrist.R_x,Wrist.R_y,Wrist.R_z,Elbow.R_x,Elbow.R_y,Elbow.R_z,Shoulder.R_x,Shoulder.R_y,Shoulder.R_z,Shoulder.L_x,Shoulder.L_y,Shoulder.L_z,Elbow.L_x,Elbow.L_y,Elbow.L_z,Wrist.L_x,Wrist.L_y,Wrist.L_z,Neck_x,Neck_y,Neck_z,Head_x,Head_y,Head_z,Nose_x,Nose_y,Nose_z,hip.Center_x,hip.Center_y,hip.Center_z
0,0.01848527,-2.01039,0.09065479,-0.103567876,-1.0746601,-0.075333655,-0.1849263,-0.05755635,-0.3139342,0.30327103,0.023802321,-0.65620565,0.38464472,-0.505089,-0.6100618,0.34396526,-1.1967127,-1.2713469,-0.51040584,-0.05755635,-0.39279765,-0.51040584,0.51201445,-0.4698481,-0.42903212,1.162959,-0.21742308,0.34396526,1.2036382,-0.74169165,0.4660184,0.5933731,-0.1519632,0.58805627,0.023802321,0.17503357,-0.042533197,1.1832986,-0.4633248,-0.08321265,2.0376546,-0.51107,-0.06287316,1.6104766,-0.5674393,0.059172355,-0.016877133,-0.5031215
