frame,Ankle.R_x,Ankle.R_y,Ankle.R_z,Knee.R_x,Knee.R_y,Knee.R_z,Hip.R_x,Hip.R_y,Hip.R_z,Hip.L_x,Hip.L_y,Hip.L_z,Knee.L_x,Knee.L_y,Knee.L_z,Ankle.L_x,Ankle.L_y,Ankle.L_z,Wrist.R_x,Wrist.R_y,Wrist.R_z,Elbow.R_x,Elbow.R_y,Elbow.R_z,Shoulder.R_x,Shoulder.R_y,Shoulder.R_z,Shoulder.L_x,Shoulder.L_y,Shoulder.L_z,Elbow.L_x,Elbow.L_y,Elbow.L_z,Wrist.L_x,Wrist.L_y,Wrist.L_z,Neck_x,Neck_y,Neck_z,Head_x,Head_y,Head_z,Nose_x,Nose_y,Nose_z,hip.Center_x,hip.Center_y,hip.Center_z
0,0.19963297,-1.8031828,-0.30082524,0.27175078,-0.93784934,-0.3744309,0.30779585,-0.03647095,-0.3970387,-0.12485663,-0.0004261136,-0.6035651,-0.1969749,-0.9018045,-1.0625585,-0.23303428,-1.8392279,-1.1865025,0.63229924,0.035633028,-1.236417,0.59624034,0.5404038,-0.8850043,0.45201764,1.1172926,-0.47593933,-0.23303428,1.1533377,-0.46706915,-0.37724224,0.5764629,-0.7331062,-0.37724224,0.107737005,-1.14031,0.109492145,1.1353152,-0.4703203,-0.28711572,1.8203673,-0.40202072,-0.08881203,1.4778411,-0.601072,0.09146913,-0.01844865,-0.50095844
