frame,Ankle.R_x,Ankle.R_y,Ankle.R_z,Knee.R_x,Knee.R_y,Knee.R_z,Hip.R_x,Hip.R_y,Hip.R_z,Hip.L_x,Hip.L_y,Hip.L_z,Knee.L_x,Knee.L_y,Knee.L_z,Ankle.L_x,Ankle.L_y,Ankle.L_z,Wrist.R_x,Wrist.R_y,Wrist.R_z,Elbow.R_x,Elbow.R_y,Elbow.R_z,Shoulder.R_x,Shoulder.R_y,Shoulder.R_z,Shoulder.L_x,Shoulder.L_y,Shoulder.L_z,Elbow.L_x,Elbow.L_y,Elbow.L_z,Wrist.L_x,Wrist.L_y,Wrist.L_z,Neck_x,Neck_y,Neck_z,Head_x,Head_y,Head_z,Nose_x,Nose_y,Nose_z,hip.Center_x,hip.Center_y,hip.Center_z
0,0.01982123,-1.7371608,-0.9184994,-0.09543222,-0.9303983,-0.28773755,-0.17225403,-0.046800677,-0.42923385,0.28874642,-0.008382622,-0.5718026,0.36558253,-0.89198047,-0.7027675,0.40400082,-1.6219064,-1.4443152,-0.44117922,0.030035194,-0.11149871,-0.44117922,0.56788605,-0.37281948,-0.36434358,1.1441404,-0.3933121,0.3271647,1.1825583,-0.5931778,0.44241816,0.60630363,-0.1799264,0.51925427,0.06845325,0.08201438,-0.018589433,1.1633494,-0.54250014,-0.018603262,1.9701253,-0.66250074,-0.018596586,1.5667373,-0.55795383,0.0582462,-0.02759153,-0.49921155
