frame,Ankle.R_x,Ankle.R_y,Ankle.R_z,Knee.R_x,Knee.R_y,Knee.R_z,Hip.R_x,Hip.R_y,Hip.R_z,Hip.L_x,Hip.L_y,Hip.L_z,Knee.L_x,Knee.L_y,Knee.L_z,Ankle.L_x,Ankle.L_y,Ankle.L_z,Wrist.R_x,Wrist.R_y,Wrist.R_z,Elbow.R_x,Elbow.R_y,Elbow.R_z,Shoulder.R_x,Shoulder.R_y,Shoulder.R_z,Shoulder.L_x,Shoulder.L_y,Shoulder.L_z,Elbow.L_x,Elbow.L_y,Elbow.L_z,Wrist.L_x,Wrist.L_y,Wrist.L_z,Neck_x,Neck_y,Neck_z,Head_x,Head_y,Head_z,Nose_x,Nose_y,Nose_z,hip.Center_x,hip.Center_y,hip.Center_z
0,-0.15236418,-1.7479818,-0.5123939,0.034129217,-1.1206634,0.13798386,0.034129217,-0.03558088,-0.4549424,0.13586195,-0.0016701277,-0.54241335,0.2714892,-1.0867527,-0.22044244,0.25453335,-1.7479818,-1.034039,0.20368345,0.03224062,-0.6244719,-0.10149805,0.6426039,-0.42659593,0.034129217,1.3546833,-0.41261166,0.00021846592,1.3885942,-0.5672212,-0.067586824,0.6426039,-0.84865713,0.20368345,-0.0016701277,-0.8272054,0.017173842,1.3716388,-0.41880286,0.86491305,1.8802693,-0.5770039,0.44104344,1.625954,-0.47131848,0.084995344,-0.018625503,-0.50286263
