frame,Ankle.R_x,Ankle.R_y,Ankle.R_z,Knee.R_x,Knee.R_y,Knee.R_z,Hip.R_x,Hip.R_y,Hip.R_z,Hip.L_x,Hip.L_y,Hip.L_z,Knee.L_x,Knee.L_y,Knee.L_z,Ankle.L_x,Ankle.L_y,Ankle.L_z,Wrist.R_x,Wrist.R_y,Wrist.R_z,Elbow.R_x,Elbow.R_y,Elbow.R_z,Shoulder.R_x,Shoulder.R_y,Shoulder.R_z,Shoulder.L_x,Shoulder.L_y,Shoulder.L_z,Elbow.L_x,Elbow.L_y,Elbow.L_z,Wrist.L_x,Wrist.L_y,Wrist.L_z,Neck_x,Neck_y,Neck_z,Head_x,Head_y,Head_z,Nose_x,Nose_y,Nose_z,hip.Center_x,hip.Center_y,hip.Center_z
0,0.48297596,-1.0334141,-0.06007737,0.06038332,-1.3023446,-0.10737622,0.02195406,-0.072942786,-0.19033206,0.13722324,0.042308044,-0.80001396,1.1745167,-0.1497827,-0.94114864,0.52140474,-1.110254,-0.9430784,0.13722324,-0.11137181,-0.10307711,-0.17013645,0.69541997,-0.08774692,-0.05486679,1.5022119,-0.07737261,-0.20854664,1.5406227,-0.7906281,-0.2469759,0.69541997,-0.79931,0.1756339,0.003879021,-0.56355906,-0.13170719,1.5214174,-0.42256886,0.867157,2.0208676,-0.4491884,0.3677249,1.7711426,-0.48960835,0.07958889,-0.015317251,-0.5005653
