frame,Ankle.R_x,Ankle.R_y,Ankle.R_z,Knee.R_x,Knee.R_y,Knee.R_z,Hip.R_x,Hip.R_y,Hip.R_z,Hip.L_x,Hip.L_y,Hip.L_z,Knee.L_x,Knee.L_y,Knee.L_z,Ankle.L_x,Ankle.L_y,Ankle.L_z,Wrist.R_x,Wrist.R_y,Wrist.R_z,Elbow.R_x,Elbow.R_y,Elbow.R_z,Shoulder.R_x,Shoulder.R_y,Shoulder.R_z,Shoulder.L_x,Shoulder.L_y,Shoulder.L_z,Elbow.L_x,Elbow.L_y,Elbow.L_z,Wrist.L_x,Wrist.L_y,Wrist.L_z,Neck_x,Neck_y,Neck_z,Head_x,Head_y,Head_z,Nose_x,Nose_y,Nose_z,hip.Center_x,hip.Center_y,hip.Center_z
0,-0.08795107,-1.3868649,-0.07605654,-0.695897,-0.60523725,-0.02365899,-0.04453457,0.0027086828,-0.6365469,0.17258036,-0.04072451,-0.3554861,0.17258036,-1.2131665,-0.53030413,0.25942957,-2.2553422,-0.5360056,-0.08795107,0.089541204,-0.29078254,0.17258036,0.5672214,-0.69797504,0.17258036,1.3488492,-0.7999227,0.30286276,1.3488492,-0.46098146,0.34627926,0.5672214,-0.27424216,-0.001119025,-0.08414077,-0.27489287,0.23772109,1.3488492,-0.6400201,-0.5873226,1.8699458,-0.64582986,-0.17480028,1.6093975,-0.715453,0.06402265,-0.019007912,-0.49843147
