frame,Ankle.R_x,Ankle.R_y,Ankle.R_z,Knee.R_x,Knee.R_y,Knee.R_z,Hip.R_x,Hip.R_y,Hip.R_z,Hip.L_x,Hip.L_y,Hip.L_z,Knee.L_x,Knee.L_y,Knee.L_z,Ankle.L_x,Ankle.L_y,Ankle.L_z,Wrist.R_x,Wrist.R_y,Wrist.R_z,Elbow.R_x,Elbow.R_y,Elbow.R_z,Shoulder.R_x,Shoulder.R_y,Shoulder.R_z,Shoulder.L_x,Shoulder.L_y,Shoulder.L_z,Elbow.L_x,Elbow.L_y,Elbow.L_z,Wrist.L_x,Wrist.L_y,Wrist.L_z,Neck_x,Neck_y,Neck_z,Head_x,Head_y,Head_z,Nose_x,Nose_y,Nose_z,hip.Center_x,hip.Center_y,hip.Center_z
0,-0.2122059,-1.6914413,-1.3503957,-0.2122059,-0.86719376,-0.60672086,-0.13726713,-0.0054905787,-0.49254274,0.3123126,-0.042946137,-0.51218253,0.27484274,-0.9421328,-0.7413563,0.19991778,-1.7289107,-1.4252179,-0.3246007,0.06944867,0.06952745,-0.2871313,0.5939674,-0.3059013,-0.13726713,1.1559558,-0.4336494,0.5745721,1.1559558,-0.6125641,0.6120415,0.55649775,-0.31777668,0.6120415,-0.0054905787,-0.14373845,0.21865271,1.1559558,-0.5837824,0.18118285,1.9802034,-0.7482357,0.19991778,1.5680796,-0.62070596,0.08752249,-0.02421812,-0.49734464
