frame,Ankle.R_x,Ankle.R_y,Ankle.R_z,Knee.R_x,Knee.R_y,Knee.R_z,Hip.R_x,Hip.R_y,Hip.R_z,Hip.L_x,Hip.L_y,Hip.L_z,Knee.L_x,Knee.L_y,Knee.L_z,Ankle.L_x,Ankle.L_y,Ankle.L_z,Wrist.R_x,Wrist.R_y,Wrist.R_z,Elbow.R_x,Elbow.R_y,Elbow.R_z,Shoulder.R_x,Shoulder.R_y,Shoulder.R_z,Shoulder.L_x,Shoulder.L_y,Shoulder.L_z,Elbow.L_x,Elbow.L_y,Elbow.L_z,Wrist.L_x,Wrist.L_y,Wrist.L_z,Neck_x,Neck_y,Neck_z,Head_x,Head_y,Head_z,Nose_x,Nose_y,Nose_z,hip.Center_x,hip.Center_y,hip.Center_z
0,0.060869016,-2.0473247,0.29108292,0.42002752,-1.0416809,0.0071439743,0.09678487,-0.03605263,-0.46931547,0.060869016,-0.00013677776,-0.51931083,0.13270071,-1.0416809,-0.8193958,-0.010962211,-2.0114083,-0.9835332,0.20453241,-0.00013677776,-0.4572825,-0.08279439,0.6463328,-0.46906853,0.024953641,1.2928182,-0.47070092,-0.010962211,1.3287339,-0.5801893,-0.046878062,0.6463328,-0.76358855,0.24044827,-0.00013677776,-0.65785015,0.006995477,1.3107761,-0.50236386,0.7612279,1.7776821,-0.63472205,0.38411167,1.544229,-0.50276273,0.07882718,-0.018094942,-0.5014234
