frame,Ankle.R_x,Ankle.R_y,Ankle.R_z,Knee.R_x,Knee.R_y,Knee.R_z,Hip.R_x,Hip.R_y,Hip.R_z,Hip.L_x,Hip.L_y,Hip.L_z,Knee.L_x,Knee.L_y,Knee.L_z,Ankle.L_x,Ankle.L_y,Ankle.L_z,Wrist.R_x,Wrist.R_y,Wrist.R_z,Elbow.R_x,Elbow.R_y,Elbow.R_z,Shoulder.R_x,Shoulder.R_y,Shoulder.R_z,Shoulder.L_x,Shoulder.L_y,Shoulder.L_z,Elbow.L_x,Elbow.L_y,Elbow.L_z,Wrist.L_x,Wrist.L_y,Wrist.L_z,Neck_x,Neck_y,Neck_z,Head_x,Head_y,Head_z,Nose_x,Nose_y,Nose_z,hip.Center_x,hip.Center_y,hip.Center_z
0,0.42946672,-1.1793871,-1.44367,0.5441866,-0.45275187,-1.0214713,0.31473017,0.0061602443,-0.35409623,-0.18243264,-0.032074466,-0.65033275,-0.06771229,-1.0264161,-0.9044969,0.008789077,-2.020742,-0.5629751,0.5824375,0.0061602443,-1.1574563,0.46770096,0.57980895,-0.80616194,0.31473017,1.2299583,-0.483287,-0.45013905,1.1534729,-0.6850826,-0.5266247,0.50332355,-0.9709754,-0.45013905,-0.07032515,-1.3346353,-0.06770466,1.1917156,-0.5635215,0.3912239,2.033055,-0.42837253,0.16175939,1.6123854,-0.6699685,0.06614877,-0.012956873,-0.4997254
