frame,Ankle.R_x,Ankle.R_y,Ankle.R_z,Knee.R_x,Knee.R_y,Knee.R_z,Hip.R_x,Hip.R_y,Hip.R_z,Hip.L_x,Hip.L_y,Hip.L_z,Knee.L_x,Knee.L_y,Knee.L_z,Ankle.L_x,Ankle.L_y,Ankle.L_z,Wrist.R_x,Wrist.R_y,Wrist.R_z,Elbow.R_x,Elbow.R_y,Elbow.R_z,Shoulder.R_x,Shoulder.R_y,Shoulder.R_z,Shoulder.L_x,Shoulder.L_y,Shoulder.L_z,Elbow.L_x,Elbow.L_y,Elbow.L_z,Wrist.L_x,Wrist.L_y,Wrist.L_z,Neck_x,Neck_y,Neck_z,Head_x,Head_y,Head_z,Nose_x,Nose_y,Nose_z,hip.Center_x,hip.Center_y,hip.Center_z
0,-0.13046765,-1.7301248,-1.2864987,-0.13046765,-0.88736063,-0.62323743,-0.13046765,-0.0062952787,-0.46243903,0.29090667,-0.044596747,-0.5401634,0.29090667,-0.92567617,-0.6296595,0.2526052,-1.7301248,-1.2777617,-0.36032033,0.0703222,-0.08852175,-0.32200503,0.6066305,-0.365284,-0.20708537,1.1812403,-0.40442225,0.48244357,1.1812403,-0.6458528,0.5590608,0.56831473,-0.31009212,0.5590608,0.032020733,-0.096429825,0.13767886,1.1812403,-0.58402276,0.13769317,1.9473867,-0.70273405,0.13768601,1.5643135,-0.6154035,0.080219515,-0.025446013,-0.49763578
