frame,Ankle.R_x,Ankle.R_y,Ankle.R_z,Knee.R_x,Knee.R_y,Knee.R_z,Hip.R_x,Hip.R_y,Hip.R_z,Hip.L_x,Hip.L_y,Hip.L_z,Knee.L_x,Knee.L_y,Knee.L_z,Ankle.L_x,Ankle.L_y,Ankle.L_z,Wrist.R_x,Wrist.R_y,Wrist.R_z,Elbow.R_x,Elbow.R_y,Elbow.R_z,Shoulder.R_x,Shoulder.R_y,Shoulder.R_z,Shoulder.L_x,Shoulder.L_y,Shoulder.L_z,Elbow.L_x,Elbow.L_y,Elbow.L_z,Wrist.L_x,Wrist.L_y,Wrist.L_z,Neck_x,Neck_y,Neck_z,Head_x,Head_y,Head_z,Nose_x,Nose_y,Nose_z,hip.Center_x,hip.Center_y,hip.Center_z
0,-0.0861522,-1.7347237,-0.44036412,0.032651775,-1.1068312,0.11682874,0.032651775,-0.020753955,-0.47002548,0.13445652,-0.020753955,-0.5292453,0.27022827,-1.0728966,-0.25445077,0.23627746,-1.6838051,-1.0006115,0.20234239,0.04713168,-0.6814001,-0.10311998,0.6580404,-0.44194448,0.06658637,1.3368509,-0.44238794,0.032651775,1.3707858,-0.53441143,-0.0352341,0.6919912,-0.84363467,0.23627746,0.08106675,-0.8168453,0.04961907,1.3538183,-0.41498438,0.8302187,1.930808,-0.5730121,0.43991888,1.6423131,-0.4887336,0.08355414,-0.020753955,-0.50372374
