frame,Ankle.R_x,Ankle.R_y,Ankle.R_z,Knee.R_x,Knee.R_y,Knee.R_z,Hip.R_x,Hip.R_y,Hip.R_z,Hip.L_x,Hip.L_y,Hip.L_z,Knee.L_x,Knee.L_y,Knee.L_z,Ankle.L_x,Ankle.L_y,Ankle.L_z,Wrist.R_x,Wrist.R_y,Wrist.R_z,Elbow.R_x,Elbow.R_y,Elbow.R_z,Shoulder.R_x,Shoulder.R_y,Shoulder.R_z,Shoulder.L_x,Shoulder.L_y,Shoulder.L_z,Elbow.L_x,Elbow.L_y,Elbow.L_z,Wrist.L_x,Wrist.L_y,Wrist.L_z,Neck_x,Neck_y,Neck_z,Head_x,Head_y,Head_z,Nose_x,Nose_y,Nose_z,hip.Center_x,hip.Center_y,hip.Center_z
0,-0.3685823,-1.7670258,-0.7252746,-0.049363673,-1.1117953,0.05918789,-0.015760481,-0.03653685,-0.44923323,0.18584055,-0.002933899,-0.5595629,0.15223783,-1.0781921,-0.13668162,0.15223783,-1.7166294,-0.9942512,-0.015760481,-0.03653685,-0.47771168,-0.25098044,0.6018849,-0.41414452,-0.1165691,1.3075281,-0.4578397,0.15223783,1.2739253,-0.6686151,0.11863464,0.5346952,-0.7761758,0.35385412,0.030668816,-0.40235007,0.017834127,1.2907268,-0.5164759,0.6898746,2.0635595,-0.66649127,0.35385412,1.6771433,-0.5658729,0.085039556,-0.019735495,-0.5015035
