frame,Ankle.R_x,Ankle.R_y,Ankle.R_z,Knee.R_x,Knee.R_y,Knee.R_z,Hip.R_x,Hip.R_y,Hip.R_z,Hip.L_x,Hip.L_y,Hip.L_z,Knee.L_x,Knee.L_y,Knee.L_z,Ankle.L_x,Ankle.L_y,Ankle.L_z,Wrist.R_x,Wrist.R_y,Wrist.R_z,Elbow.R_x,Elbow.R_y,Elbow.R_z,Shoulder.R_x,Shoulder.R_y,Shoulder.R_z,Shoulder.L_x,Shoulder.L_y,Shoulder.L_z,Elbow.L_x,Elbow.L_y,Elbow.L_z,Wrist.L_x,Wrist.L_y,Wrist.L_z,Neck_x,Neck_y,Neck_z,Head_x,Head_y,Head_z,Nose_x,Nose_y,Nose_z,hip.Center_x,hip.Center_y,hip.Center_z
0,0.13078623,-1.9835259,-0.20900437,0.0026929826,-1.0441471,-0.41661942,0.045385167,-0.019367049,-0.63671947,0.08809404,-0.019367049,-0.35353833,-0.04001589,-1.0868398,-0.58018064,0.17347889,-2.0689268,-0.32536584,-0.12541647,0.023341348,-0.41227946,0.08809404,0.6211323,-0.5363593,0.08809404,1.304324,-0.7034109,0.08809404,1.304324,-0.48100933,0.13078623,0.6211323,-0.35197535,-0.12541647,-0.062059708,-0.27837467,0.08809404,1.304324,-0.591683,-0.76591605,1.7313131,-0.60829544,-0.33891124,1.5178186,-0.62077045,0.06673984,-0.019367049,-0.49752182
