frame,Ankle.R_x,Ankle.R_y,Ankle.R_z,Knee.R_x,Knee.R_y,Knee.R_z,Hip.R_x,Hip.R_y,Hip.R_z,Hip.L_x,Hip.L_y,Hip.L_z,Knee.L_x,Knee.L_y,Knee.L_z,Ankle.L_x,Ankle.L_y,Ankle.L_z,Wrist.R_x,Wrist.R_y,Wrist.R_z,Elbow.R_x,Elbow.R_y,Elbow.R_z,Shoulder.R_x,Shoulder.R_y,Shoulder.R_z,Shoulder.L_x,Shoulder.L_y,Shoulder.L_z,Elbow.L_x,Elbow.L_y,Elbow.L_z,Wrist.L_x,Wrist.L_y,Wrist.L_z,Neck_x,Neck_y,Neck_z,Head_x,Head_y,Head_z,Nose_x,Nose_y,Nose_z,hip.Center_x,hip.Center_y,hip.Center_z
0,0.20046493,-1.8640937,-0.40932798,0.31223604,-0.9699942,-0.50551546,0.2749836,-0.038642503,-0.30632463,-0.13482073,-0.0013898369,-0.69835013,-0.060301572,-0.89548934,-1.205863,-0.060301572,-1.7895883,-1.0536393,0.75927854,0.035862587,-1.1880336,0.6102693,0.52015746,-0.77937174,0.46124527,1.1162236,-0.38789162,-0.2093251,1.1162236,-0.6595416,-0.3583353,0.52015746,-0.87054986,-0.32108286,0.035862587,-1.2195177,0.12596008,1.1162236,-0.5328059,0.5730169,1.8612993,-0.5058243,0.34948847,1.4887614,-0.6145654,0.07008144,-0.020016288,-0.50020796
