frame,Ankle.R_x,Ankle.R_y,Ankle.R_z,Knee.R_x,Knee.R_y,Knee.R_z,Hip.R_x,Hip.R_y,Hip.R_z,Hip.L_x,Hip.L_y,Hip.L_z,Knee.L_x,Knee.L_y,Knee.L_z,Ankle.L_x,Ankle.L_y,Ankle.L_z,Wrist.R_x,Wrist.R_y,Wrist.R_z,Elbow.R_x,Elbow.R_y,Elbow.R_z,Shoulder.R_x,Shoulder.R_y,Shoulder.R_z,Shoulder.L_x,Shoulder.L_y,Shoulder.L_z,Elbow.L_x,Elbow.L_y,Elbow.L_z,Wrist.L_x,Wrist.L_y,Wrist.L_z,Neck_x,Neck_y,Neck_z,Head_x,Head_y,Head_z,Nose_x,Nose_y,Nose_z,hip.Center_x,hip.Center_y,hip.Center_z
0,0.18343402,-1.966105,-0.51542336,0.01577713,-1.0440066,-0.60497373,-0.0680518,0.0038342103,-0.68540406,0.18343402,-0.038080253,-0.3151302,0.099605575,-1.0440066,-0.4510378,0.26726297,-2.0499177,-0.68116933,-0.19379424,0.0038342103,-0.06112966,-0.15187977,0.54870385,-0.33746025,-0.10996579,1.1774021,-0.56147873,0.35107568,1.2612306,-0.5651794,0.4768181,0.5906181,-0.47020534,0.35107568,-0.038080253,-0.3823298,0.12055494,1.2193165,-0.5621299,-0.42431495,1.8060848,-0.6850375,-0.15187977,1.5127006,-0.6095207,0.057691593,-0.017123021,-0.49598676
