frame,Ankle.R_x,Ankle.R_y,Ankle.R_z,Knee.R_x,Knee.R_y,Knee.R_z,Hip.R_x,Hip.R_y,Hip.R_z,Hip.L_x,Hip.L_y,Hip.L_z,Knee.L_x,Knee.L_y,Knee.L_z,Ankle.L_x,Ankle.L_y,Ankle.L_z,Wrist.R_x,Wrist.R_y,Wrist.R_z,Elbow.R_x,Elbow.R_y,Elbow.R_z,Shoulder.R_x,Shoulder.R_y,Shoulder.R_z,Shoulder.L_x,Shoulder.L_y,Shoulder.L_z,Elbow.L_x,Elbow.L_y,Elbow.L_z,Wrist.L_x,Wrist.L_y,Wrist.L_z,Neck_x,Neck_y,Neck_z,Head_x,Head_y,Head_z,Nose_x,Nose_y,Nose_z,hip.Center_x,hip.Center_y,hip.Center_z
0,-0.14282958,-1.7377942,-1.2887714,-0.17780273,-0.9336768,-0.5221453,-0.14282958,-0.024668012,-0.38333878,0.27670842,-0.024668012,-0.61791074,0.27670842,-0.96863586,-0.92064655,0.24174912,-1.7028348,-1.553091,-0.45749062,0.04526445,-0.113476306,-0.35261315,0.5696942,-0.4001588,-0.24772136,1.1290834,-0.34403628,0.48647767,1.1290834,-0.66954035,0.55640966,0.5696942,-0.32564893,0.55640966,0.08022353,-0.031646967,0.119377926,1.1290834,-0.56147444,0.2242554,1.9681599,-0.6625975,0.17181666,1.5486217,-0.5877174,0.06693919,-0.024668012,-0.49839336
