frame,Ankle.R_x,Ankle.R_y,Ankle.R_z,Knee.R_x,Knee.R_y,Knee.R_z,Hip.R_x,Hip.R_y,Hip.R_z,Hip.L_x,Hip.L_y,Hip.L_z,Knee.L_x,Knee.L_y,Knee.L_z,Ankle.L_x,Ankle.L_y,Ankle.L_z,Wrist.R_x,Wrist.R_y,Wrist.R_z,Elbow.R_x,Elbow.R_y,Elbow.R_z,Shoulder.R_x,Shoulder.R_y,Shoulder.R_z,Shoulder.L_x,Shoulder.L_y,Shoulder.L_z,Elbow.L_x,Elbow.L_y,Elbow.L_z,Wrist.L_x,Wrist.L_y,Wrist.L_z,Neck_x,Neck_y,Neck_z,Head_x,Head_y,Head_z,Nose_x,Nose_y,Nose_z,hip.Center_x,hip.Center_y,hip.Center_z
0,0.52257097,-1.1688616,-0.38995737,1.2318548,-0.18375248,-0.28269732,0.089112625,-0.026119892,-0.15107217,0.089112625,0.013283785,-0.8531575,-0.029098168,-1.2476695,-0.90363836,-0.14730944,-2.1933749,-0.67816,0.049709186,0.013283785,-0.21585009,-0.3443271,0.64374214,-0.16443408,-0.10790552,1.3924298,-0.3526502,0.049709186,1.353026,-1.0738869,0.089112625,0.60433847,-0.7103785,0.20734154,0.052687462,-0.5199934,-0.029098168,1.372728,-0.7904284,0.8378185,1.8850114,-0.67353725,0.40436018,1.6288697,-0.5640068,0.089112625,-0.0064179334,-0.50108564
