frame,Ankle.R_x,Ankle.R_y,Ankle.R_z,Knee.R_x,Knee.R_y,Knee.R_z,Hip.R_x,Hip.R_y,Hip.R_z,Hip.L_x,Hip.L_y,Hip.L_z,Knee.L_x,Knee.L_y,Knee.L_z,Ankle.L_x,Ankle.L_y,Ankle.L_z,Wrist.R_x,Wrist.R_y,Wrist.R_z,Elbow.R_x,Elbow.R_y,Elbow.R_z,Shoulder.R_x,Shoulder.R_y,Shoulder.R_z,Shoulder.L_x,Shoulder.L_y,Shoulder.L_z,Elbow.L_x,Elbow.L_y,Elbow.L_z,Wrist.L_x,Wrist.L_y,Wrist.L_z,Neck_x,Neck_y,Neck_z,Head_x,Head_y,Head_z,Nose_x,Nose_y,Nose_z,hip.Center_x,hip.Center_y,hip.Center_z
0,-0.088218264,-1.6846356,-0.65470594,0.050424047,-1.0954013,-0.03635025,0.050424047,-0.02094322,-0.45015058,0.15440172,-0.02094322,-0.557332,0.085089155,-1.0607529,-0.4115531,-0.018889003,-1.649971,-0.6071687,-0.018889003,-0.02094322,-0.44828928,-0.22686058,0.6722688,-0.3881692,-0.088218264,1.3308163,-0.45682365,0.050424047,1.3308163,-0.63181263,0.11973757,0.5336265,-0.7729158,0.32770914,0.04838628,-0.32624832,-0.018896632,1.3308163,-0.4960864,0.6743149,2.1626706,-0.5975171,0.32770914,1.7467436,-0.5856223,0.102413125,-0.02094322,-0.5013613
