frame,Ankle.R_x,Ankle.R_y,Ankle.R_z,Knee.R_x,Knee.R_y,Knee.R_z,Hip.R_x,Hip.R_y,Hip.R_z,Hip.L_x,Hip.L_y,Hip.L_z,Knee.L_x,Knee.L_y,Knee.L_z,Ankle.L_x,Ankle.L_y,Ankle.L_z,Wrist.R_x,Wrist.R_y,Wrist.R_z,Elbow.R_x,Elbow.R_y,Elbow.R_z,Shoulder.R_x,Shoulder.R_y,Shoulder.R_z,Shoulder.L_x,Shoulder.L_y,Shoulder.L_z,Elbow.L_x,Elbow.L_y,Elbow.L_z,Wrist.L_x,Wrist.L_y,Wrist.L_z,Neck_x,Neck_y,Neck_z,Head_x,Head_y,Head_z,Nose_x,Nose_y,Nose_z,hip.Center_x,hip.Center_y,hip.Center_z
0,-0.24608639,-1.8708259,-0.9398154,-0.057542592,-0.9657954,-0.36398518,-0.057542592,-0.023062365,-0.3657271,0.24413893,-0.023062365,-0.6307334,0.2064211,-0.9657954,-0.74555844,0.13100073,-1.8708259,-1.3813384,-0.20838335,0.014640434,-0.4481521,-0.3592098,0.6180037,-0.4258992,-0.20838335,1.2213526,-0.323632,0.2818415,1.1836349,-0.7082323,0.3195593,0.5802864,-0.6710595,0.47038528,0.052358016,-0.40986556,0.036729068,1.2024938,-0.52285624,0.6023896,1.9189802,-0.5965497,0.3195593,1.560737,-0.5734139,0.09329817,-0.023062365,-0.50164807
