frame,Ankle.R_x,Ankle.R_y,Ankle.R_z,Knee.R_x,Knee.R_y,Knee.R_z,Hip.R_x,Hip.R_y,Hip.R_z,Hip.L_x,Hip.L_y,Hip.L_z,Knee.L_x,Knee.L_y,Knee.L_z,Ankle.L_x,Ankle.L_y,Ankle.L_z,Wrist.R_x,Wrist.R_y,Wrist.R_z,Elbow.R_x,Elbow.R_y,Elbow.R_z,Shoulder.R_x,Shoulder.R_y,Shoulder.R_z,Shoulder.L_x,Shoulder.L_y,Shoulder.L_z,Elbow.L_x,Elbow.L_y,Elbow.L_z,Wrist.L_x,Wrist.L_y,Wrist.L_z,Neck_x,Neck_y,Neck_z,Head_x,Head_y,Head_z,Nose_x,Nose_y,Nose_z,hip.Center_x,hip.Center_y,hip.Center_z
0,-0.044964477,-1.6854002,-1.2924374,-0.113958046,-0.89190197,-0.620563,-0.14845483,-0.029396525,-0.51408476,0.26553518,-0.029396525,-0.4899089,0.30003244,-0.926399,-0.64601564,0.33454305,-1.719897,-1.2064779,-0.38996142,0.108604915,-0.04061863,-0.35546416,0.62610006,-0.35187423,-0.2519595,1.178106,-0.4321048,0.43803388,1.178106,-0.61252266,0.50704175,0.62610006,-0.32232857,0.54153854,0.03959728,-0.16362804,0.09303744,1.178106,-0.5803318,0.09303744,1.9370934,-0.67413574,0.09303744,1.5575997,-0.5984188,0.05854018,-0.029396525,-0.49760327
