frame,Ankle.R_x,Ankle.R_y,Ankle.R_z,Knee.R_x,Knee.R_y,Knee.R_z,Hip.R_x,Hip.R_y,Hip.R_z,Hip.L_x,Hip.L_y,Hip.L_z,Knee.L_x,Knee.L_y,Knee.L_z,Ankle.L_x,Ankle.L_y,Ankle.L_z,Wrist.R_x,Wrist.R_y,Wrist.R_z,Elbow.R_x,Elbow.R_y,Elbow.R_z,Shoulder.R_x,Shoulder.R_y,Shoulder.R_z,Shoulder.L_x,Shoulder.L_y,Shoulder.L_z,Elbow.L_x,Elbow.L_y,Elbow.L_z,Wrist.L_x,Wrist.L_y,Wrist.L_z,Neck_x,Neck_y,Neck_z,Head_x,Head_y,Head_z,Nose_x,Nose_y,Nose_z,hip.Center_x,hip.Center_y,hip.Center_z
0,0.08462503,-2.0421097,0.2559144,0.15758112,-1.0570978,-0.04060191,0.121102594,-0.035592657,-0.48781005,0.011654161,0.000885386,-0.5069902,0.048131727,-1.0206045,-0.7943853,-0.024824359,-2.005616,-0.9692901,0.41295746,-0.035592657,-0.72265154,0.08462503,0.5845939,-0.48942375,0.15758112,1.2412738,-0.49709526,-0.097795226,1.2777517,-0.55796915,-0.20722887,0.5481161,-0.8014417,-0.097795226,0.11033477,-0.58556366,0.029892705,1.2595128,-0.5408484,0.7960217,1.8067434,-0.71072704,0.41295746,1.533128,-0.63721085,0.06637838,-0.017353397,-0.5014329
