frame,Ankle.R_x,Ankle.R_y,Ankle.R_z,Knee.R_x,Knee.R_y,Knee.R_z,Hip.R_x,Hip.R_y,Hip.R_z,Hip.L_x,Hip.L_y,Hip.L_z,Knee.L_x,Knee.L_y,Knee.L_z,Ankle.L_x,Ankle.L_y,Ankle.L_z,Wrist.R_x,Wrist.R_y,Wrist.R_z,Elbow.R_x,Elbow.R_y,Elbow.R_z,Shoulder.R_x,Shoulder.R_y,Shoulder.R_z,Shoulder.L_x,Shoulder.L_y,Shoulder.L_z,Elbow.L_x,Elbow.L_y,Elbow.L_z,Wrist.L_x,Wrist.L_y,Wrist.L_z,Neck_x,Neck_y,Neck_z,Head_x,Head_y,Head_z,Nose_x,Nose_y,Nose_z,hip.Center_x,hip.Center_y,hip.Center_z
0,-0.23647076,-2.0012226,0.23661357,0.14864916,-1.0384067,-0.043865204,0.1101436,0.001435399,-0.45056006,0.07162231,-0.037085652,-0.554338,0.14864916,-0.9998859,-0.76419073,0.033116758,-1.9241952,-0.92418975,0.34120935,0.001435399,-0.5104186,0.033116758,0.6176368,-0.3833192,0.07162231,1.2723439,-0.5024312,-0.043910563,1.2723439,-0.57051426,0.033116758,0.5406097,-0.761524,0.37973064,0.03994143,-0.49896204,0.013855875,1.2723439,-0.5670489,0.7456054,1.9655722,-0.6878004,0.37973064,1.6189581,-0.69629014,0.09088272,-0.017825007,-0.50077224
