frame,Ankle.R_x,Ankle.R_y,Ankle.R_z,Knee.R_x,Knee.R_y,Knee.R_z,Hip.R_x,Hip.R_y,Hip.R_z,Hip.L_x,Hip.L_y,Hip.L_z,Knee.L_x,Knee.L_y,Knee.L_z,Ankle.L_x,Ankle.L_y,Ankle.L_z,Wrist.R_x,Wrist.R_y,Wrist.R_z,Elbow.R_x,Elbow.R_y,Elbow.R_z,Shoulder.R_x,Shoulder.R_y,Shoulder.R_z,Shoulder.L_x,Shoulder.L_y,Shoulder.L_z,Elbow.L_x,Elbow.L_y,Elbow.L_z,Wrist.L_x,Wrist.L_y,Wrist.L_z,Neck_x,Neck_y,Neck_z,Head_x,Head_y,Head_z,Nose_x,Nose_y,Nose_z,hip.Center_x,hip.Center_y,hip.Center_z
0,0.024543397,-1.8437203,0.11663288,0.14172661,-1.0234853,0.046408176,0.10823881,-0.019107973,-0.4331657,0.074767224,-0.019107973,-0.5734737,0.14172661,-0.9900133,-0.69624794,0.074767224,-1.7600244,-0.9311472,0.44303715,0.114796005,-0.57008076,0.074767224,0.650472,-0.3471402,0.10823881,1.2865648,-0.45118487,-0.025664218,1.2865648,-0.582608,0.074767224,0.5835126,-0.82951593,0.47650874,0.18175563,-0.55944544,0.041287534,1.2865648,-0.52681285,0.77784216,1.95616,-0.6751135,0.4095646,1.6213623,-0.65246785,0.091503255,-0.019107973,-0.5012799
