frame,Ankle.R_x,Ankle.R_y,Ankle.R_z,Knee.R_x,Knee.R_y,Knee.R_z,Hip.R_x,Hip.R_y,Hip.R_z,Hip.L_x,Hip.L_y,Hip.L_z,Knee.L_x,Knee.L_y,Knee.L_z,Ankle.L_x,Ankle.L_y,Ankle.L_z,Wrist.R_x,Wrist.R_y,Wrist.R_z,Elbow.R_x,Elbow.R_y,Elbow.R_z,Shoulder.R_x,Shoulder.R_y,Shoulder.R_z,Shoulder.L_x,Shoulder.L_y,Shoulder.L_z,Elbow.L_x,Elbow.L_y,Elbow.L_z,Wrist.L_x,Wrist.L_y,Wrist.L_z,Neck_x,Neck_y,Neck_z,Head_x,Head_y,Head_z,Nose_x,Nose_y,Nose_z,hip.Center_x,hip.Center_y,hip.Center_z
0,0.2665518,-2.0099874,-0.20943654,0.044686146,-1.0782131,-0.33529246,0.08906252,-0.0133105805,-0.6173675,0.044686146,-0.0133105805,-0.37380683,0.00032598525,-1.1225735,-0.56899315,0.044686146,-2.187461,-0.60717624,-0.17716283,-0.10206285,-0.57647645,0.08906252,0.5191251,-0.604169,0.17779952,1.2290498,-0.6345701,0.044686146,1.2290498,-0.5315899,0.08906252,0.5191251,-0.36137792,-0.04404991,-0.19079962,-0.301747,0.11124308,1.2290498,-0.5955288,-0.64304227,1.9389745,-0.6014894,-0.26589984,1.5840122,-0.6450747,0.06687481,-0.0133105805,-0.4984684
