frame,Ankle.R_x,Ankle.R_y,Ankle.R_z,Knee.R_x,Knee.R_y,Knee.R_z,Hip.R_x,Hip.R_y,Hip.R_z,Hip.L_x,Hip.L_y,Hip.L_z,Knee.L_x,Knee.L_y,Knee.L_z,Ankle.L_x,Ankle.L_y,Ankle.L_z,Wrist.R_x,Wrist.R_y,Wrist.R_z,Elbow.R_x,Elbow.R_y,Elbow.R_z,Shoulder.R_x,Shoulder.R_y,Shoulder.R_z,Shoulder.L_x,Shoulder.L_y,Shoulder.L_z,Elbow.L_x,Elbow.L_y,Elbow.L_z,Wrist.L_x,Wrist.L_y,Wrist.L_z,Neck_x,Neck_y,Neck_z,Head_x,Head_y,Head_z,Nose_x,Nose_y,Nose_z,hip.Center_x,hip.Center_y,hip.Center_z
0,0.267639,-2.0225165,0.1252684,0.09314522,-1.0627376,-0.039277077,0.005882114,-0.015727583,-0.6198153,0.13676867,-0.015727583,-0.3687929,0.09314522,-1.1063613,-0.5583538,0.18039212,-2.1097634,-1.0447291,-0.12498823,0.027911838,-0.33175784,0.049521297,0.55140895,-0.47538322,0.049521297,1.2494315,-0.6432568,0.18039212,1.2494315,-0.5653705,0.267639,0.5950481,-0.36493248,0.005882114,-0.059350792,-0.29154605,0.11495718,1.2494315,-0.6164839,-0.53942645,1.9474382,-0.7058767,-0.21223465,1.5984349,-0.6399286,0.07132563,-0.015727583,-0.49943388
