frame,Ankle.R_x,Ankle.R_y,Ankle.R_z,Knee.R_x,Knee.R_y,Knee.R_z,Hip.R_x,Hip.R_y,Hip.R_z,Hip.L_x,Hip.L_y,Hip.L_z,Knee.L_x,Knee.L_y,Knee.L_z,Ankle.L_x,Ankle.L_y,Ankle.L_z,Wrist.R_x,Wrist.R_y,Wrist.R_z,Elbow.R_x,Elbow.R_y,Elbow.R_z,Shoulder.R_x,Shoulder.R_y,Shoulder.R_z,Shoulder.L_x,Shoulder.L_y,Shoulder.L_z,Elbow.L_x,Elbow.L_y,Elbow.L_z,Wrist.L_x,Wrist.L_y,Wrist.L_z,Neck_x,Neck_y,Neck_z,Head_x,Head_y,Head_z,Nose_x,Nose_y,Nose_z,hip.Center_x,hip.Center_y,hip.Center_z
0,0.10059418,-1.9511071,0.21147943,0.1715113,-1.0290495,0.05354631,0.10059418,-0.036044277,-0.45311448,0.029662266,-0.0005859528,-0.5441707,0.06512083,-0.99357575,-0.8541489,-0.0057962984,-1.9156486,-1.0648717,0.4552251,-0.0005859528,-0.5872512,0.10059418,0.6023148,-0.4911922,0.13605274,1.2406743,-0.5069401,-0.07672869,1.2761328,-0.5880488,-0.18311964,0.56685644,-0.8867067,0.38430798,0.0703462,-0.8645437,0.029662266,1.2584034,-0.5373709,0.80987084,1.8612891,-0.65438247,0.41976607,1.5598463,-0.5919497,0.06512798,-0.018315235,-0.5011079
