frame,Ankle.R_x,Ankle.R_y,Ankle.R_z,Knee.R_x,Knee.R_y,Knee.R_z,Hip.R_x,Hip.R_y,Hip.R_z,Hip.L_x,Hip.L_y,Hip.L_z,Knee.L_x,Knee.L_y,Knee.L_z,Ankle.L_x,Ankle.L_y,Ankle.L_z,Wrist.R_x,Wrist.R_y,Wrist.R_z,Elbow.R_x,Elbow.R_y,Elbow.R_z,Shoulder.R_x,Shoulder.R_y,Shoulder.R_z,Shoulder.L_x,Shoulder.L_y,Shoulder.L_z,Elbow.L_x,Elbow.L_y,Elbow.L_z,Wrist.L_x,Wrist.L_y,Wrist.L_z,Neck_x,Neck_y,Neck_z,Head_x,Head_y,Head_z,Nose_x,Nose_y,Nose_z,hip.Center_x,hip.Center_y,hip.Center_z
0,0.32778376,-1.7952504,-0.5141355,0.32778376,-0.9158902,-0.56836617,0.29114646,0.00012209639,-0.3327742,-0.14854795,-0.03651545,-0.66892296,-0.07525855,-0.95252776,-1.2043946,-0.07525855,-1.8318882,-0.8725456,0.5842616,0.07339719,-1.2054302,0.5476238,0.51307726,-0.7834249,0.36442155,1.1359745,-0.39293584,-0.3317364,1.1359745,-0.6255373,-0.44166356,0.51307726,-0.8004739,-0.44166356,0.00012209639,-1.1100187,0.016342819,1.1359745,-0.5203545,0.34609526,1.8687556,-0.47604662,0.18121928,1.502365,-0.6451884,0.071299255,-0.018196557,-0.49924427
