frame,Ankle.R_x,Ankle.R_y,Ankle.R_z,Knee.R_x,Knee.R_y,Knee.R_z,Hip.R_x,Hip.R_y,Hip.R_z,Hip.L_x,Hip.L_y,Hip.L_z,Knee.L_x,Knee.L_y,Knee.L_z,Ankle.L_x,Ankle.L_y,Ankle.L_z,Wrist.R_x,Wrist.R_y,Wrist.R_z,Elbow.R_x,Elbow.R_y,Elbow.R_z,Shoulder.R_x,Shoulder.R_y,Shoulder.R_z,Shoulder.L_x,Shoulder.L_y,Shoulder.L_z,Elbow.L_x,Elbow.L_y,Elbow.L_z,Wrist.L_x,Wrist.L_y,Wrist.L_z,Neck_x,Neck_y,Neck_z,Head_x,Head_y,Head_z,Nose_x,Nose_y,Nose_z,hip.Center_x,hip.Center_y,hip.Center_z
0,0.34027976,-1.7931135,-0.61319655,0.3044545,-0.89750624,-0.62184334,0.3044545,-0.001884684,-0.35757196,-0.16126184,-0.037710413,-0.64565146,-0.08961134,-0.9333174,-1.2005851,-0.053785607,-1.7931135,-0.7804648,0.5552322,0.06976606,-1.1992526,0.5194065,0.53548217,-0.794886,0.34027976,1.1445001,-0.3887149,-0.34037477,1.1086748,-0.5917866,-0.447851,0.49965668,-0.7806811,-0.447851,-0.001884684,-1.1268749,-4.749e-05,1.1265875,-0.49504328,0.3223812,1.9505438,-0.43511277,0.16116686,1.5385656,-0.62840116,0.07159634,-0.019797549,-0.4990456
