frame,Ankle.R_x,Ankle.R_y,Ankle.R_z,Knee.R_x,Knee.R_y,Knee.R_z,Hip.R_x,Hip.R_y,Hip.R_z,Hip.L_x,Hip.L_y,Hip.L_z,Knee.L_x,Knee.L_y,Knee.L_z,Ankle.L_x,Ankle.L_y,Ankle.L_z,Wrist.R_x,Wrist.R_y,Wrist.R_z,Elbow.R_x,Elbow.R_y,Elbow.R_z,Shoulder.R_x,Shoulder.R_y,Shoulder.R_z,Shoulder.L_x,Shoulder.L_y,Shoulder.L_z,Elbow.L_x,Elbow.L_y,Elbow.L_z,Wrist.L_x,Wrist.L_y,Wrist.L_z,Neck_x,Neck_y,Neck_z,Head_x,Head_y,Head_z,Nose_x,Nose_y,Nose_z,hip.Center_x,hip.Center_y,hip.Center_z
0,0.43272594,-1.9133551,-0.384623,0.43272594,-0.95633835,-0.43848634,0.24132827,-0.03760977,-0.3719382,-0.10320756,0.0006785821,-0.63187563,-0.06491944,-0.95633835,-0.9787739,-0.06491944,-1.9133551,-0.95988774,0.58584976,0.038952395,-1.0760034,0.39445212,0.5366121,-0.646832,0.27960208,1.1873813,-0.36215824,-0.2946057,1.1490932,-0.5915799,-0.2946057,0.49832395,-0.80191636,-0.2180433,0.07724051,-1.1138997,-0.0075015724,1.1682372,-0.48594886,0.5667057,1.8955684,-0.44155028,0.27960208,1.5319028,-0.53454465,0.06905988,-0.018465715,-0.49956444
