frame,Ankle.R_x,Ankle.R_y,Ankle.R_z,Knee.R_x,Knee.R_y,Knee.R_z,Hip.R_x,Hip.R_y,Hip.R_z,Hip.L_x,Hip.L_y,Hip.L_z,Knee.L_x,Knee.L_y,Knee.L_z,Ankle.L_x,Ankle.L_y,Ankle.L_z,Wrist.R_x,Wrist.R_y,Wrist.R_z,Elbow.R_x,Elbow.R_y,Elbow.R_z,Shoulder.R_x,Shoulder.R_y,Shoulder.R_z,Shoulder.L_x,Shoulder.L_y,Shoulder.L_z,Elbow.L_x,Elbow.L_y,Elbow.L_z,Wrist.L_x,Wrist.L_y,Wrist.L_z,Neck_x,Neck_y,Neck_z,Head_x,Head_y,Head_z,Nose_x,Nose_y,Nose_z,hip.Center_x,hip.Center_y,hip.Center_z
0,0.11391641,-1.966739,-0.082348704,0.11391641,-1.0203403,-0.22180593,0.23735525,-0.03278507,-0.45284328,-0.050678715,0.008356203,-0.5403605,-0.21527337,-1.0614966,-0.7344636,-0.29757118,-2.0901933,-0.95429987,0.23735525,0.049512256,-0.99620867,0.4430914,0.46098483,-0.85439265,0.31965256,1.1193501,-0.5425551,-0.050678715,1.2016475,-0.3870653,-0.09183453,0.5432824,-0.40826762,-0.3798685,0.008356203,-0.5859585,0.13448717,1.1604987,-0.47761607,-0.5650344,1.9011766,-0.52834177,-0.21527337,1.5308377,-0.64299047,0.093338504,-0.012214552,-0.4979391
