frame,Ankle.R_x,Ankle.R_y,Ankle.R_z,Knee.R_x,Knee.R_y,Knee.R_z,Hip.R_x,Hip.R_y,Hip.R_z,Hip.L_x,Hip.L_y,Hip.L_z,Knee.L_x,Knee.L_y,Knee.L_z,Ankle.L_x,Ankle.L_y,Ankle.L_z,Wrist.R_x,Wrist.R_y,Wrist.R_z,Elbow.R_x,Elbow.R_y,Elbow.R_z,Shoulder.R_x,Shoulder.R_y,Shoulder.R_z,Shoulder.L_x,Shoulder.L_y,Shoulder.L_z,Elbow.L_x,Elbow.L_y,Elbow.L_z,Wrist.L_x,Wrist.L_y,Wrist.L_z,Neck_x,Neck_y,Neck_z,Head_x,Head_y,Head_z,Nose_x,Nose_y,Nose_z,hip.Center_x,hip.Center_y,hip.Center_z
0,0.017723873,-2.0877588,0.05500394,-0.100965664,-1.1382482,-0.074380934,-0.18008582,-0.07003231,-0.2716063,0.29466945,0.04865627,-0.6894687,0.4133585,-0.3074102,-0.6301231,0.3737901,-1.0986798,-0.9258209,-0.49659985,-0.14916892,-0.48339212,-0.53615254,0.4838436,-0.4265473,-0.41746348,1.1564244,-0.101070225,0.3737901,1.1959927,-0.66796196,0.49247867,0.56298023,-0.04113713,0.65073615,-0.03046413,0.22187835,-0.021836922,1.1762086,-0.34379667,-0.10095708,2.0861511,-0.3888268,-0.06139724,1.6311798,-0.4934247,0.057291344,-0.010688024,-0.50369453
