frame,Ankle.R_x,Ankle.R_y,Ankle.R_z,Knee.R_x,Knee.R_y,Knee.R_z,Hip.R_x,Hip.R_y,Hip.R_z,Hip.L_x,Hip.L_y,Hip.L_z,Knee.L_x,Knee.L_y,Knee.L_z,Ankle.L_x,Ankle.L_y,Ankle.L_z,Wrist.R_x,Wrist.R_y,Wrist.R_z,Elbow.R_x,Elbow.R_y,Elbow.R_z,Shoulder.R_x,Shoulder.R_y,Shoulder.R_z,Shoulder.L_x,Shoulder.L_y,Shoulder.L_z,Elbow.L_x,Elbow.L_y,Elbow.L_z,Wrist.L_x,Wrist.L_y,Wrist.L_z,Neck_x,Neck_y,Neck_z,Head_x,Head_y,Head_z,Nose_x,Nose_y,Nose_z,hip.Center_x,hip.Center_y,hip.Center_z
0,0.32739598,-1.8509467,-0.48273674,0.32739598,-0.9355903,-0.5349719,0.29079014,-0.020248216,-0.3446118,-0.11197227,-0.020248216,-0.65733725,-0.14857763,-0.8989845,-1.2144697,-0.2218036,-1.814327,-1.0469744,0.5837069,0.05299135,-1.2062882,0.5837069,0.5289654,-0.81008375,0.4372416,1.151405,-0.39583102,-0.2218036,1.114799,-0.5935029,-0.3682689,0.5289654,-0.7859271,-0.3682689,0.016371686,-1.1150682,0.107719004,1.133102,-0.5027118,0.54707295,1.9019928,-0.47636753,0.32739598,1.5175475,-0.63016427,0.089408934,-0.020248216,-0.5000343
