frame,Ankle.R_x,Ankle.R_y,Ankle.R_z,Knee.R_x,Knee.R_y,Knee.R_z,Hip.R_x,Hip.R_y,Hip.R_z,Hip.L_x,Hip.L_y,Hip.L_z,Knee.L_x,Knee.L_y,Knee.L_z,Ankle.L_x,Ankle.L_y,Ankle.L_z,Wrist.R_x,Wrist.R_y,Wrist.R_z,Elbow.R_x,Elbow.R_y,Elbow.R_z,Shoulder.R_x,Shoulder.R_y,Shoulder.R_z,Shoulder.L_x,Shoulder.L_y,Shoulder.L_z,Elbow.L_x,Elbow.L_y,Elbow.L_z,Wrist.L_x,Wrist.L_y,Wrist.L_z,Neck_x,Neck_y,Neck_z,Head_x,Head_y,Head_z,Nose_x,Nose_y,Nose_z,hip.Center_x,hip.Center_y,hip.Center_z
0,-0.1812459,-1.727558,-1.4062296,-0.21948776,-0.8862914,-0.689416,-0.14301786,-0.006782662,-0.52731574,0.3158578,-0.04501046,-0.47336587,0.2776293,-0.92453325,-0.6602969,0.20114556,-1.727558,-1.3883095,-0.3724552,0.0697013,-0.015414774,-0.29597148,0.5668186,-0.37049487,-0.1812459,1.1786476,-0.47216564,0.5070671,1.1404197,-0.59538335,0.583537,0.5668186,-0.29022017,0.583537,-0.006782662,-0.116484106,0.16291085,1.1595336,-0.6029446,0.16289654,1.9625725,-0.7409978,0.1629037,1.561053,-0.6386429,0.086419486,-0.02589668,-0.49714765
