frame,Ankle.R_x,Ankle.R_y,Ankle.R_z,Knee.R_x,Knee.R_y,Knee.R_z,Hip.R_x,Hip.R_y,Hip.R_z,Hip.L_x,Hip.L_y,Hip.L_z,Knee.L_x,Knee.L_y,Knee.L_z,Ankle.L_x,Ankle.L_y,Ankle.L_z,Wrist.R_x,Wrist.R_y,Wrist.R_z,Elbow.R_x,Elbow.R_y,Elbow.R_z,Shoulder.R_x,Shoulder.R_y,Shoulder.R_z,Shoulder.L_x,Shoulder.L_y,Shoulder.L_z,Elbow.L_x,Elbow.L_y,Elbow.L_z,Wrist.L_x,Wrist.L_y,Wrist.L_z,Neck_x,Neck_y,Neck_z,Head_x,Head_y,Head_z,Nose_x,Nose_y,Nose_z,hip.Center_x,hip.Center_y,hip.Center_z
0,0.33218157,-2.032732,0.30321145,0.1567527,-1.0678349,-0.03791356,0.025169015,-0.015246664,-0.6236786,0.11289132,-0.015246664,-0.36505148,0.069030404,-1.0678349,-0.6779883,0.20061362,-2.120439,-0.92202616,-0.10639846,-0.015246664,-0.35753602,0.069030404,0.5549163,-0.4510565,0.069030404,1.256647,-0.6198919,0.20061362,1.256647,-0.5680867,0.28832018,0.5987775,-0.31717557,0.11289132,-0.05909208,-0.26534927,0.13482201,1.256647,-0.61764014,-0.61078537,1.9583935,-0.748039,-0.23798168,1.6075202,-0.7117195,0.069030404,-0.015246664,-0.4993236
