frame,Ankle.R_x,Ankle.R_y,Ankle.R_z,Knee.R_x,Knee.R_y,Knee.R_z,Hip.R_x,Hip.R_y,Hip.R_z,Hip.L_x,Hip.L_y,Hip.L_z,Knee.L_x,Knee.L_y,Knee.L_z,Ankle.L_x,Ankle.L_y,Ankle.L_z,Wrist.R_x,Wrist.R_y,Wrist.R_z,Elbow.R_x,Elbow.R_y,Elbow.R_z,Shoulder.R_x,Shoulder.R_y,Shoulder.R_z,Shoulder.L_x,Shoulder.L_y,Shoulder.L_z,Elbow.L_x,Elbow.L_y,Elbow.L_z,Wrist.L_x,Wrist.L_y,Wrist.L_z,Neck_x,Neck_y,Neck_z,Head_x,Head_y,Head_z,Nose_x,Nose_y,Nose_z,hip.Center_x,hip.Center_y,hip.Center_z
0,-0.12949067,-2.0925636,-0.33035675,0.017270744,-1.1019038,-0.054709494,0.017270744,-0.03785596,-0.5157209,0.1640479,-0.0011540409,-0.48160866,0.1640479,-1.0652171,-0.33326456,0.12734622,-1.982504,-0.9087531,0.09065932,-0.0011540409,-0.55785674,-0.16617662,0.6592959,-0.44135863,-0.0194152,1.2830437,-0.49713358,0.12734622,1.2463572,-0.63990736,0.12734622,0.5492209,-0.7673044,0.2741229,0.035532378,-0.3592381,0.05396527,1.2647004,-0.5426157,0.7878038,1.8884639,-0.8273548,0.4208843,1.5765822,-0.62498,0.09065932,-0.019505119,-0.50282395
