frame,Ankle.R_x,Ankle.R_y,Ankle.R_z,Knee.R_x,Knee.R_y,Knee.R_z,Hip.R_x,Hip.R_y,Hip.R_z,Hip.L_x,Hip.L_y,Hip.L_z,Knee.L_x,Knee.L_y,Knee.L_z,Ankle.L_x,Ankle.L_y,Ankle.L_z,Wrist.R_x,Wrist.R_y,Wrist.R_z,Elbow.R_x,Elbow.R_y,Elbow.R_z,Shoulder.R_x,Shoulder.R_y,Shoulder.R_z,Shoulder.L_x,Shoulder.L_y,Shoulder.L_z,Elbow.L_x,Elbow.L_y,Elbow.L_z,Wrist.L_x,Wrist.L_y,Wrist.L_z,Neck_x,Neck_y,Neck_z,Head_x,Head_y,Head_z,Nose_x,Nose_y,Nose_z,hip.Center_x,hip.Center_y,hip.Center_z
0,0.1663197,-2.1259847,-0.31245568,0.27771506,-1.0862881,-0.7102698,0.35198388,-0.04659066,-0.5422862,-0.16788116,0.02767792,-0.45778626,-0.464924,-0.15798578,-1.1478202,-0.35352865,-0.7892293,-1.4301202,0.7232946,-0.04659066,-1.3566457,0.76042116,0.5475265,-1.0438392,0.57477367,1.2158966,-0.5967533,-0.24213377,1.253039,-0.58259547,-0.35352865,0.5103842,-0.75961673,-0.5391923,-0.04659066,-1.1226459,0.1663197,1.2344677,-0.66470146,-0.27925983,1.8657274,-0.6446347,-0.056470536,1.5500976,-0.90659237,0.09205089,-0.009456252,-0.49765864
