frame,Ankle.R_x,Ankle.R_y,Ankle.R_z,Knee.R_x,Knee.R_y,Knee.R_z,Hip.R_x,Hip.R_y,Hip.R_z,Hip.L_x,Hip.L_y,Hip.L_z,Knee.L_x,Knee.L_y,Knee.L_z,Ankle.L_x,Ankle.L_y,Ankle.L_z,Wrist.R_x,Wrist.R_y,Wrist.R_z,Elbow.R_x,Elbow.R_y,Elbow.R_z,Shoulder.R_x,Shoulder.R_y,Shoulder.R_z,Shoulder.L_x,Shoulder.L_y,Shoulder.L_z,Elbow.L_x,Elbow.L_y,Elbow.L_z,Wrist.L_x,Wrist.L_y,Wrist.L_z,Neck_x,Neck_y,Neck_z,Head_x,Head_y,Head_z,Nose_x,Nose_y,Nose_z,hip.Center_x,hip.Center_y,hip.Center_z
0,0.03647285,-1.7271497,-0.13713491,0.18722302,-1.1408875,0.010550261,0.12023359,-0.035369337,-0.40619853,0.053227954,-0.0018741507,-0.59638584,0.15372854,-1.1073773,-0.7316711,0.03647285,-1.7271497,-0.6639394,0.2877236,-0.06886405,-0.4115036,0.053227954,0.6346379,-0.33827126,0.15372854,1.3046447,-0.49107403,-0.013777204,1.3381553,-0.6005734,0.019733481,0.60114294,-0.84557855,0.3212338,0.09862596,-0.6409689,0.06997543,1.3213999,-0.51089346,0.90750366,1.957912,-0.6136122,0.48873955,1.639656,-0.61506045,0.08673053,-0.018621625,-0.5033672
