frame,Ankle.R_x,Ankle.R_y,Ankle.R_z,Knee.R_x,Knee.R_y,Knee.R_z,Hip.R_x,Hip.R_y,Hip.R_z,Hip.L_x,Hip.L_y,Hip.L_z,Knee.L_x,Knee.L_y,Knee.L_z,Ankle.L_x,Ankle.L_y,Ankle.L_z,Wrist.R_x,Wrist.R_y,Wrist.R_z,Elbow.R_x,Elbow.R_y,Elbow.R_z,Shoulder.R_x,Shoulder.R_y,Shoulder.R_z,Shoulder.L_x,Shoulder.L_y,Shoulder.L_z,Elbow.L_x,Elbow.L_y,Elbow.L_z,Wrist.L_x,Wrist.L_y,Wrist.L_z,Neck_x,Neck_y,Neck_z,Head_x,Head_y,Head_z,Nose_x,Nose_y,Nose_z,hip.Center_x,hip.Center_y,hip.Center_z
0,-0.31107137,-1.2535007,-0.97234,-0.42233083,-0.36334923,-0.42190844,-0.1256189,0.044637643,-0.71967477,0.3194647,-0.06662158,-0.29293585,0.20819,-1.142226,-0.704373,0.13401225,-2.0694587,-1.205338,-0.42233083,0.0075564003,-0.01625818,-0.31107137,0.563899,-0.43959033,-0.16269967,1.1944199,-0.71303135,0.6161766,1.1202419,-0.32625014,0.65325785,0.4526243,-0.14884692,0.6161766,-0.1407998,-0.0562557,0.22673848,1.1573309,-0.54965377,0.263804,2.0474825,-0.57764196,0.24527124,1.6024067,-0.44667983,0.0969229,-0.010992088,-0.494875
