frame,Ankle.R_x,Ankle.R_y,Ankle.R_z,Knee.R_x,Knee.R_y,Knee.R_z,Hip.R_x,Hip.R_y,Hip.R_z,Hip.L_x,Hip.L_y,Hip.L_z,Knee.L_x,Knee.L_y,Knee.L_z,Ankle.L_x,Ankle.L_y,Ankle.L_z,Wrist.R_x,Wrist.R_y,Wrist.R_z,Elbow.R_x,Elbow.R_y,Elbow.R_z,Shoulder.R_x,Shoulder.R_y,Shoulder.R_z,Shoulder.L_x,Shoulder.L_y,Shoulder.L_z,Elbow.L_x,Elbow.L_y,Elbow.L_z,Wrist.L_x,Wrist.L_y,Wrist.L_z,Neck_x,Neck_y,Neck_z,Head_x,Head_y,Head_z,Nose_x,Nose_y,Nose_z,hip.Center_x,hip.Center_y,hip.Center_z
0,0.039591346,-1.7787441,-0.65827245,-0.032782998,-0.94643104,-0.3751745,-0.14133736,-0.04174361,-0.4385906,0.22053483,-0.0055492856,-0.556947,0.29290918,-0.94643104,-0.82037747,0.36528352,-1.8149241,-1.2344964,-0.50320953,0.030630972,-0.22006485,-0.39465472,0.57344615,-0.43897256,-0.35846087,1.1162615,-0.4105365,0.25672868,1.188636,-0.6004473,0.43765834,0.64582074,-0.20291853,0.3291035,0.10300532,0.051864445,-0.050865617,1.1524488,-0.5484047,-0.30419728,1.9485675,-0.66405886,-0.17753169,1.550508,-0.60701877,0.039598975,-0.023646448,-0.49775487
