frame,Ankle.R_x,Ankle.R_y,Ankle.R_z,Knee.R_x,Knee.R_y,Knee.R_z,Hip.R_x,Hip.R_y,Hip.R_z,Hip.L_x,Hip.L_y,Hip.L_z,Knee.L_x,Knee.L_y,Knee.L_z,Ankle.L_x,Ankle.L_y,Ankle.L_z,Wrist.R_x,Wrist.R_y,Wrist.R_z,Elbow.R_x,Elbow.R_y,Elbow.R_z,Shoulder.R_x,Shoulder.R_y,Shoulder.R_z,Shoulder.L_x,Shoulder.L_y,Shoulder.L_z,Elbow.L_x,Elbow.L_y,Elbow.L_z,Wrist.L_x,Wrist.L_y,Wrist.L_z,Neck_x,Neck_y,Neck_z,Head_x,Head_y,Head_z,Nose_x,Nose_y,Nose_z,hip.Center_x,hip.Center_y,hip.Center_z
0,0.44162655,-1.2757874,-0.40558544,1.14323,-0.37927863,-0.22150558,0.09081601,-0.028467853,-0.18474534,0.09081601,0.010495705,-0.82161665,0.012853615,-1.197825,-0.8584782,-0.1430521,-2.211259,-0.6777754,0.051835053,0.049476426,-0.23185018,-0.33793926,0.67313606,-0.1913135,-0.104071625,1.37474,-0.31601316,0.051835053,1.3357766,-0.989157,0.09081601,0.63415533,-0.73045313,0.24673939,0.08845739,-0.49864033,-0.026118286,1.3552583,-0.7032734,0.75344706,1.8619925,-0.64263606,0.36366463,1.6086253,-0.5780399,0.09081601,-0.008986193,-0.50093603
