frame,Ankle.R_x,Ankle.R_y,Ankle.R_z,Knee.R_x,Knee.R_y,Knee.R_z,Hip.R_x,Hip.R_y,Hip.R_z,Hip.L_x,Hip.L_y,Hip.L_z,Knee.L_x,Knee.L_y,Knee.L_z,Ankle.L_x,Ankle.L_y,Ankle.L_z,Wrist.R_x,Wrist.R_y,Wrist.R_z,Elbow.R_x,Elbow.R_y,Elbow.R_z,Shoulder.R_x,Shoulder.R_y,Shoulder.R_z,Shoulder.L_x,Shoulder.L_y,Shoulder.L_z,Elbow.L_x,Elbow.L_y,Elbow.L_z,Wrist.L_x,Wrist.L_y,Wrist.L_z,Neck_x,Neck_y,Neck_z,Head_x,Head_y,Head_z,Nose_x,Nose_y,Nose_z,hip.Center_x,hip.Center_y,hip.Center_z
0,-0.06775906,-1.8645009,-0.5911479,0.12618586,-1.1769193,-0.02567923,0.055654503,-0.013335402,-0.40481615,0.12618586,-0.013335402,-0.59174335,0.055654503,-1.1769193,-0.3758164,-0.13827327,-1.8645009,-0.5797715,0.12618586,-0.013335402,-0.4201072,-0.22642091,0.6566127,-0.44962218,-0.05012562,1.3618265,-0.48469666,0.055654503,1.3265609,-0.703501,0.020405747,0.55083233,-0.8533768,0.19670102,0.057196204,-0.4004959,0.0027642027,1.3441937,-0.5447334,0.74326086,1.8731124,-0.7217675,0.3730125,1.6086532,-0.6495378,0.09091995,-0.013335402,-0.5026318
