frame,Ankle.R_x,Ankle.R_y,Ankle.R_z,Knee.R_x,Knee.R_y,Knee.R_z,Hip.R_x,Hip.R_y,Hip.R_z,Hip.L_x,Hip.L_y,Hip.L_z,Knee.L_x,Knee.L_y,Knee.L_z,Ankle.L_x,Ankle.L_y,Ankle.L_z,Wrist.R_x,Wrist.R_y,Wrist.R_z,Elbow.R_x,Elbow.R_y,Elbow.R_z,Shoulder.R_x,Shoulder.R_y,Shoulder.R_z,Shoulder.L_x,Shoulder.L_y,Shoulder.L_z,Elbow.L_x,Elbow.L_y,Elbow.L_z,Wrist.L_x,Wrist.L_y,Wrist.L_z,Neck_x,Neck_y,Neck_z,Head_x,Head_y,Head_z,Nose_x,Nose_y,Nose_z,hip.Center_x,hip.Center_y,hip.Center_z
0,0.32024878,-1.8634534,-0.31606996,0.35601968,-0.9688456,-0.42266238,0.32024878,-0.038452875,-0.39373028,-0.14494783,-0.0026674382,-0.6073964,-0.14494783,-0.9330604,-1.0443134,-0.14494783,-1.8634534,-1.1444137,0.5349471,0.03311776,-1.2044878,0.5707328,0.5340998,-0.83827543,0.46337622,1.1424239,-0.40682578,-0.2523039,1.1424239,-0.531896,-0.32387477,0.49831438,-0.7391685,-0.32387477,0.03311776,-1.1328526,0.10553616,1.1424239,-0.47155577,0.46339053,1.8581042,-0.39195922,0.2844631,1.500264,-0.5788773,0.08765048,-0.020560037,-0.5007822
