frame,Ankle.R_x,Ankle.R_y,Ankle.R_z,Knee.R_x,Knee.R_y,Knee.R_z,Hip.R_x,Hip.R_y,Hip.R_z,Hip.L_x,Hip.L_y,Hip.L_z,Knee.L_x,Knee.L_y,Knee.L_z,Ankle.L_x,Ankle.L_y,Ankle.L_z,Wrist.R_x,Wrist.R_y,Wrist.R_z,Elbow.R_x,Elbow.R_y,Elbow.R_z,Shoulder.R_x,Shoulder.R_y,Shoulder.R_z,Shoulder.L_x,Shoulder.L_y,Shoulder.L_z,Elbow.L_x,Elbow.L_y,Elbow.L_z,Wrist.L_x,Wrist.L_y,Wrist.L_z,Neck_x,Neck_y,Neck_z,Head_x,Head_y,Head_z,Nose_x,Nose_y,Nose_z,hip.Center_x,hip.Center_y,hip.Center_z
0,0.21908075,-1.9168205,-0.95506203,0.25674373,-0.93754107,-0.7716066,0.2944072,-0.033588946,-0.41371724,-0.11990565,0.004074516,-0.58590317,-0.11990565,-0.97520477,-0.91912836,-0.11990565,-1.9544835,-0.853981,0.52038795,0.004074516,-1.1053776,0.5580662,0.49372858,-0.7997567,0.40739757,1.1340222,-0.46679437,-0.2705595,1.1340222,-0.47912064,-0.3459007,0.49372858,-0.695226,-0.38356417,0.004074516,-1.0812813,0.06841928,1.1340222,-0.48097655,-0.45888394,1.8119937,-0.4597357,-0.1952321,1.4730079,-0.63727975,0.08725101,-0.014757214,-0.49962223
