frame,Ankle.R_x,Ankle.R_y,Ankle.R_z,Knee.R_x,Knee.R_y,Knee.R_z,Hip.R_x,Hip.R_y,Hip.R_z,Hip.L_x,Hip.L_y,Hip.L_z,Knee.L_x,Knee.L_y,Knee.L_z,Ankle.L_x,Ankle.L_y,Ankle.L_z,Wrist.R_x,Wrist.R_y,Wrist.R_z,Elbow.R_x,Elbow.R_y,Elbow.R_z,Shoulder.R_x,Shoulder.R_y,Shoulder.R_z,Shoulder.L_x,Shoulder.L_y,Shoulder.L_z,Elbow.L_x,Elbow.L_y,Elbow.L_z,Wrist.L_x,Wrist.L_y,Wrist.L_z,Neck_x,Neck_y,Neck_z,Head_x,Head_y,Head_z,Nose_x,Nose_y,Nose_z,hip.Center_x,hip.Center_y,hip.Center_z
0,0.17124721,-2.1586735,-0.5785911,0.042748176,-1.0450042,-0.61670285,0.08558675,-0.016995035,-0.691834,0.042748176,-0.016995035,-0.29713696,-0.6425856,-0.7880059,-0.62969005,0.042748176,-1.7731761,-0.031888545,-0.12857273,-0.016995035,-0.58721644,-7.3708594e-05,0.5826611,-0.467262,0.08558675,1.353672,-0.6275897,0.21408579,1.353672,-0.5126918,0.25692436,0.6683385,-0.14083958,-7.3708594e-05,-0.016995035,-0.07669911,0.14983627,1.353672,-0.59069455,-0.749657,1.7820245,-0.6191255,-0.29991034,1.5678482,-0.72586536,0.0641677,-0.016995035,-0.4986883
