frame,Ankle.R_x,Ankle.R_y,Ankle.R_z,Knee.R_x,Knee.R_y,Knee.R_z,Hip.R_x,Hip.R_y,Hip.R_z,Hip.L_x,Hip.L_y,Hip.L_z,Knee.L_x,Knee.L_y,Knee.L_z,Ankle.L_x,Ankle.L_y,Ankle.L_z,Wrist.R_x,Wrist.R_y,Wrist.R_z,Elbow.R_x,Elbow.R_y,Elbow.R_z,Shoulder.R_x,Shoulder.R_y,Shoulder.R_z,Shoulder.L_x,Shoulder.L_y,Shoulder.L_z,Elbow.L_x,Elbow.L_y,Elbow.L_z,Wrist.L_x,Wrist.L_y,Wrist.L_z,Neck_x,Neck_y,Neck_z,Head_x,Head_y,Head_z,Nose_x,Nose_y,Nose_z,hip.Center_x,hip.Center_y,hip.Center_z
0,-0.012341529,-1.7912433,-0.17362228,0.14135596,-1.1594222,0.034260273,0.107197255,-0.032382295,-0.4106096,0.073039025,0.0017599631,-0.588972,0.17549846,-1.1594222,-0.5913794,-0.012341529,-1.7912433,-0.6926082,0.20965669,-0.10069971,-0.3823003,-0.02940467,0.58235925,-0.31972077,0.107197255,1.2995605,-0.541546,0.0047373474,1.333719,-0.6408103,0.107197255,0.5482008,-0.8272919,0.3804178,0.070077136,-0.46583903,0.055967778,1.3166398,-0.56695193,0.84146976,1.965524,-0.6837367,0.44871852,1.6410819,-0.69892853,0.0901179,-0.015311046,-0.50332165
