frame,Ankle.R_x,Ankle.R_y,Ankle.R_z,Knee.R_x,Knee.R_y,Knee.R_z,Hip.R_x,Hip.R_y,Hip.R_z,Hip.L_x,Hip.L_y,Hip.L_z,Knee.L_x,Knee.L_y,Knee.L_z,Ankle.L_x,Ankle.L_y,Ankle.L_z,Wrist.R_x,Wrist.R_y,Wrist.R_z,Elbow.R_x,Elbow.R_y,Elbow.R_z,Shoulder.R_x,Shoulder.R_y,Shoulder.R_z,Shoulder.L_x,Shoulder.L_y,Shoulder.L_z,Elbow.L_x,Elbow.L_y,Elbow.L_z,Wrist.L_x,Wrist.L_y,Wrist.L_z,Neck_x,Neck_y,Neck_z,Head_x,Head_y,Head_z,Nose_x,Nose_y,Nose_z,hip.Center_x,hip.Center_y,hip.Center_z
0,0.020293415,-2.1782079,-0.4437379,0.113348186,-1.1546324,-0.44081494,0.038903892,-0.0380017,-0.35862088,0.113348186,-0.00079600327,-0.62348205,0.89498013,-0.48465076,-0.71534413,0.33666438,-1.415171,-0.73811674,0.18777627,-0.0380017,-0.6012841,-0.109984696,0.6319638,-0.050148547,0.038903892,1.3763734,-0.19449979,-0.18442899,1.3763734,-0.74258375,-0.22165042,0.6319638,-0.9273214,0.22499865,0.110870436,-0.648229,-0.07276231,1.3763734,-0.4557288,0.82053584,1.8230386,-0.43886608,0.37388676,1.5997059,-0.6163039,0.07612628,-0.019398851,-0.5054049
