frame,Ankle.R_x,Ankle.R_y,Ankle.R_z,Knee.R_x,Knee.R_y,Knee.R_z,Hip.R_x,Hip.R_y,Hip.R_z,Hip.L_x,Hip.L_y,Hip.L_z,Knee.L_x,Knee.L_y,Knee.L_z,Ankle.L_x,Ankle.L_y,Ankle.L_z,Wrist.R_x,Wrist.R_y,Wrist.R_z,Elbow.R_x,Elbow.R_y,Elbow.R_z,Shoulder.R_x,Shoulder.R_y,Shoulder.R_z,Shoulder.L_x,Shoulder.L_y,Shoulder.L_z,Elbow.L_x,Elbow.L_y,Elbow.L_z,Wrist.L_x,Wrist.L_y,Wrist.L_z,Neck_x,Neck_y,Neck_z,Head_x,Head_y,Head_z,Nose_x,Nose_y,Nose_z,hip.Center_x,hip.Center_y,hip.Center_z
0,0.27115723,-1.8664583,-0.4832862,0.30631492,-0.9525154,-0.51242083,0.30631492,-0.03858644,-0.37098902,-0.11550572,-0.0034289993,-0.6320633,-0.18580726,-0.91737205,-1.1233072,-0.2561083,-1.7609996,-0.99133456,0.58751965,0.03172868,-1.2009023,0.58751965,0.5238368,-0.80943626,0.4820747,1.1565609,-0.40294525,-0.22096494,1.1565609,-0.56482697,-0.32640937,0.5238368,-0.76482034,-0.32640937,0.03172868,-1.1597943,0.13055512,1.1565609,-0.48723742,0.55236197,1.8596004,-0.4228474,0.3414583,1.5080807,-0.5821065,0.095404126,-0.021007601,-0.5001146
