frame,Ankle.R_x,Ankle.R_y,Ankle.R_z,Knee.R_x,Knee.R_y,Knee.R_z,Hip.R_x,Hip.R_y,Hip.R_z,Hip.L_x,Hip.L_y,Hip.L_z,Knee.L_x,Knee.L_y,Knee.L_z,Ankle.L_x,Ankle.L_y,Ankle.L_z,Wrist.R_x,Wrist.R_y,Wrist.R_z,Elbow.R_x,Elbow.R_y,Elbow.R_z,Shoulder.R_x,Shoulder.R_y,Shoulder.R_z,Shoulder.L_x,Shoulder.L_y,Shoulder.L_z,Elbow.L_x,Elbow.L_y,Elbow.L_z,Wrist.L_x,Wrist.L_y,Wrist.L_z,Neck_x,Neck_y,Neck_z,Head_x,Head_y,Head_z,Nose_x,Nose_y,Nose_z,hip.Center_x,hip.Center_y,hip.Center_z
0,0.3364035,-1.8439268,-0.6093,0.3364035,-0.9233634,-0.5864775,0.30100358,-0.038185768,-0.37370414,-0.123885036,-0.0027853772,-0.6279383,-0.15928543,-0.9233634,-1.1158288,-0.15928543,-1.8439268,-1.0389073,0.5488478,0.032615013,-1.1506307,0.5842482,0.5283182,-0.78354084,0.47803319,1.165637,-0.3962245,-0.23010004,1.165637,-0.5661187,-0.30091512,0.49290377,-0.75379753,-0.33631504,0.032615013,-1.1511321,0.123966336,1.165637,-0.48637354,0.47804034,1.8737563,-0.4250793,0.30100358,1.5196966,-0.5968808,0.08855879,-0.020485573,-0.5001934
