frame,Ankle.R_x,Ankle.R_y,Ankle.R_z,Knee.R_x,Knee.R_y,Knee.R_z,Hip.R_x,Hip.R_y,Hip.R_z,Hip.L_x,Hip.L_y,Hip.L_z,Knee.L_x,Knee.L_y,Knee.L_z,Ankle.L_x,Ankle.L_y,Ankle.L_z,Wrist.R_x,Wrist.R_y,Wrist.R_z,Elbow.R_x,Elbow.R_y,Elbow.R_z,Shoulder.R_x,Shoulder.R_y,Shoulder.R_z,Shoulder.L_x,Shoulder.L_y,Shoulder.L_z,Elbow.L_x,Elbow.L_y,Elbow.L_z,Wrist.L_x,Wrist.L_y,Wrist.L_z,Neck_x,Neck_y,Neck_z,Head_x,Head_y,Head_z,Nose_x,Nose_y,Nose_z,hip.Center_x,hip.Center_y,hip.Center_z
0,-0.043802284,-1.8087946,0.013206363,0.17152211,-1.0302747,0.093116045,0.10526369,-0.036430955,-0.39138412,0.07214973,-0.0033017378,-0.6075296,0.17152211,-1.0302747,-0.63004446,0.039020516,-1.7259713,-0.97593915,0.50281334,0.12919939,-0.4691744,0.07214973,0.6592504,-0.34967133,0.1383929,1.2886889,-0.4498664,-0.027237438,1.2886889,-0.60578626,0.10526369,0.5929922,-0.8995871,0.46968457,0.1623286,-0.6444795,0.055577733,1.2886889,-0.5091867,0.81753254,1.884983,-0.6034485,0.43655488,1.5868359,-0.6231711,0.08870695,-0.019866584,-0.502219
