frame,Ankle.R_x,Ankle.R_y,Ankle.R_z,Knee.R_x,Knee.R_y,Knee.R_z,Hip.R_x,Hip.R_y,Hip.R_z,Hip.L_x,Hip.L_y,Hip.L_z,Knee.L_x,Knee.L_y,Knee.L_z,Ankle.L_x,Ankle.L_y,Ankle.L_z,Wrist.R_x,Wrist.R_y,Wrist.R_z,Elbow.R_x,Elbow.R_y,Elbow.R_z,Shoulder.R_x,Shoulder.R_y,Shoulder.R_z,Shoulder.L_x,Shoulder.L_y,Shoulder.L_z,Elbow.L_x,Elbow.L_y,Elbow.L_z,Wrist.L_x,Wrist.L_y,Wrist.L_z,Neck_x,Neck_y,Neck_z,Head_x,Head_y,Head_z,Nose_x,Nose_y,Nose_z,hip.Center_x,hip.Center_y,hip.Center_z
0,-0.022893563,-1.8092575,0.054207385,-0.100510255,-0.95559144,-0.25028902,0.054708347,-0.024294136,-0.687284,0.054708347,-0.024294136,-0.30531687,0.054708347,-0.99439263,-0.55484164,0.17112575,-1.9644761,-0.5379875,-0.29452956,0.05330777,-0.5530855,0.054708347,0.5965512,-0.5256475,0.13231026,1.2562121,-0.698006,0.09350954,1.2562121,-0.5325484,0.015907153,0.5965512,-0.32752198,-0.33333123,0.09210873,-0.102789104,0.11290966,1.2562121,-0.6417613,-0.62433827,2.0322907,-0.6807552,-0.25571406,1.6442513,-0.71102643,0.054708347,-0.024294136,-0.4985834
