frame,Ankle.R_x,Ankle.R_y,Ankle.R_z,Knee.R_x,Knee.R_y,Knee.R_z,Hip.R_x,Hip.R_y,Hip.R_z,Hip.L_x,Hip.L_y,Hip.L_z,Knee.L_x,Knee.L_y,Knee.L_z,Ankle.L_x,Ankle.L_y,Ankle.L_z,Wrist.R_x,Wrist.R_y,Wrist.R_z,Elbow.R_x,Elbow.R_y,Elbow.R_z,Shoulder.R_x,Shoulder.R_y,Shoulder.R_z,Shoulder.L_x,Shoulder.L_y,Shoulder.L_z,Elbow.L_x,Elbow.L_y,Elbow.L_z,Wrist.L_x,Wrist.L_y,Wrist.L_z,Neck_x,Neck_y,Neck_z,Head_x,Head_y,Head_z,Nose_x,Nose_y,Nose_z,hip.Center_x,hip.Center_y,hip.Center_z
0,0.13152406,-2.0079086,-0.16080198,0.0030679405,-1.0658695,-0.3555376,0.04588172,0.00460965,-0.59190047,0.088710755,-0.038203888,-0.3989771,0.088710755,-1.108699,-0.6320784,0.17433783,-2.0935357,-0.46586844,-0.16821769,-0.08103316,-0.52373546,0.04588172,0.6040774,-0.5722233,0.04588172,1.289188,-0.6477561,0.088710755,1.289188,-0.5351144,0.088710755,0.56126386,-0.3499915,-0.12538865,-0.1238467,-0.24086913,0.067296,1.289188,-0.5835865,-0.74627066,1.7173861,-0.5841033,-0.3394871,1.5032871,-0.55358046,0.067296,-0.016797239,-0.49869964
