frame,Ankle.R_x,Ankle.R_y,Ankle.R_z,Knee.R_x,Knee.R_y,Knee.R_z,Hip.R_x,Hip.R_y,Hip.R_z,Hip.L_x,Hip.L_y,Hip.L_z,Knee.L_x,Knee.L_y,Knee.L_z,Ankle.L_x,Ankle.L_y,Ankle.L_z,Wrist.R_x,Wrist.R_y,Wrist.R_z,Elbow.R_x,Elbow.R_y,Elbow.R_z,Shoulder.R_x,Shoulder.R_y,Shoulder.R_z,Shoulder.L_x,Shoulder.L_y,Shoulder.L_z,Elbow.L_x,Elbow.L_y,Elbow.L_z,Wrist.L_x,Wrist.L_y,Wrist.L_z,Neck_x,Neck_y,Neck_z,Head_x,Head_y,Head_z,Nose_x,Nose_y,Nose_z,hip.Center_x,hip.Center_y,hip.Center_z
0,0.18087219,-1.848573,-0.55462384,0.25114942,-0.9350128,-0.6207416,0.32141232,-0.021438101,-0.36664203,-0.1353605,-0.021438101,-0.6352888,-0.20563771,-0.86473536,-1.2487769,-0.20563771,-1.7431571,-1.069341,0.6025207,0.013700744,-1.2083468,0.5673826,0.54075074,-0.83404064,0.46196675,1.1732165,-0.4334724,-0.2759149,1.1732165,-0.59589714,-0.38133073,0.54075074,-0.78469205,-0.38133073,0.04882481,-1.16273,0.09302591,1.1732165,-0.52471435,0.4795215,1.8056824,-0.47832617,0.28627372,1.4894494,-0.6643952,0.09302591,-0.021438101,-0.50098276
