frame,Ankle.R_x,Ankle.R_y,Ankle.R_z,Knee.R_x,Knee.R_y,Knee.R_z,Hip.R_x,Hip.R_y,Hip.R_z,Hip.L_x,Hip.L_y,Hip.L_z,Knee.L_x,Knee.L_y,Knee.L_z,Ankle.L_x,Ankle.L_y,Ankle.L_z,Wrist.R_x,Wrist.R_y,Wrist.R_z,Elbow.R_x,Elbow.R_y,Elbow.R_z,Shoulder.R_x,Shoulder.R_y,Shoulder.R_z,Shoulder.L_x,Shoulder.L_y,Shoulder.L_z,Elbow.L_x,Elbow.L_y,Elbow.L_z,Wrist.L_x,Wrist.L_y,Wrist.L_z,Neck_x,Neck_y,Neck_z,Head_x,Head_y,Head_z,Nose_x,Nose_y,Nose_z,hip.Center_x,hip.Center_y,hip.Center_z
0,-0.09491327,-2.1054518,0.3542683,0.23733017,-1.0718175,-0.038296342,0.08966801,-0.038182642,-0.5061765,0.08966801,-0.0012635253,-0.4828154,0.08966801,-1.0348979,-0.7909715,-0.09491327,-2.0316136,-0.9953015,0.1265876,0.03565607,-0.47954753,-0.20565584,0.66322386,-0.5629416,-0.021074556,1.2907915,-0.5115529,0.015829302,1.2907915,-0.6071738,-0.09491327,0.6263045,-0.7795485,0.23733017,0.07257542,-0.56758535,-0.0026223883,1.2907915,-0.5484882,0.6987679,1.8076011,-0.70816964,0.3480732,1.5491964,-0.57574487,0.08966801,-0.019723084,-0.5022096
