frame,Ankle.R_x,Ankle.R_y,Ankle.R_z,Knee.R_x,Knee.R_y,Knee.R_z,Hip.R_x,Hip.R_y,Hip.R_z,Hip.L_x,Hip.L_y,Hip.L_z,Knee.L_x,Knee.L_y,Knee.L_z,Ankle.L_x,Ankle.L_y,Ankle.L_z,Wrist.R_x,Wrist.R_y,Wrist.R_z,Elbow.R_x,Elbow.R_y,Elbow.R_z,Shoulder.R_x,Shoulder.R_y,Shoulder.R_z,Shoulder.L_x,Shoulder.L_y,Shoulder.L_z,Elbow.L_x,Elbow.L_y,Elbow.L_z,Wrist.L_x,Wrist.L_y,Wrist.L_z,Neck_x,Neck_y,Neck_z,Head_x,Head_y,Head_z,Nose_x,Nose_y,Nose_z,hip.Center_x,hip.Center_y,hip.Center_z
0,0.084130615,-1.9944472,0.37569797,0.19192585,-1.0242283,0.019688547,0.12006745,-0.018087186,-0.46541247,0.01225695,-0.018087186,-0.53162736,0.048193783,-0.9883066,-0.90477836,-0.023679882,-1.9585257,-1.0334295,0.4075316,0.017849647,-0.6758632,0.084130615,0.5927939,-0.45435077,0.12006745,1.239612,-0.49063256,-0.09553829,1.2755488,-0.57627904,-0.20334879,0.5568723,-0.88938355,0.33567318,0.05378648,-0.8824524,0.012264103,1.2575804,-0.5368505,0.8027996,1.8684464,-0.6729191,0.4075316,1.5630134,-0.5957954,0.06616196,-0.018087186,-0.5001118
