frame,Ankle.R_x,Ankle.R_y,Ankle.R_z,Knee.R_x,Knee.R_y,Knee.R_z,Hip.R_x,Hip.R_y,Hip.R_z,Hip.L_x,Hip.L_y,Hip.L_z,Knee.L_x,Knee.L_y,Knee.L_z,Ankle.L_x,Ankle.L_y,Ankle.L_z,Wrist.R_x,Wrist.R_y,Wrist.R_z,Elbow.R_x,Elbow.R_y,Elbow.R_z,Shoulder.R_x,Shoulder.R_y,Shoulder.R_z,Shoulder.L_x,Shoulder.L_y,Shoulder.L_z,Elbow.L_x,Elbow.L_y,Elbow.L_z,Wrist.L_x,Wrist.L_y,Wrist.L_z,Neck_x,Neck_y,Neck_z,Head_x,Head_y,Head_z,Nose_x,Nose_y,Nose_z,hip.Center_x,hip.Center_y,hip.Center_z
0,-0.06333435,-1.7874172,-1.4157809,-0.1400913,-0.94304585,-0.7388373,-0.1400913,-0.021903506,-0.49919373,0.28210127,-0.021903506,-0.4992387,0.28210127,-0.94304585,-0.7405713,0.3204795,-1.7874172,-1.2456301,-0.40875614,0.016474972,-0.02837947,-0.37037742,0.5538175,-0.3615839,-0.29362047,1.1295245,-0.43715918,0.43561518,1.167903,-0.6198091,0.51238644,0.5538175,-0.30432272,0.51238644,0.016474972,-0.04442191,0.07099783,1.1487137,-0.5787631,0.032633416,1.9547205,-0.7144338,0.051815145,1.5517172,-0.59060687,0.0710045,-0.021903506,-0.49740288
