frame,Ankle.R_x,Ankle.R_y,Ankle.R_z,Knee.R_x,Knee.R_y,Knee.R_z,Hip.R_x,Hip.R_y,Hip.R_z,Hip.L_x,Hip.L_y,Hip.L_z,Knee.L_x,Knee.L_y,Knee.L_z,Ankle.L_x,Ankle.L_y,Ankle.L_z,Wrist.R_x,Wrist.R_y,Wrist.R_z,Elbow.R_x,Elbow.R_y,Elbow.R_z,Shoulder.R_x,Shoulder.R_y,Shoulder.R_z,Shoulder.L_x,Shoulder.L_y,Shoulder.L_z,Elbow.L_x,Elbow.L_y,Elbow.L_z,Wrist.L_x,Wrist.L_y,Wrist.L_z,Neck_x,Neck_y,Neck_z,Head_x,Head_y,Head_z,Nose_x,Nose_y,Nose_z,hip.Center_x,hip.Center_y,hip.Center_z
0,-0.120965146,-1.8313614,-0.5319092,0.035522796,-1.0836889,0.14334619,0.035522796,-0.04044021,-0.46433207,0.13984284,-0.005671868,-0.53617215,0.20939526,-1.0489203,-0.25506154,0.20939526,-1.7444249,-0.9351617,0.13984284,0.029111972,-0.5820273,-0.1383492,0.68983257,-0.4660171,0.00075469166,1.350553,-0.4287318,0.13984284,1.3157849,-0.64140415,-0.03402915,0.65506446,-0.8756278,0.27894673,0.06388008,-0.697632,0.07029853,1.3331689,-0.4632936,0.8353394,1.9243531,-0.650886,0.4528192,1.628761,-0.48774958,0.08768306,-0.023056159,-0.50349116
