frame,Ankle.R_x,Ankle.R_y,Ankle.R_z,Knee.R_x,Knee.R_y,Knee.R_z,Hip.R_x,Hip.R_y,Hip.R_z,Hip.L_x,Hip.L_y,Hip.L_z,Knee.L_x,Knee.L_y,Knee.L_z,Ankle.L_x,Ankle.L_y,Ankle.L_z,Wrist.R_x,Wrist.R_y,Wrist.R_z,Elbow.R_x,Elbow.R_y,Elbow.R_z,Shoulder.R_x,Shoulder.R_y,Shoulder.R_z,Shoulder.L_x,Shoulder.L_y,Shoulder.L_z,Elbow.L_x,Elbow.L_y,Elbow.L_z,Wrist.L_x,Wrist.L_y,Wrist.L_z,Neck_x,Neck_y,Neck_z,Head_x,Head_y,Head_z,Nose_x,Nose_y,Nose_z,hip.Center_x,hip.Center_y,hip.Center_z
0,0.23302457,-2.0087442,-0.7257473,0.10161206,-1.0451388,-0.7357822,-0.029783279,0.0060586873,-0.6951126,0.1454167,-0.037745006,-0.30258203,-0.07358697,-1.0451388,-0.33692127,0.1892204,-2.0525322,-0.3086893,-0.1611791,-0.037745006,-0.118956,-0.11737445,0.5316577,-0.36330372,-0.07358697,1.1886519,-0.5596063,0.32061622,1.2762434,-0.6063972,0.45201156,0.6192491,-0.40714228,0.32061622,-0.037745006,-0.32504386,0.123514146,1.2324476,-0.5993064,-0.44587186,1.8456544,-0.69050926,-0.1611791,1.539051,-0.6745319,0.057816476,-0.015843159,-0.4961426
