frame,Ankle.R_x,Ankle.R_y,Ankle.R_z,Knee.R_x,Knee.R_y,Knee.R_z,Hip.R_x,Hip.R_y,Hip.R_z,Hip.L_x,Hip.L_y,Hip.L_z,Knee.L_x,Knee.L_y,Knee.L_z,Ankle.L_x,Ankle.L_y,Ankle.L_z,Wrist.R_x,Wrist.R_y,Wrist.R_z,Elbow.R_x,Elbow.R_y,Elbow.R_z,Shoulder.R_x,Shoulder.R_y,Shoulder.R_z,Shoulder.L_x,Shoulder.L_y,Shoulder.L_z,Elbow.L_x,Elbow.L_y,Elbow.L_z,Wrist.L_x,Wrist.L_y,Wrist.L_z,Neck_x,Neck_y,Neck_z,Head_x,Head_y,Head_z,Nose_x,Nose_y,Nose_z,hip.Center_x,hip.Center_y,hip.Center_z
0,0.093028545,-1.7386609,-0.13941479,-0.0208149,-0.9038239,-0.1271587,-0.13465834,-0.031053366,-0.63244766,0.20685768,-0.031053366,-0.36262208,0.24480534,-0.94177157,-0.47391725,0.3586483,-1.8145424,-0.98364043,-0.36234474,0.12073773,-0.09680286,-0.24850178,0.6140446,-0.34673876,-0.24850178,1.1832471,-0.5601548,0.28275347,1.2591426,-0.5486139,0.4345441,0.6519925,-0.24151123,0.28275347,0.08278984,-0.17905015,0.01712608,1.2211949,-0.59411377,-0.36233807,1.9801503,-0.787071,-0.17260599,1.6006727,-0.7664268,0.036099907,-0.031053366,-0.49744883
