frame,Ankle.R_x,Ankle.R_y,Ankle.R_z,Knee.R_x,Knee.R_y,Knee.R_z,Hip.R_x,Hip.R_y,Hip.R_z,Hip.L_x,Hip.L_y,Hip.L_z,Knee.L_x,Knee.L_y,Knee.L_z,Ankle.L_x,Ankle.L_y,Ankle.L_z,Wrist.R_x,Wrist.R_y,Wrist.R_z,Elbow.R_x,Elbow.R_y,Elbow.R_z,Shoulder.R_x,Shoulder.R_y,Shoulder.R_z,Shoulder.L_x,Shoulder.L_y,Shoulder.L_z,Elbow.L_x,Elbow.L_y,Elbow.L_z,Wrist.L_x,Wrist.L_y,Wrist.L_z,Neck_x,Neck_y,Neck_z,Head_x,Head_y,Head_z,Nose_x,Nose_y,Nose_z,hip.Center_x,hip.Center_y,hip.Center_z
0,-0.104015484,-1.8500456,-0.563453,0.05497156,-1.2317756,-0.04816234,0.05497156,-0.030557942,-0.40619874,0.12563454,0.004764963,-0.5927787,0.019648895,-1.1964525,-0.4438507,-0.2276627,-1.7970608,-0.6341573,0.12563454,-0.030557942,-0.41694504,-0.2276627,0.64071363,-0.48639923,-0.05101408,1.3473078,-0.47747907,0.05497156,1.3473078,-0.7202151,-0.05101408,0.57005066,-0.87394685,0.19629751,0.040104795,-0.55487657,0.00197874,1.3473078,-0.53954816,0.74391353,1.8419307,-0.6690209,0.37294614,1.5946194,-0.5791265,0.09030329,-0.01289637,-0.5023189
