frame,Ankle.R_x,Ankle.R_y,Ankle.R_z,Knee.R_x,Knee.R_y,Knee.R_z,Hip.R_x,Hip.R_y,Hip.R_z,Hip.L_x,Hip.L_y,Hip.L_z,Knee.L_x,Knee.L_y,Knee.L_z,Ankle.L_x,Ankle.L_y,Ankle.L_z,Wrist.R_x,Wrist.R_y,Wrist.R_z,Elbow.R_x,Elbow.R_y,Elbow.R_z,Shoulder.R_x,Shoulder.R_y,Shoulder.R_z,Shoulder.L_x,Shoulder.L_y,Shoulder.L_z,Elbow.L_x,Elbow.L_y,Elbow.L_z,Wrist.L_x,Wrist.L_y,Wrist.L_z,Neck_x,Neck_y,Neck_z,Head_x,Head_y,Head_z,Nose_x,Nose_y,Nose_z,hip.Center_x,hip.Center_y,hip.Center_z
0,0.025323354,-1.7604039,-0.38912085,0.14494702,-1.0939004,0.08621371,0.07659527,-0.034333516,-0.46900278,0.11077114,-0.00015740469,-0.52980936,0.14494702,-1.0597084,-0.43445915,0.025323354,-1.7604039,-0.7208561,0.24749085,-0.00015740469,-0.50884175,-0.060124435,0.64926594,-0.37722823,0.042419396,1.3328493,-0.48083228,0.07659527,1.3328493,-0.62212837,0.07659527,0.61507386,-0.87139773,0.24749085,0.06821032,-0.49047613,0.059506856,1.3328493,-0.49005893,0.77726644,2.0847845,-0.7028962,0.4183869,1.7088169,-0.59389895,0.09368368,-0.01724558,-0.5038995
