frame,Ankle.R_x,Ankle.R_y,Ankle.R_z,Knee.R_x,Knee.R_y,Knee.R_z,Hip.R_x,Hip.R_y,Hip.R_z,Hip.L_x,Hip.L_y,Hip.L_z,Knee.L_x,Knee.L_y,Knee.L_z,Ankle.L_x,Ankle.L_y,Ankle.L_z,Wrist.R_x,Wrist.R_y,Wrist.R_z,Elbow.R_x,Elbow.R_y,Elbow.R_z,Shoulder.R_x,Shoulder.R_y,Shoulder.R_z,Shoulder.L_x,Shoulder.L_y,Shoulder.L_z,Elbow.L_x,Elbow.L_y,Elbow.L_z,Wrist.L_x,Wrist.L_y,Wrist.L_z,Neck_x,Neck_y,Neck_z,Head_x,Head_y,Head_z,Nose_x,Nose_y,Nose_z,hip.Center_x,hip.Center_y,hip.Center_z
0,-0.29321194,-1.7005424,-1.4296684,-0.22271107,-0.9250744,-0.63063455,-0.11696671,-0.008604586,-0.43004835,0.30602455,-0.043848097,-0.5715168,0.23552372,-0.9603179,-0.7923634,0.16502334,-1.7357998,-1.4626216,-0.32845545,0.061896026,-0.084931105,-0.32845545,0.5906319,-0.42839602,-0.15222405,1.1546111,-0.407349,0.5527568,1.1193676,-0.65359277,0.5880146,0.5553884,-0.38731056,0.5527568,-0.008604586,-0.19161692,0.20026685,1.1369894,-0.57880324,0.20026685,2.0182157,-0.7031795,0.20026685,1.5776026,-0.59041536,0.09452917,-0.026226342,-0.49794108
