frame,Ankle.R_x,Ankle.R_y,Ankle.R_z,Knee.R_x,Knee.R_y,Knee.R_z,Hip.R_x,Hip.R_y,Hip.R_z,Hip.L_x,Hip.L_y,Hip.L_z,Knee.L_x,Knee.L_y,Knee.L_z,Ankle.L_x,Ankle.L_y,Ankle.L_z,Wrist.R_x,Wrist.R_y,Wrist.R_z,Elbow.R_x,Elbow.R_y,Elbow.R_z,Shoulder.R_x,Shoulder.R_y,Shoulder.R_z,Shoulder.L_x,Shoulder.L_y,Shoulder.L_z,Elbow.L_x,Elbow.L_y,Elbow.L_z,Wrist.L_x,Wrist.L_y,Wrist.L_z,Neck_x,Neck_y,Neck_z,Head_x,Head_y,Head_z,Nose_x,Nose_y,Nose_z,hip.Center_x,hip.Center_y,hip.Center_z
0,0.21518926,-2.3796573,-0.23879677,0.083326146,-1.1928573,-0.44345483,-0.004582122,-0.006075085,-0.7556498,0.12728052,-0.006075085,-0.23428214,-0.66391295,-0.70936054,-0.4789531,-0.09249039,-1.6763716,-0.31518012,-0.048536494,0.03789693,-0.49293432,-0.004582122,0.52139384,-0.40565616,-0.048536494,1.2246794,-0.7157064,0.30309755,1.3125877,-0.4008263,0.4349783,0.56534797,-0.12879997,0.30309755,-0.13793772,-0.17302483,0.12728052,1.2686336,-0.5785321,-0.6638958,1.7961199,-0.6667955,-0.2683074,1.5323768,-0.74963474,0.061349675,-0.006075085,-0.4974478
