frame,Ankle.R_x,Ankle.R_y,Ankle.R_z,Knee.R_x,Knee.R_y,Knee.R_z,Hip.R_x,Hip.R_y,Hip.R_z,Hip.L_x,Hip.L_y,Hip.L_z,Knee.L_x,Knee.L_y,Knee.L_z,Ankle.L_x,Ankle.L_y,Ankle.L_z,Wrist.R_x,Wrist.R_y,Wrist.R_z,Elbow.R_x,Elbow.R_y,Elbow.R_z,Shoulder.R_x,Shoulder.R_y,Shoulder.R_z,Shoulder.L_x,Shoulder.L_y,Shoulder.L_z,Elbow.L_x,Elbow.L_y,Elbow.L_z,Wrist.L_x,Wrist.L_y,Wrist.L_z,Neck_x,Neck_y,Neck_z,Head_x,Head_y,Head_z,Nose_x,Nose_y,Nose_z,hip.Center_x,hip.Center_y,hip.Center_z
0,0.16625582,-1.8921025,-0.43009543,0.23902403,-0.90966815,-0.5069486,0.31180656,-0.036378827,-0.40425718,-0.12484564,-1.873821e-06,-0.5981762,-0.27038157,-0.8005087,-1.1641283,-0.23400511,-1.7465518,-1.1406016,0.60289323,0.036389384,-1.1948059,0.639284,0.5457948,-0.85971737,0.49373376,1.1643742,-0.49736285,-0.23400511,1.2007656,-0.49863273,-0.30677283,0.5457948,-0.7235296,-0.37954152,0.036389384,-1.0888884,0.12986456,1.1825699,-0.52063984,-0.30677283,1.8011348,-0.48535678,-0.08845438,1.4918524,-0.6747449,0.09348045,-0.01819035,-0.5014918
