frame,Ankle.R_x,Ankle.R_y,Ankle.R_z,Knee.R_x,Knee.R_y,Knee.R_z,Hip.R_x,Hip.R_y,Hip.R_z,Hip.L_x,Hip.L_y,Hip.L_z,Knee.L_x,Knee.L_y,Knee.L_z,Ankle.L_x,Ankle.L_y,Ankle.L_z,Wrist.R_x,Wrist.R_y,Wrist.R_z,Elbow.R_x,Elbow.R_y,Elbow.R_z,Shoulder.R_x,Shoulder.R_y,Shoulder.R_z,Shoulder.L_x,Shoulder.L_y,Shoulder.L_z,Elbow.L_x,Elbow.L_y,Elbow.L_z,Wrist.L_x,Wrist.L_y,Wrist.L_z,Neck_x,Neck_y,Neck_z,Head_x,Head_y,Head_z,Nose_x,Nose_y,Nose_z,hip.Center_x,hip.Center_y,hip.Center_z
0,0.22174005,-1.9415888,-0.24037611,-0.013648704,-1.0392388,-0.32426125,0.104038045,-0.019187093,-0.58740723,0.02558498,-0.019187093,-0.40560353,-0.013648704,-1.0784725,-0.59056354,0.06480436,-2.0200567,-0.69807553,0.3002079,0.02004683,-0.5005314,0.22174005,0.49083912,-0.6791072,0.18250589,1.2362533,-0.5913873,0.02558498,1.2362533,-0.4454736,-0.013648704,0.5692917,-0.41782162,-0.32752007,-0.058421016,-0.39834642,0.104045674,1.2362533,-0.516863,-0.680618,1.9424337,-0.5624201,-0.2882859,1.5893435,-0.6048391,0.06481151,-0.019187093,-0.49826354
