frame,Ankle.R_x,Ankle.R_y,Ankle.R_z,Knee.R_x,Knee.R_y,Knee.R_z,Hip.R_x,Hip.R_y,Hip.R_z,Hip.L_x,Hip.L_y,Hip.L_z,Knee.L_x,Knee.L_y,Knee.L_z,Ankle.L_x,Ankle.L_y,Ankle.L_z,Wrist.R_x,Wrist.R_y,Wrist.R_z,Elbow.R_x,Elbow.R_y,Elbow.R_z,Shoulder.R_x,Shoulder.R_y,Shoulder.R_z,Shoulder.L_x,Shoulder.L_y,Shoulder.L_z,Elbow.L_x,Elbow.L_y,Elbow.L_z,Wrist.L_x,Wrist.L_y,Wrist.L_z,Neck_x,Neck_y,Neck_z,Head_x,Head_y,Head_z,Nose_x,Nose_y,Nose_z,hip.Center_x,hip.Center_y,hip.Center_z
0,-0.034859896,-1.8153743,-0.4923808,0.017225504,-1.0339922,-0.0039969683,0.0519588,-0.026872478,-0.507147,0.1561439,-0.026872478,-0.49634466,0.12141061,-0.9992588,-0.3684354,0.017225504,-1.728556,-0.83093184,-0.08696008,0.007860817,-0.588077,-0.2258637,0.66769093,-0.44871008,-0.08696008,1.3275212,-0.47092935,0.0519588,1.2927877,-0.61455643,0.08667731,0.5982241,-0.76121616,0.3297813,0.14676443,-0.30924308,-0.017500639,1.3101543,-0.5175297,0.6075957,2.0394363,-0.6902043,0.295048,1.6747953,-0.599562,0.10405135,-0.026872478,-0.50202775
