frame,Ankle.R_x,Ankle.R_y,Ankle.R_z,Knee.R_x,Knee.R_y,Knee.R_z,Hip.R_x,Hip.R_y,Hip.R_z,Hip.L_x,Hip.L_y,Hip.L_z,Knee.L_x,Knee.L_y,Knee.L_z,Ankle.L_x,Ankle.L_y,Ankle.L_z,Wrist.R_x,Wrist.R_y,Wrist.R_z,Elbow.R_x,Elbow.R_y,Elbow.R_z,Shoulder.R_x,Shoulder.R_y,Shoulder.R_z,Shoulder.L_x,Shoulder.L_y,Shoulder.L_z,Elbow.L_x,Elbow.L_y,Elbow.L_z,Wrist.L_x,Wrist.L_y,Wrist.L_z,Neck_x,Neck_y,Neck_z,Head_x,Head_y,Head_z,Nose_x,Nose_y,Nose_z,hip.Center_x,hip.Center_y,hip.Center_z
0,0.20492822,-2.2965271,-0.13526648,0.12367136,-1.3214595,-0.5849137,0.042414017,0.019274687,-0.746532,0.08305199,-0.021363521,-0.2307871,-1.0139109,-0.061982177,-1.0040176,-0.36387223,-1.1183264,-0.79027605,0.042414017,-0.061982177,-0.51617455,-0.038843326,0.5880561,-0.5904397,0.0017951205,1.3599904,-0.7634585,0.24556667,1.4006284,-0.3800624,0.4080618,0.5880561,0.10237563,0.24556667,-0.18387774,0.018292665,0.123681374,1.3803093,-0.6292939,-0.8514249,1.7459766,-0.73259455,-0.36387223,1.5631429,-0.8607192,0.06273348,-0.0010440584,-0.50126165
