frame,Ankle.R_x,Ankle.R_y,Ankle.R_z,Knee.R_x,Knee.R_y,Knee.R_z,Hip.R_x,Hip.R_y,Hip.R_z,Hip.L_x,Hip.L_y,Hip.L_z,Knee.L_x,Knee.L_y,Knee.L_z,Ankle.L_x,Ankle.L_y,Ankle.L_z,Wrist.R_x,Wrist.R_y,Wrist.R_z,Elbow.R_x,Elbow.R_y,Elbow.R_z,Shoulder.R_x,Shoulder.R_y,Shoulder.R_z,Shoulder.L_x,Shoulder.L_y,Shoulder.L_z,Elbow.L_x,Elbow.L_y,Elbow.L_z,Wrist.L_x,Wrist.L_y,Wrist.L_z,Neck_x,Neck_y,Neck_z,Head_x,Head_y,Head_z,Nose_x,Nose_y,Nose_z,hip.Center_x,hip.Center_y,hip.Center_z
0,0.33268216,-2.035182,0.36773837,0.2009311,-1.0689119,-0.030070841,0.02524712,-0.014807632,-0.6102188,0.113080524,-0.014807632,-0.3784637,0.02524712,-1.0689119,-0.62601924,0.15699819,-2.1669488,-0.8746481,-0.10652015,-0.014807632,-0.34937358,0.06916382,0.55617744,-0.4428746,0.06916382,1.2589138,-0.64936817,0.2009311,1.3028468,-0.54845107,0.28876498,0.6000946,-0.36884487,0.113080524,-0.058724336,-0.29166764,0.13504747,1.2808803,-0.61564994,-0.61162186,1.8518494,-0.6891489,-0.23828742,1.5663649,-0.64645123,0.06916382,-0.014807632,-0.49950534
