frame,Ankle.R_x,Ankle.R_y,Ankle.R_z,Knee.R_x,Knee.R_y,Knee.R_z,Hip.R_x,Hip.R_y,Hip.R_z,Hip.L_x,Hip.L_y,Hip.L_z,Knee.L_x,Knee.L_y,Knee.L_z,Ankle.L_x,Ankle.L_y,Ankle.L_z,Wrist.R_x,Wrist.R_y,Wrist.R_z,Elbow.R_x,Elbow.R_y,Elbow.R_z,Shoulder.R_x,Shoulder.R_y,Shoulder.R_z,Shoulder.L_x,Shoulder.L_y,Shoulder.L_z,Elbow.L_x,Elbow.L_y,Elbow.L_z,Wrist.L_x,Wrist.L_y,Wrist.L_z,Neck_x,Neck_y,Neck_z,Head_x,Head_y,Head_z,Nose_x,Nose_y,Nose_z,hip.Center_x,hip.Center_y,hip.Center_z
0,-0.043031473,-1.757885,-1.3006781,-0.11836602,-0.92929834,-0.666878,-0.15601803,-0.025392491,-0.45295885,0.25827476,-0.025392491,-0.5459107,0.29592773,-0.92929834,-0.7777741,0.33359453,-1.7202325,-1.3731208,-0.41965845,0.08759408,-0.073292285,-0.45732525,0.5395542,-0.4427505,-0.3443387,1.1421677,-0.4128305,0.33359453,1.1421677,-0.6060594,0.4465811,0.61487395,-0.24021709,0.5595815,0.049941342,-0.06354633,-0.0053718276,1.1421677,-0.560967,0.069947466,1.9707543,-0.69219273,0.032287817,1.5564611,-0.5876463,0.051128607,-0.025392491,-0.4981059
