frame,Ankle.R_x,Ankle.R_y,Ankle.R_z,Knee.R_x,Knee.R_y,Knee.R_z,Hip.R_x,Hip.R_y,Hip.R_z,Hip.L_x,Hip.L_y,Hip.L_z,Knee.L_x,Knee.L_y,Knee.L_z,Ankle.L_x,Ankle.L_y,Ankle.L_z,Wrist.R_x,Wrist.R_y,Wrist.R_z,Elbow.R_x,Elbow.R_y,Elbow.R_z,Shoulder.R_x,Shoulder.R_y,Shoulder.R_z,Shoulder.L_x,Shoulder.L_y,Shoulder.L_z,Elbow.L_x,Elbow.L_y,Elbow.L_z,Wrist.L_x,Wrist.L_y,Wrist.L_z,Neck_x,Neck_y,Neck_z,Head_x,Head_y,Head_z,Nose_x,Nose_y,Nose_z,hip.Center_x,hip.Center_y,hip.Center_z
0,0.4316287,-1.9018031,-0.5051439,0.39470482,-0.94175667,-0.52894557,0.28393364,-0.018648775,-0.38442987,-0.15916586,-0.018648775,-0.6122199,-0.085318565,-0.94175667,-1.059721,-0.011470798,-1.8279554,-0.9044988,0.505476,0.05519876,-1.2110503,0.5423999,0.5352219,-0.8556117,0.39470482,1.1260164,-0.46252126,-0.30686045,1.1260164,-0.5031611,-0.38070822,0.4613746,-0.73029023,-0.4176321,-0.018648775,-1.0822744,0.043921944,1.1260164,-0.47661787,-0.43610096,1.8644913,-0.40185472,-0.19608927,1.4952538,-0.60227954,0.062383648,-0.018648775,-0.5001636
