frame,Ankle.R_x,Ankle.R_y,Ankle.R_z,Knee.R_x,Knee.R_y,Knee.R_z,Hip.R_x,Hip.R_y,Hip.R_z,Hip.L_x,Hip.L_y,Hip.L_z,Knee.L_x,Knee.L_y,Knee.L_z,Ankle.L_x,Ankle.L_y,Ankle.L_z,Wrist.R_x,Wrist.R_y,Wrist.R_z,Elbow.R_x,Elbow.R_y,Elbow.R_z,Shoulder.R_x,Shoulder.R_y,Shoulder.R_z,Shoulder.L_x,Shoulder.L_y,Shoulder.L_z,Elbow.L_x,Elbow.L_y,Elbow.L_z,Wrist.L_x,Wrist.L_y,Wrist.L_z,Neck_x,Neck_y,Neck_z,Head_x,Head_y,Head_z,Nose_x,Nose_y,Nose_z,hip.Center_x,hip.Center_y,hip.Center_z
0,0.18912861,-2.4216871,-0.017069817,0.06410953,-1.254917,-0.3553821,0.022442542,-0.004813838,-0.7378763,0.10577651,-0.004813838,-0.25134766,-0.8526395,-0.29650182,-0.69616354,-0.3109124,-1.254917,-0.62659645,-0.14424399,0.036871266,-0.7553158,-0.01922492,0.62024695,-0.5619759,-0.060891904,1.286975,-0.7345674,0.27246305,1.3703092,-0.40428022,0.39746448,0.57857996,-0.01486516,0.27246305,-0.17148225,-0.07549459,0.10578557,1.3286421,-0.6232902,-0.7276109,1.7453494,-0.69745564,-0.3109124,1.5369958,-0.85451686,0.06410953,-0.004813838,-0.49836558
