frame,Ankle.R_x,Ankle.R_y,Ankle.R_z,Knee.R_x,Knee.R_y,Knee.R_z,Hip.R_x,Hip.R_y,Hip.R_z,Hip.L_x,Hip.L_y,Hip.L_z,Knee.L_x,Knee.L_y,Knee.L_z,Ankle.L_x,Ankle.L_y,Ankle.L_z,Wrist.R_x,Wrist.R_y,Wrist.R_z,Elbow.R_x,Elbow.R_y,Elbow.R_z,Shoulder.R_x,Shoulder.R_y,Shoulder.R_z,Shoulder.L_x,Shoulder.L_y,Shoulder.L_z,Elbow.L_x,Elbow.L_y,Elbow.L_z,Wrist.L_x,Wrist.L_y,Wrist.L_z,Neck_x,Neck_y,Neck_z,Head_x,Head_y,Head_z,Nose_x,Nose_y,Nose_z,hip.Center_x,hip.Center_y,hip.Center_z
0,-0.16746296,-2.0370922,-0.17629617,-0.0061808974,-1.0291412,-0.016124785,-0.0061808974,-0.021189885,-0.5039834,0.1954063,-0.021189885,-0.49432886,0.1954063,-0.98883575,-0.49104664,0.11476551,-1.9564667,-1.1758883,-0.046501294,0.019130511,-0.4788703,-0.20778288,0.62389237,-0.3795343,-0.046501294,1.2689894,-0.47153342,0.15508638,1.2286689,-0.63091856,0.15508638,0.5029462,-0.6728499,0.396994,-0.021189885,-0.37536347,0.054292545,1.2488292,-0.565424,0.73969495,1.9342469,-0.77336895,0.396994,1.5915381,-0.6502499,0.09461294,-0.021189885,-0.50212204
