frame,Ankle.R_x,Ankle.R_y,Ankle.R_z,Knee.R_x,Knee.R_y,Knee.R_z,Hip.R_x,Hip.R_y,Hip.R_z,Hip.L_x,Hip.L_y,Hip.L_z,Knee.L_x,Knee.L_y,Knee.L_z,Ankle.L_x,Ankle.L_y,Ankle.L_z,Wrist.R_x,Wrist.R_y,Wrist.R_z,Elbow.R_x,Elbow.R_y,Elbow.R_z,Shoulder.R_x,Shoulder.R_y,Shoulder.R_z,Shoulder.L_x,Shoulder.L_y,Shoulder.L_z,Elbow.L_x,Elbow.L_y,Elbow.L_z,Wrist.L_x,Wrist.L_y,Wrist.L_z,Neck_x,Neck_y,Neck_z,Head_x,Head_y,Head_z,Nose_x,Nose_y,Nose_z,hip.Center_x,hip.Center_y,hip.Center_z
0,0.28707373,-2.0243695,0.23433423,0.0686561,-1.0633057,1.9669533e-05,-0.018720493,-0.014865032,-0.62531734,0.15601648,-0.014865032,-0.3622746,0.11233629,-1.1069864,-0.6043564,0.19971289,-2.1117465,-1.0520229,-0.14977776,-0.014865032,-0.3097909,0.024959698,0.5093633,-0.4804904,0.0686561,1.2520094,-0.6498683,0.24339356,1.2520094,-0.5665888,0.28707373,0.5530437,-0.31708673,0.024959698,-0.058545463,-0.23220986,0.15602459,1.2520094,-0.62092364,-0.542941,1.9509593,-0.73633504,-0.19345795,1.6014844,-0.66726255,0.068647996,-0.014865032,-0.49962297
