frame,Ankle.R_x,Ankle.R_y,Ankle.R_z,Knee.R_x,Knee.R_y,Knee.R_z,Hip.R_x,Hip.R_y,Hip.R_z,Hip.L_x,Hip.L_y,Hip.L_z,Knee.L_x,Knee.L_y,Knee.L_z,Ankle.L_x,Ankle.L_y,Ankle.L_z,Wrist.R_x,Wrist.R_y,Wrist.R_z,Elbow.R_x,Elbow.R_y,Elbow.R_z,Shoulder.R_x,Shoulder.R_y,Shoulder.R_z,Shoulder.L_x,Shoulder.L_y,Shoulder.L_z,Elbow.L_x,Elbow.L_y,Elbow.L_z,Wrist.L_x,Wrist.L_y,Wrist.L_z,Neck_x,Neck_y,Neck_z,Head_x,Head_y,Head_z,Nose_x,Nose_y,Nose_z,hip.Center_x,hip.Center_y,hip.Center_z
0,0.1685647,-2.1400883,-0.31227025,0.2835082,-1.0673016,-0.60322416,0.3218178,-0.03283989,-0.47046688,-0.13794145,0.005485419,-0.5323783,-0.36782894,-0.2627114,-1.2057381,-0.25288495,-0.7607955,-1.306922,0.7049584,-0.03283989,-1.1794403,0.7432832,0.58018816,-0.89869213,0.5900144,1.2315252,-0.48404536,-0.25288495,1.2698345,-0.57204443,-0.32950363,0.58018816,-0.7618644,-0.44444713,0.005485419,-1.0954676,0.1685647,1.2506797,-0.57388735,-0.29117832,1.9786514,-0.5303256,-0.06130656,1.6146656,-0.85271907,0.09193841,-0.013677474,-0.4979004
