frame,Ankle.R_x,Ankle.R_y,Ankle.R_z,Knee.R_x,Knee.R_y,Knee.R_z,Hip.R_x,Hip.R_y,Hip.R_z,Hip.L_x,Hip.L_y,Hip.L_z,Knee.L_x,Knee.L_y,Knee.L_z,Ankle.L_x,Ankle.L_y,Ankle.L_z,Wrist.R_x,Wrist.R_y,Wrist.R_z,Elbow.R_x,Elbow.R_y,Elbow.R_z,Shoulder.R_x,Shoulder.R_y,Shoulder.R_z,Shoulder.L_x,Shoulder.L_y,Shoulder.L_z,Elbow.L_x,Elbow.L_y,Elbow.L_z,Wrist.L_x,Wrist.L_y,Wrist.L_z,Neck_x,Neck_y,Neck_z,Head_x,Head_y,Head_z,Nose_x,Nose_y,Nose_z,hip.Center_x,hip.Center_y,hip.Center_z
0,0.48244166,-0.8898967,0.18477589,0.04397177,-1.3682221,-0.055801928,0.04397177,-0.052832212,-0.16924283,0.12370228,0.026898537,-0.82096076,1.1999395,0.10660974,-1.2472491,0.48244166,-0.9297522,-1.0630262,0.04397177,-0.13254341,-0.15665385,-0.27489257,0.7045211,-0.10783547,-0.07559467,1.5415858,-0.06673199,-0.27489257,1.5814415,-0.77887094,-0.3147676,0.6646654,-0.7451799,0.08384632,-0.052832212,-0.474019,-0.17524362,1.5615137,-0.390046,0.90095496,2.0797138,-0.39109683,0.36285567,1.8206136,-0.4734554,0.08383726,-0.012966956,-0.4997215
