frame,Ankle.R_x,Ankle.R_y,Ankle.R_z,Knee.R_x,Knee.R_y,Knee.R_z,Hip.R_x,Hip.R_y,Hip.R_z,Hip.L_x,Hip.L_y,Hip.L_z,Knee.L_x,Knee.L_y,Knee.L_z,Ankle.L_x,Ankle.L_y,Ankle.L_z,Wrist.R_x,Wrist.R_y,Wrist.R_z,Elbow.R_x,Elbow.R_y,Elbow.R_z,Shoulder.R_x,Shoulder.R_y,Shoulder.R_z,Shoulder.L_x,Shoulder.L_y,Shoulder.L_z,Elbow.L_x,Elbow.L_y,Elbow.L_z,Wrist.L_x,Wrist.L_y,Wrist.L_z,Neck_x,Neck_y,Neck_z,Head_x,Head_y,Head_z,Nose_x,Nose_y,Nose_z,hip.Center_x,hip.Center_y,hip.Center_z
0,-0.10954045,-1.756329,-1.1351093,-0.14715861,-0.9289973,-0.4785844,-0.14715861,-0.026442755,-0.44169772,0.2665148,-0.026442755,-0.560885,0.30411866,-0.9289973,-0.7103797,0.30411866,-1.7187252,-1.3655503,-0.37278315,0.08636977,-0.06818536,-0.37278315,0.57526517,-0.39214948,-0.29757497,1.1393546,-0.38517755,0.4169455,1.1393546,-0.6502585,0.4921532,0.57526517,-0.30707487,0.5297575,0.011161577,-0.12652045,0.05968525,1.1393546,-0.57856154,0.17251159,2.0419092,-0.709026,0.11609842,1.590632,-0.5977112,0.059678096,-0.026442755,-0.49800488
