frame,Ankle.R_x,Ankle.R_y,Ankle.R_z,Knee.R_x,Knee.R_y,Knee.R_z,Hip.R_x,Hip.R_y,Hip.R_z,Hip.L_x,Hip.L_y,Hip.L_z,Knee.L_x,Knee.L_y,Knee.L_z,Ankle.L_x,Ankle.L_y,Ankle.L_z,Wrist.R_x,Wrist.R_y,Wrist.R_z,Elbow.R_x,Elbow.R_y,Elbow.R_z,Shoulder.R_x,Shoulder.R_y,Shoulder.R_z,Shoulder.L_x,Shoulder.L_y,Shoulder.L_z,Elbow.L_x,Elbow.L_y,Elbow.L_z,Wrist.L_x,Wrist.L_y,Wrist.L_z,Neck_x,Neck_y,Neck_z,Head_x,Head_y,Head_z,Nose_x,Nose_y,Nose_z,hip.Center_x,hip.Center_y,hip.Center_z
0,-0.00021584705,-1.7652211,-1.3818692,-0.07519229,-0.94050527,-0.68470806,-0.15016921,-0.04084088,-0.36493376,0.26218858,-0.0033524185,-0.63205516,0.29967752,-0.94050527,-0.9592619,0.29967752,-1.7652211,-1.5412059,-0.45004782,-0.0033524185,-0.26780227,-0.48753628,0.55894494,-0.4587176,-0.3750852,1.1212423,-0.331634,0.3371655,1.1587307,-0.6538474,0.44961658,0.5964334,-0.31116498,0.52459353,0.071624264,-0.027403057,-0.018959839,1.1399865,-0.52821773,0.16848199,1.9272143,-0.5779246,0.07476108,1.5336004,-0.5221726,0.05600993,-0.022096649,-0.49956682
