frame,Ankle.R_x,Ankle.R_y,Ankle.R_z,Knee.R_x,Knee.R_y,Knee.R_z,Hip.R_x,Hip.R_y,Hip.R_z,Hip.L_x,Hip.L_y,Hip.L_z,Knee.L_x,Knee.L_y,Knee.L_z,Ankle.L_x,Ankle.L_y,Ankle.L_z,Wrist.R_x,Wrist.R_y,Wrist.R_z,Elbow.R_x,Elbow.R_y,Elbow.R_z,Shoulder.R_x,Shoulder.R_y,Shoulder.R_z,Shoulder.L_x,Shoulder.L_y,Shoulder.L_z,Elbow.L_x,Elbow.L_y,Elbow.L_z,Wrist.L_x,Wrist.L_y,Wrist.L_z,Neck_x,Neck_y,Neck_z,Head_x,Head_y,Head_z,Nose_x,Nose_y,Nose_z,hip.Center_x,hip.Center_y,hip.Center_z
0,0.61636007,-1.0421696,-0.32273683,1.3479947,0.01462768,-0.036842465,0.087961525,-0.026007906,-0.07209411,0.087961525,0.01462768,-0.9314672,1.2260684,0.055282816,-1.1369078,0.8195962,-1.204751,-0.7308029,0.047325462,0.055282816,0.10889274,-0.39978233,0.70560765,0.07679695,-0.15591064,1.4778974,0.024298131,0.047325462,1.4778974,-0.90296215,-0.15591064,0.62431693,-0.93454903,0.2099069,0.0959184,-0.8758389,-0.05429235,1.4778974,-0.4013943,0.8805789,2.046951,-0.44929785,0.413143,1.7624242,-0.1933592,0.087961525,-0.0056903507,-0.50140834
