frame,Ankle.R_x,Ankle.R_y,Ankle.R_z,Knee.R_x,Knee.R_y,Knee.R_z,Hip.R_x,Hip.R_y,Hip.R_z,Hip.L_x,Hip.L_y,Hip.L_z,Knee.L_x,Knee.L_y,Knee.L_z,Ankle.L_x,Ankle.L_y,Ankle.L_z,Wrist.R_x,Wrist.R_y,Wrist.R_z,Elbow.R_x,Elbow.R_y,Elbow.R_z,Shoulder.R_x,Shoulder.R_y,Shoulder.R_z,Shoulder.L_x,Shoulder.L_y,Shoulder.L_z,Elbow.L_x,Elbow.L_y,Elbow.L_z,Wrist.L_x,Wrist.L_y,Wrist.L_z,Neck_x,Neck_y,Neck_z,Head_x,Head_y,Head_z,Nose_x,Nose_y,Nose_z,hip.Center_x,hip.Center_y,hip.Center_z
0,-0.07671611,-1.7651523,-1.3837314,-0.15237968,-0.9328204,-0.64822865,-0.15237968,-0.024824698,-0.46123233,0.26377898,-0.024824698,-0.5396598,0.30161792,-0.9328204,-0.71721923,0.30161792,-1.7651523,-1.3046135,-0.37937182,0.050839346,-0.074068636,-0.4550497,0.5426621,-0.41116107,-0.3415467,1.148002,-0.41409472,0.33945686,1.148002,-0.63010067,0.452946,0.58050126,-0.2723601,0.5286239,0.050839346,-0.042511404,-0.0010449179,1.148002,-0.5756364,0.074619606,1.9803196,-0.7163559,0.036787342,1.5641608,-0.602425,0.055699658,-0.024824698,-0.49808535
