frame,Ankle.R_x,Ankle.R_y,Ankle.R_z,Knee.R_x,Knee.R_y,Knee.R_z,Hip.R_x,Hip.R_y,Hip.R_z,Hip.L_x,Hip.L_y,Hip.L_z,Knee.L_x,Knee.L_y,Knee.L_z,Ankle.L_x,Ankle.L_y,Ankle.L_z,Wrist.R_x,Wrist.R_y,Wrist.R_z,Elbow.R_x,Elbow.R_y,Elbow.R_z,Shoulder.R_x,Shoulder.R_y,Shoulder.R_z,Shoulder.L_x,Shoulder.L_y,Shoulder.L_z,Elbow.L_x,Elbow.L_y,Elbow.L_z,Wrist.L_x,Wrist.L_y,Wrist.L_z,Neck_x,Neck_y,Neck_z,Head_x,Head_y,Head_z,Nose_x,Nose_y,Nose_z,hip.Center_x,hip.Center_y,hip.Center_z
0,0.44728652,-1.4596268,-1.4416134,0.4851655,-0.66417944,-0.9786391,0.2957696,-0.020234253,-0.34325853,-0.15877971,-0.020234253,-0.6616641,-0.08302172,-0.96721256,-0.96561897,-0.0072632656,-1.9520556,-0.540829,0.5230445,0.09340343,-1.0536015,0.4851655,0.5858172,-0.68968934,0.33364907,1.2297627,-0.3697616,-0.38603982,1.1540045,-0.58265364,-0.46179828,0.47219476,-0.8163562,-0.46179828,-0.058113243,-1.1728606,-0.026195131,1.1918836,-0.46539217,0.31470194,1.9494663,-0.37785903,0.14425316,1.5706749,-0.54483044,0.06849519,-0.020234253,-0.49872243
