frame,Ankle.R_x,Ankle.R_y,Ankle.R_z,Knee.R_x,Knee.R_y,Knee.R_z,Hip.R_x,Hip.R_y,Hip.R_z,Hip.L_x,Hip.L_y,Hip.L_z,Knee.L_x,Knee.L_y,Knee.L_z,Ankle.L_x,Ankle.L_y,Ankle.L_z,Wrist.R_x,Wrist.R_y,Wrist.R_z,Elbow.R_x,Elbow.R_y,Elbow.R_z,Shoulder.R_x,Shoulder.R_y,Shoulder.R_z,Shoulder.L_x,Shoulder.L_y,Shoulder.L_z,Elbow.L_x,Elbow.L_y,Elbow.L_z,Wrist.L_x,Wrist.L_y,Wrist.L_z,Neck_x,Neck_y,Neck_z,Head_x,Head_y,Head_z,Nose_x,Nose_y,Nose_z,hip.Center_x,hip.Center_y,hip.Center_z
0,0.053773984,-1.7422378,-0.0032174587,0.1696826,-1.1295812,-0.11120409,0.1696826,-0.036740813,-0.4265162,0.004109964,-0.00362638,-0.57394254,0.10345326,-1.0964663,-0.87579113,0.004109964,-1.6925585,-0.62470496,0.40149987,-0.06985548,-0.5368506,0.1696826,0.6255798,-0.40933293,0.23591147,1.3210305,-0.48670232,-0.06213416,1.3210305,-0.5515355,0.004109964,0.6255798,-0.72820204,0.07033931,-0.036740813,-0.6953165,0.08688842,1.3210305,-0.47889093,0.91479695,1.9833512,-0.56119126,0.50084317,1.6521909,-0.5837914,0.086896524,-0.020183835,-0.503557
