frame,Ankle.R_x,Ankle.R_y,Ankle.R_z,Knee.R_x,Knee.R_y,Knee.R_z,Hip.R_x,Hip.R_y,Hip.R_z,Hip.L_x,Hip.L_y,Hip.L_z,Knee.L_x,Knee.L_y,Knee.L_z,Ankle.L_x,Ankle.L_y,Ankle.L_z,Wrist.R_x,Wrist.R_y,Wrist.R_z,Elbow.R_x,Elbow.R_y,Elbow.R_z,Shoulder.R_x,Shoulder.R_y,Shoulder.R_z,Shoulder.L_x,Shoulder.L_y,Shoulder.L_z,Elbow.L_x,Elbow.L_y,Elbow.L_z,Wrist.L_x,Wrist.L_y,Wrist.L_z,Neck_x,Neck_y,Neck_z,Head_x,Head_y,Head_z,Nose_x,Nose_y,Nose_z,hip.Center_x,hip.Center_y,hip.Center_z
0,0.12955825,-1.9959543,-0.27842152,0.045427486,-1.0283182,-0.4839667,0.08749311,-0.018616196,-0.66288877,0.045427486,-0.018616196,-0.32766363,-0.29114515,-1.0283182,-0.60279316,0.17164008,-2.03802,-0.17193466,-0.16493256,0.065531015,-0.53124434,0.08749311,0.61244726,-0.5648882,0.08749311,1.2855767,-0.66081953,0.12955825,1.2855767,-0.4807289,0.17164008,0.61244726,-0.28966877,-0.12286694,-0.018616196,-0.21780622,0.10852592,1.2855767,-0.568782,-0.77494746,1.7904276,-0.56166947,-0.33321077,1.5380021,-0.6151668,0.06645982,-0.018616196,-0.49638546
