frame,Ankle.R_x,Ankle.R_y,Ankle.R_z,Knee.R_x,Knee.R_y,Knee.R_z,Hip.R_x,Hip.R_y,Hip.R_z,Hip.L_x,Hip.L_y,Hip.L_z,Knee.L_x,Knee.L_y,Knee.L_z,Ankle.L_x,Ankle.L_y,Ankle.L_z,Wrist.R_x,Wrist.R_y,Wrist.R_z,Elbow.R_x,Elbow.R_y,Elbow.R_z,Shoulder.R_x,Shoulder.R_y,Shoulder.R_z,Shoulder.L_x,Shoulder.L_y,Shoulder.L_z,Elbow.L_x,Elbow.L_y,Elbow.L_z,Wrist.L_x,Wrist.L_y,Wrist.L_z,Neck_x,Neck_y,Neck_z,Head_x,Head_y,Head_z,Nose_x,Nose_y,Nose_z,hip.Center_x,hip.Center_y,hip.Center_z
0,-0.1777546,-1.132972,0.008971691,-0.7359564,-0.36008233,0.0878216,-0.091892436,0.026362238,-0.6766133,0.20868997,-0.059516132,-0.31587723,0.20868997,-1.1759031,-0.39324898,0.33749944,-2.2064273,-0.46278882,-0.13482352,0.6704424,-0.20518821,0.20868997,0.5845638,-0.7961491,0.20868997,1.3145058,-0.8049251,0.38043052,1.2715747,-0.38016105,0.38043052,0.49868542,-0.1703974,0.07986431,-0.1453945,-0.23319721,0.29456025,1.2930403,-0.59926105,-0.56420726,1.8512418,-0.6730493,-0.13482352,1.572141,-0.6539203,0.058399007,-0.016576948,-0.49758914
