frame,Ankle.R_x,Ankle.R_y,Ankle.R_z,Knee.R_x,Knee.R_y,Knee.R_z,Hip.R_x,Hip.R_y,Hip.R_z,Hip.L_x,Hip.L_y,Hip.L_z,Knee.L_x,Knee.L_y,Knee.L_z,Ankle.L_x,Ankle.L_y,Ankle.L_z,Wrist.R_x,Wrist.R_y,Wrist.R_z,Elbow.R_x,Elbow.R_y,Elbow.R_z,Shoulder.R_x,Shoulder.R_y,Shoulder.R_z,Shoulder.L_x,Shoulder.L_y,Shoulder.L_z,Elbow.L_x,Elbow.L_y,Elbow.L_z,Wrist.L_x,Wrist.L_y,Wrist.L_z,Neck_x,Neck_y,Neck_z,Head_x,Head_y,Head_z,Nose_x,Nose_y,Nose_z,hip.Center_x,hip.Center_y,hip.Center_z
0,0.20368016,-2.0440788,-0.3024683,0.27766287,-1.0823197,-0.73857194,0.3516456,-0.04657816,-0.53295445,-0.16623294,0.027404554,-0.47345135,-0.38816488,-0.083560936,-1.2655864,-0.31419885,-0.6384232,-1.3242607,0.7215425,-0.04657816,-1.281672,0.75854266,0.5452838,-0.96007997,0.57359374,1.2850945,-0.55664337,-0.24021614,1.2850945,-0.5528759,-0.38816488,0.5452838,-0.70814145,-0.4991473,-0.009578459,-1.0817168,0.16668904,1.2850945,-0.65020865,-0.27719104,1.9509224,-0.61426157,-0.055250995,1.6180084,-0.8911154,0.09270633,-0.009586565,-0.4970626
