frame,Ankle.R_x,Ankle.R_y,Ankle.R_z,Knee.R_x,Knee.R_y,Knee.R_z,Hip.R_x,Hip.R_y,Hip.R_z,Hip.L_x,Hip.L_y,Hip.L_z,Knee.L_x,Knee.L_y,Knee.L_z,Ankle.L_x,Ankle.L_y,Ankle.L_z,Wrist.R_x,Wrist.R_y,Wrist.R_z,Elbow.R_x,Elbow.R_y,Elbow.R_z,Shoulder.R_x,Shoulder.R_y,Shoulder.R_z,Shoulder.L_x,Shoulder.L_y,Shoulder.L_z,Elbow.L_x,Elbow.L_y,Elbow.L_z,Wrist.L_x,Wrist.L_y,Wrist.L_z,Neck_x,Neck_y,Neck_z,Head_x,Head_y,Head_z,Nose_x,Nose_y,Nose_z,hip.Center_x,hip.Center_y,hip.Center_z
0,0.33835104,-1.9484379,0.167184,0.111483365,-1.0409665,-0.14795715,0.06610611,0.0026037283,-0.625347,0.06610611,-0.042757314,-0.36647087,0.020745069,-1.0863435,-0.65682864,0.06610611,-2.1299288,-0.68178815,-0.11538479,-0.042757314,-0.50183254,0.111483365,0.54709285,-0.49440005,0.111483365,1.3184341,-0.5650541,0.15685967,1.2730575,-0.54913247,0.20223644,0.5924539,-0.33672997,0.111483365,-0.088134095,-0.30014956,0.13417128,1.2957458,-0.56943154,-0.4556634,1.9763337,-0.606333,-0.16074583,1.6360399,-0.6317543,0.06610611,-0.020076793,-0.50032043
