frame,Ankle.R_x,Ankle.R_y,Ankle.R_z,Knee.R_x,Knee.R_y,Knee.R_z,Hip.R_x,Hip.R_y,Hip.R_z,Hip.L_x,Hip.L_y,Hip.L_z,Knee.L_x,Knee.L_y,Knee.L_z,Ankle.L_x,Ankle.L_y,Ankle.L_z,Wrist.R_x,Wrist.R_y,Wrist.R_z,Elbow.R_x,Elbow.R_y,Elbow.R_z,Shoulder.R_x,Shoulder.R_y,Shoulder.R_z,Shoulder.L_x,Shoulder.L_y,Shoulder.L_z,Elbow.L_x,Elbow.L_y,Elbow.L_z,Wrist.L_x,Wrist.L_y,Wrist.L_z,Neck_x,Neck_y,Neck_z,Head_x,Head_y,Head_z,Nose_x,Nose_y,Nose_z,hip.Center_x,hip.Center_y,hip.Center_z
0,-0.008802976,-1.730086,-1.3080235,-0.122312635,-0.9355636,-0.670332,-0.16013965,-0.027545765,-0.46503103,0.2560281,-0.027545765,-0.53683484,0.33169642,-0.8977364,-0.69147813,0.36953774,-1.6922446,-1.2346004,-0.42498502,0.08594935,-0.003511995,-0.46281204,0.5399582,-0.3891345,-0.3871437,1.1074762,-0.4137722,0.33169642,1.1831443,-0.64131606,0.4452056,0.6156265,-0.24817765,0.558701,0.08594935,-0.031355202,-0.027723875,1.1453103,-0.5963202,0.08577147,1.9776598,-0.72716343,0.029023562,1.5614852,-0.6137918,0.04794446,-0.027545765,-0.49723154
