frame,Ankle.R_x,Ankle.R_y,Ankle.R_z,Knee.R_x,Knee.R_y,Knee.R_z,Hip.R_x,Hip.R_y,Hip.R_z,Hip.L_x,Hip.L_y,Hip.L_z,Knee.L_x,Knee.L_y,Knee.L_z,Ankle.L_x,Ankle.L_y,Ankle.L_z,Wrist.R_x,Wrist.R_y,Wrist.R_z,Elbow.R_x,Elbow.R_y,Elbow.R_z,Shoulder.R_x,Shoulder.R_y,Shoulder.R_z,Shoulder.L_x,Shoulder.L_y,Shoulder.L_z,Elbow.L_x,Elbow.L_y,Elbow.L_z,Wrist.L_x,Wrist.L_y,Wrist.L_z,Neck_x,Neck_y,Neck_z,Head_x,Head_y,Head_z,Nose_x,Nose_y,Nose_z,hip.Center_x,hip.Center_y,hip.Center_z
0,-0.12487431,-1.8511145,-0.57289886,0.06977014,-1.196368,-0.34812862,0.034380242,-0.028469313,-0.56263816,0.14054947,0.006920588,-0.44186297,0.034380242,-1.196368,-0.38502488,0.9545501,-1.3025377,-0.5542987,0.14054947,-0.06385897,-0.41735345,-0.21334858,0.6085651,-0.4753112,-0.03639956,1.3871758,-0.48465115,0.06977014,1.3517689,-0.5125618,-0.07178898,0.6085651,-0.7562101,0.21132974,0.042310487,-0.779336,0.016685292,1.3694724,-0.41146496,0.8306864,1.9003371,-0.48766208,0.42368537,1.6349047,-0.4238293,0.08746509,-0.0107741235,-0.4998942
