frame,Ankle.R_x,Ankle.R_y,Ankle.R_z,Knee.R_x,Knee.R_y,Knee.R_z,Hip.R_x,Hip.R_y,Hip.R_z,Hip.L_x,Hip.L_y,Hip.L_z,Knee.L_x,Knee.L_y,Knee.L_z,Ankle.L_x,Ankle.L_y,Ankle.L_z,Wrist.R_x,Wrist.R_y,Wrist.R_z,Elbow.R_x,Elbow.R_y,Elbow.R_z,Shoulder.R_x,Shoulder.R_y,Shoulder.R_z,Shoulder.L_x,Shoulder.L_y,Shoulder.L_z,Elbow.L_x,Elbow.L_y,Elbow.L_z,Wrist.L_x,Wrist.L_y,Wrist.L_z,Neck_x,Neck_y,Neck_z,Head_x,Head_y,Head_z,Nose_x,Nose_y,Nose_z,hip.Center_x,hip.Center_y,hip.Center_z
0,-0.009007074,-1.9357039,0.12897575,0.14384595,-1.0016621,0.08726019,0.07590427,-0.016664598,-0.44495568,0.109875105,-0.016664598,-0.55603814,0.14384595,-1.0016621,-0.60322714,0.0079783425,-1.8507925,-1.0910077,0.4834918,0.15315834,-0.53642195,0.041949175,0.62867177,-0.41466558,0.109875105,1.2740085,-0.46372253,-0.02599249,1.2400378,-0.55485344,0.041949175,0.5947014,-0.8386923,0.4834918,0.11918798,-0.6913554,0.041941546,1.2570232,-0.49630243,0.7891897,1.9023749,-0.6708737,0.4155654,1.579699,-0.59658575,0.092890166,-0.016664598,-0.501684
