frame,Ankle.R_x,Ankle.R_y,Ankle.R_z,Knee.R_x,Knee.R_y,Knee.R_z,Hip.R_x,Hip.R_y,Hip.R_z,Hip.L_x,Hip.L_y,Hip.L_z,Knee.L_x,Knee.L_y,Knee.L_z,Ankle.L_x,Ankle.L_y,Ankle.L_z,Wrist.R_x,Wrist.R_y,Wrist.R_z,Elbow.R_x,Elbow.R_y,Elbow.R_z,Shoulder.R_x,Shoulder.R_y,Shoulder.R_z,Shoulder.L_x,Shoulder.L_y,Shoulder.L_z,Elbow.L_x,Elbow.L_y,Elbow.L_z,Wrist.L_x,Wrist.L_y,Wrist.L_z,Neck_x,Neck_y,Neck_z,Head_x,Head_y,Head_z,Nose_x,Nose_y,Nose_z,hip.Center_x,hip.Center_y,hip.Center_z
0,0.26924998,-1.9468656,0.018758535,0.14050777,-1.0027816,-0.2868896,0.14050777,-0.01579429,-0.5835322,0.011766031,-0.01579429,-0.408124,-0.11696093,-1.045701,-0.6658584,-0.07405703,-2.0756078,-0.7003883,-0.20279925,0.15585159,-0.7404056,0.09758909,0.58498216,-0.82580924,0.09758909,1.2286775,-0.65099275,0.011766031,1.2286775,-0.35433018,-0.031137869,0.54207826,-0.2365045,-0.28862232,-0.058697954,-0.20470625,0.054677084,1.2286775,-0.50732845,-0.7177295,1.8294538,-0.50858986,-0.33152622,1.5290657,-0.5599028,0.07613714,-0.01579429,-0.49746355
