frame,Ankle.R_x,Ankle.R_y,Ankle.R_z,Knee.R_x,Knee.R_y,Knee.R_z,Hip.R_x,Hip.R_y,Hip.R_z,Hip.L_x,Hip.L_y,Hip.L_z,Knee.L_x,Knee.L_y,Knee.L_z,Ankle.L_x,Ankle.L_y,Ankle.L_z,Wrist.R_x,Wrist.R_y,Wrist.R_z,Elbow.R_x,Elbow.R_y,Elbow.R_z,Shoulder.R_x,Shoulder.R_y,Shoulder.R_z,Shoulder.L_x,Shoulder.L_y,Shoulder.L_z,Elbow.L_x,Elbow.L_y,Elbow.L_z,Wrist.L_x,Wrist.L_y,Wrist.L_z,Neck_x,Neck_y,Neck_z,Head_x,Head_y,Head_z,Nose_x,Nose_y,Nose_z,hip.Center_x,hip.Center_y,hip.Center_z
0,0.24824217,-1.8858116,-0.24861908,0.31502417,-0.9843313,-0.362355,0.31502417,-0.01606888,-0.38369897,-0.11902354,-0.01606888,-0.6176935,-0.185806,-0.95093316,-1.0522151,-0.21918985,-1.8858116,-1.1736209,0.5821245,-0.049452964,-1.1803786,0.6155083,0.45136315,-0.8227296,0.5153425,1.1191273,-0.4507624,-0.21918985,1.1191273,-0.5981703,-0.3193557,0.4847613,-0.79361314,-0.35275385,-0.01606888,-1.1714983,0.14807585,1.1191273,-0.53621244,0.5487406,1.8536878,-0.50759304,0.3484085,1.4864075,-0.6639466,0.09800031,-0.01606888,-0.50077605
