frame,Ankle.R_x,Ankle.R_y,Ankle.R_z,Knee.R_x,Knee.R_y,Knee.R_z,Hip.R_x,Hip.R_y,Hip.R_z,Hip.L_x,Hip.L_y,Hip.L_z,Knee.L_x,Knee.L_y,Knee.L_z,Ankle.L_x,Ankle.L_y,Ankle.L_z,Wrist.R_x,Wrist.R_y,Wrist.R_z,Elbow.R_x,Elbow.R_y,Elbow.R_z,Shoulder.R_x,Shoulder.R_y,Shoulder.R_z,Shoulder.L_x,Shoulder.L_y,Shoulder.L_z,Elbow.L_x,Elbow.L_y,Elbow.L_z,Wrist.L_x,Wrist.L_y,Wrist.L_z,Neck_x,Neck_y,Neck_z,Head_x,Head_y,Head_z,Nose_x,Nose_y,Nose_z,hip.Center_x,hip.Center_y,hip.Center_z
0,-0.118123725,-1.7359053,-0.44460517,0.06736927,-1.2131478,0.00095927715,0.06736927,-0.03274601,-0.42678642,0.101090714,0.00097567774,-0.57329875,0.06736927,-1.1794263,-0.49507236,-0.05068083,-1.7359053,-0.77548766,0.23599319,-0.03274601,-0.47574207,-0.101271346,0.6080454,-0.47951126,-9.031594e-05,1.3500177,-0.46451098,-0.033811763,1.3500177,-0.6130347,-0.06754942,0.67550474,-0.8718257,0.23599319,0.06843478,-0.72262967,-0.016951278,1.3500177,-0.46969888,0.69129974,1.889628,-0.5456304,0.33717424,1.6198227,-0.5281238,0.08422975,-0.015885046,-0.50269777
