frame,Ankle.R_x,Ankle.R_y,Ankle.R_z,Knee.R_x,Knee.R_y,Knee.R_z,Hip.R_x,Hip.R_y,Hip.R_z,Hip.L_x,Hip.L_y,Hip.L_z,Knee.L_x,Knee.L_y,Knee.L_z,Ankle.L_x,Ankle.L_y,Ankle.L_z,Wrist.R_x,Wrist.R_y,Wrist.R_z,Elbow.R_x,Elbow.R_y,Elbow.R_z,Shoulder.R_x,Shoulder.R_y,Shoulder.R_z,Shoulder.L_x,Shoulder.L_y,Shoulder.L_z,Elbow.L_x,Elbow.L_y,Elbow.L_z,Wrist.L_x,Wrist.L_y,Wrist.L_z,Neck_x,Neck_y,Neck_z,Head_x,Head_y,Head_z,Nose_x,Nose_y,Nose_z,hip.Center_x,hip.Center_y,hip.Center_z
0,0.039446153,-1.743914,-0.05754119,0.17081001,-1.0214726,0.06862712,0.10512809,-0.036318213,-0.3690185,0.07228688,-0.0034772474,-0.63823617,0.17081001,-0.98863167,-0.74662375,0.07228688,-1.7110733,-0.92178243,0.5648721,0.16071257,-0.47447082,0.10512809,0.65328246,-0.326679,0.13796881,1.2772162,-0.38565996,-0.026220523,1.2772162,-0.6178908,0.10512809,0.58761555,-0.8696882,0.53203136,0.16071257,-0.69700885,0.055874147,1.2772162,-0.49825713,0.8111413,1.9339758,-0.5776098,0.4335077,1.605596,-0.60491323,0.08870772,-0.019897612,-0.5011748
