frame,Ankle.R_x,Ankle.R_y,Ankle.R_z,Knee.R_x,Knee.R_y,Knee.R_z,Hip.R_x,Hip.R_y,Hip.R_z,Hip.L_x,Hip.L_y,Hip.L_z,Knee.L_x,Knee.L_y,Knee.L_z,Ankle.L_x,Ankle.L_y,Ankle.L_z,Wrist.R_x,Wrist.R_y,Wrist.R_z,Elbow.R_x,Elbow.R_y,Elbow.R_z,Shoulder.R_x,Shoulder.R_y,Shoulder.R_z,Shoulder.L_x,Shoulder.L_y,Shoulder.L_z,Elbow.L_x,Elbow.L_y,Elbow.L_z,Wrist.L_x,Wrist.L_y,Wrist.L_z,Neck_x,Neck_y,Neck_z,Head_x,Head_y,Head_z,Nose_x,Nose_y,Nose_z,hip.Center_x,hip.Center_y,hip.Center_z
0,-0.21704832,-1.6179655,-1.5706342,-0.28959528,-0.81995064,-0.76509625,-0.14451566,0.014323194,-0.5916143,0.32703862,-0.058223527,-0.41141292,0.25449166,-0.9650443,-0.7114935,0.18194517,-1.7630589,-1.4156718,-0.36214176,0.050596673,0.08881956,-0.28959528,0.55840987,-0.38591453,-0.14451566,1.1750576,-0.5029316,0.58095205,1.1387843,-0.53619766,0.617226,0.5221366,-0.3243342,0.617226,-0.021950047,-0.13421682,0.21821818,1.156921,-0.586317,0.21821818,1.9911807,-0.7647103,0.21821818,1.5740509,-0.6318364,0.091261245,-0.021950047,-0.4960917
