frame,Ankle.R_x,Ankle.R_y,Ankle.R_z,Knee.R_x,Knee.R_y,Knee.R_z,Hip.R_x,Hip.R_y,Hip.R_z,Hip.L_x,Hip.L_y,Hip.L_z,Knee.L_x,Knee.L_y,Knee.L_z,Ankle.L_x,Ankle.L_y,Ankle.L_z,Wrist.R_x,Wrist.R_y,Wrist.R_z,Elbow.R_x,Elbow.R_y,Elbow.R_z,Shoulder.R_x,Shoulder.R_y,Shoulder.R_z,Shoulder.L_x,Shoulder.L_y,Shoulder.L_z,Elbow.L_x,Elbow.L_y,Elbow.L_z,Wrist.L_x,Wrist.L_y,Wrist.L_z,Neck_x,Neck_y,Neck_z,Head_x,Head_y,Head_z,Nose_x,Nose_y,Nose_z,hip.Center_x,hip.Center_y,hip.Center_z
0,0.3960975,-1.6338794,-0.96157885,0.43240532,-0.76235795,-0.79696846,0.28715882,0.00024010614,-0.29581884,-0.14860883,-0.036082488,-0.7055536,-0.07597891,-0.907604,-1.2311869,-0.0033480301,-1.9243863,-0.9405474,0.5413583,0.036547918,-1.1336541,0.46872744,0.58125424,-0.7345829,0.32346663,1.1985766,-0.38394445,-0.43911663,1.1622686,-0.6619861,-0.51174706,0.50862384,-0.8244648,-0.43911663,-0.036082488,-1.0820606,-0.057824768,1.1804227,-0.5312554,0.34162077,1.87039,-0.4818707,0.141898,1.5254062,-0.63514215,0.069274746,-0.01792119,-0.49983767
