frame,Ankle.R_x,Ankle.R_y,Ankle.R_z,Knee.R_x,Knee.R_y,Knee.R_z,Hip.R_x,Hip.R_y,Hip.R_z,Hip.L_x,Hip.L_y,Hip.L_z,Knee.L_x,Knee.L_y,Knee.L_z,Ankle.L_x,Ankle.L_y,Ankle.L_z,Wrist.R_x,Wrist.R_y,Wrist.R_z,Elbow.R_x,Elbow.R_y,Elbow.R_z,Shoulder.R_x,Shoulder.R_y,Shoulder.R_z,Shoulder.L_x,Shoulder.L_y,Shoulder.L_z,Elbow.L_x,Elbow.L_y,Elbow.L_z,Wrist.L_x,Wrist.L_y,Wrist.L_z,Neck_x,Neck_y,Neck_z,Head_x,Head_y,Head_z,Nose_x,Nose_y,Nose_z,hip.Center_x,hip.Center_y,hip.Center_z
0,0.025309265,-1.7680796,0.07094622,0.13966864,-1.0001568,0.055262327,0.10700101,-0.019841762,-0.37835714,0.07431859,-0.019841762,-0.6310277,0.17235154,-1.0001568,-0.7407454,0.04165095,-1.7190555,-0.8769362,0.56448334,0.17620888,-0.47738582,0.07431859,0.6336912,-0.35565385,0.10700101,1.2872398,-0.39518183,-0.02371484,1.2872398,-0.63220865,0.07431859,0.56834114,-0.87404215,0.49911803,0.17620888,-0.6291181,0.04164332,1.2872398,-0.51583123,0.82589215,1.940773,-0.60636103,0.4337675,1.6140063,-0.6045035,0.09065932,-0.019841762,-0.5009105
