frame,Ankle.R_x,Ankle.R_y,Ankle.R_z,Knee.R_x,Knee.R_y,Knee.R_z,Hip.R_x,Hip.R_y,Hip.R_z,Hip.L_x,Hip.L_y,Hip.L_z,Knee.L_x,Knee.L_y,Knee.L_z,Ankle.L_x,Ankle.L_y,Ankle.L_z,Wrist.R_x,Wrist.R_y,Wrist.R_z,Elbow.R_x,Elbow.R_y,Elbow.R_z,Shoulder.R_x,Shoulder.R_y,Shoulder.R_z,Shoulder.L_x,Shoulder.L_y,Shoulder.L_z,Elbow.L_x,Elbow.L_y,Elbow.L_z,Wrist.L_x,Wrist.L_y,Wrist.L_z,Neck_x,Neck_y,Neck_z,Head_x,Head_y,Head_z,Nose_x,Nose_y,Nose_z,hip.Center_x,hip.Center_y,hip.Center_z
0,-0.27940074,-1.3724867,-1.4974856,-0.31717196,-0.54168713,-0.7583436,-0.12834635,0.024759408,-0.67836106,0.324802,-0.050767783,-0.33525336,0.21151838,-1.1081337,-0.66542125,0.13599119,-2.0144608,-1.160086,-0.39269963,0.06253063,0.057799876,-0.35492793,0.59120595,-0.41801322,-0.16611758,1.1954237,-0.59831583,0.62691075,1.1198965,-0.41687515,0.6646815,0.4779228,-0.2520537,0.5891548,-0.08852375,-0.06960142,0.23039684,1.1576602,-0.5423234,0.2681528,1.9884597,-0.63770163,0.24927434,1.57306,-0.47147077,0.09822758,-0.013004188,-0.4950145
