frame,Ankle.R_x,Ankle.R_y,Ankle.R_z,Knee.R_x,Knee.R_y,Knee.R_z,Hip.R_x,Hip.R_y,Hip.R_z,Hip.L_x,Hip.L_y,Hip.L_z,Knee.L_x,Knee.L_y,Knee.L_z,Ankle.L_x,Ankle.L_y,Ankle.L_z,Wrist.R_x,Wrist.R_y,Wrist.R_z,Elbow.R_x,Elbow.R_y,Elbow.R_z,Shoulder.R_x,Shoulder.R_y,Shoulder.R_z,Shoulder.L_x,Shoulder.L_y,Shoulder.L_z,Elbow.L_x,Elbow.L_y,Elbow.L_z,Wrist.L_x,Wrist.L_y,Wrist.L_z,Neck_x,Neck_y,Neck_z,Head_x,Head_y,Head_z,Nose_x,Nose_y,Nose_z,hip.Center_x,hip.Center_y,hip.Center_z
0,0.4045544,-1.0816753,-1.3065886,0.5537639,-0.37293127,-0.95614654,0.2926474,0.00010772608,-0.34394312,-0.15498063,-0.037194528,-0.6589663,-0.08037611,-1.007071,-0.8920645,-0.005771123,-1.9769318,-0.5044367,0.5537639,0.11201497,-1.1775184,0.47915938,0.5969452,-0.7702483,0.3299499,1.2683873,-0.46787205,-0.45339915,1.1937828,-0.64959425,-0.5280041,0.5223405,-0.92251444,-0.49070165,-0.037194528,-1.2754395,-0.061725102,1.2310851,-0.53719944,0.34860137,2.0517366,-0.44479433,0.14343789,1.6414108,-0.6628995,0.06883339,-0.018543283,-0.50012267
