frame,Ankle.R_x,Ankle.R_y,Ankle.R_z,Knee.R_x,Knee.R_y,Knee.R_z,Hip.R_x,Hip.R_y,Hip.R_z,Hip.L_x,Hip.L_y,Hip.L_z,Knee.L_x,Knee.L_y,Knee.L_z,Ankle.L_x,Ankle.L_y,Ankle.L_z,Wrist.R_x,Wrist.R_y,Wrist.R_z,Elbow.R_x,Elbow.R_y,Elbow.R_z,Shoulder.R_x,Shoulder.R_y,Shoulder.R_z,Shoulder.L_x,Shoulder.L_y,Shoulder.L_z,Elbow.L_x,Elbow.L_y,Elbow.L_z,Wrist.L_x,Wrist.L_y,Wrist.L_z,Neck_x,Neck_y,Neck_z,Head_x,Head_y,Head_z,Nose_x,Nose_y,Nose_z,hip.Center_x,hip.Center_y,hip.Center_z
0,0.12997961,-1.709283,-0.22955525,-0.3084731,-0.9200686,-0.065898955,-0.04540109,0.00067315064,-0.64639485,0.1738162,-0.04318013,-0.34192678,0.1738162,-1.1393028,-0.5206924,0.26150703,-2.103882,-0.82149434,-0.13309193,0.00067315064,-0.32296324,0.086126335,0.5706533,-0.5644976,0.12997961,1.3160304,-0.743874,0.30536032,1.3160304,-0.56873107,0.30536032,0.5706533,-0.44969413,-0.0015640184,0.00067315064,-0.24463373,0.21766996,1.3160304,-0.6583142,-0.48385334,1.9298475,-0.76684564,-0.13309193,1.6229389,-0.72814786,0.06420804,-0.02125349,-0.4984778
