frame,Ankle.R_x,Ankle.R_y,Ankle.R_z,Knee.R_x,Knee.R_y,Knee.R_z,Hip.R_x,Hip.R_y,Hip.R_z,Hip.L_x,Hip.L_y,Hip.L_z,Knee.L_x,Knee.L_y,Knee.L_z,Ankle.L_x,Ankle.L_y,Ankle.L_z,Wrist.R_x,Wrist.R_y,Wrist.R_z,Elbow.R_x,Elbow.R_y,Elbow.R_z,Shoulder.R_x,Shoulder.R_y,Shoulder.R_z,Shoulder.L_x,Shoulder.L_y,Shoulder.L_z,Elbow.L_x,Elbow.L_y,Elbow.L_z,Wrist.L_x,Wrist.L_y,Wrist.L_z,Neck_x,Neck_y,Neck_z,Head_x,Head_y,Head_z,Nose_x,Nose_y,Nose_z,hip.Center_x,hip.Center_y,hip.Center_z
0,-0.018752992,-1.6395348,-1.7603631,-0.236525,-0.9136233,-0.8694222,-0.12764639,-0.0062515046,-0.63358283,0.2716003,-0.042549066,-0.37409323,0.2716003,-0.9862184,-0.59477925,0.23531634,-1.8210086,-1.1782751,-0.3454041,0.13892515,0.11295432,-0.2728228,0.64705044,-0.3555973,-0.16392988,1.1551899,-0.5447095,0.48937184,1.1551899,-0.57762015,0.56196743,0.57446915,-0.48575777,0.56196743,-0.0062515046,-0.34606552,0.16272122,1.1551899,-0.61510193,0.0901261,1.9536825,-0.80852395,0.1264239,1.5544362,-0.68207586,0.0719772,-0.024400404,-0.49462053
