frame,Ankle.R_x,Ankle.R_y,Ankle.R_z,Knee.R_x,Knee.R_y,Knee.R_z,Hip.R_x,Hip.R_y,Hip.R_z,Hip.L_x,Hip.L_y,Hip.L_z,Knee.L_x,Knee.L_y,Knee.L_z,Ankle.L_x,Ankle.L_y,Ankle.L_z,Wrist.R_x,Wrist.R_y,Wrist.R_z,Elbow.R_x,Elbow.R_y,Elbow.R_z,Shoulder.R_x,Shoulder.R_y,Shoulder.R_z,Shoulder.L_x,Shoulder.L_y,Shoulder.L_z,Elbow.L_x,Elbow.L_y,Elbow.L_z,Wrist.L_x,Wrist.L_y,Wrist.L_z,Neck_x,Neck_y,Neck_z,Head_x,Head_y,Head_z,Nose_x,Nose_y,Nose_z,hip.Center_x,hip.Center_y,hip.Center_z
0,0.25084293,-1.9232404,0.056191146,-0.036203012,-1.0620723,-0.28391737,0.08682527,0.0041332636,-0.647184,0.045805827,-0.036871158,-0.34959197,0.004801169,-1.0620723,-0.6978171,0.045805827,-2.0872734,-0.64475304,-0.20023595,-0.036871158,-0.6534446,0.12782992,0.5782402,-0.6297742,0.1688341,1.2343712,-0.6779019,0.045805827,1.2343712,-0.53879774,0.004801169,0.53723603,-0.341492,-0.20023595,-0.077890836,-0.16215205,0.10731973,1.2343712,-0.62564075,-0.67183936,1.972511,-0.6337998,-0.28225958,1.6034412,-0.69229865,0.06631555,-0.016369065,-0.49923643
