frame,Ankle.R_x,Ankle.R_y,Ankle.R_z,Knee.R_x,Knee.R_y,Knee.R_z,Hip.R_x,Hip.R_y,Hip.R_z,Hip.L_x,Hip.L_y,Hip.L_z,Knee.L_x,Knee.L_y,Knee.L_z,Ankle.L_x,Ankle.L_y,Ankle.L_z,Wrist.R_x,Wrist.R_y,Wrist.R_z,Elbow.R_x,Elbow.R_y,Elbow.R_z,Shoulder.R_x,Shoulder.R_y,Shoulder.R_z,Shoulder.L_x,Shoulder.L_y,Shoulder.L_z,Elbow.L_x,Elbow.L_y,Elbow.L_z,Wrist.L_x,Wrist.L_y,Wrist.L_z,Neck_x,Neck_y,Neck_z,Head_x,Head_y,Head_z,Nose_x,Nose_y,Nose_z,hip.Center_x,hip.Center_y,hip.Center_z
0,-0.32095984,-1.1746612,-0.6037593,-0.46667936,-0.19103286,-0.28833532,-0.13879803,0.06398062,-0.7244331,0.33480284,-0.08173915,-0.28699583,0.2255089,-1.1746612,-0.6797359,0.1526415,-1.9761434,-1.2791586,-0.4302533,-0.008871044,-0.121990144,-0.3573859,0.53758174,-0.54187816,-0.17524031,1.1933445,-0.7481767,0.62624234,1.1569186,-0.28384787,0.6626846,0.46473005,-0.16019195,0.5898163,-0.15460703,-0.1002669,0.22550127,1.1751314,-0.5551635,0.22551748,2.0859077,-0.5509776,0.2255089,1.6305196,-0.41594163,0.098002635,-0.00887915,-0.4946329
