frame,Ankle.R_x,Ankle.R_y,Ankle.R_z,Knee.R_x,Knee.R_y,Knee.R_z,Hip.R_x,Hip.R_y,Hip.R_z,Hip.L_x,Hip.L_y,Hip.L_z,Knee.L_x,Knee.L_y,Knee.L_z,Ankle.L_x,Ankle.L_y,Ankle.L_z,Wrist.R_x,Wrist.R_y,Wrist.R_z,Elbow.R_x,Elbow.R_y,Elbow.R_z,Shoulder.R_x,Shoulder.R_y,Shoulder.R_z,Shoulder.L_x,Shoulder.L_y,Shoulder.L_z,Elbow.L_x,Elbow.L_y,Elbow.L_z,Wrist.L_x,Wrist.L_y,Wrist.L_z,Neck_x,Neck_y,Neck_z,Head_x,Head_y,Head_z,Nose_x,Nose_y,Nose_z,hip.Center_x,hip.Center_y,hip.Center_z
0,-0.03751937,-1.9735595,0.2079497,-0.079553515,-1.0486244,-0.13156426,0.0045305155,0.002444189,-0.63362515,0.08861408,-0.039605457,-0.35623765,0.08861408,-1.0486244,-0.669059,0.21473178,-2.0576434,-0.64444953,-0.16363707,-0.081639364,-0.46753627,0.046564665,0.54899544,-0.5082334,0.08861408,1.2637142,-0.6705205,0.17269763,1.2637142,-0.57474875,0.13064823,0.54899544,-0.34016144,-0.079553515,-0.081639364,-0.1708656,0.13065585,1.2637142,-0.64172006,-0.62612766,2.0204825,-0.73469305,-0.24773589,1.6420982,-0.6997988,0.046572294,-0.018580515,-0.49927568
