frame,Ankle.R_x,Ankle.R_y,Ankle.R_z,Knee.R_x,Knee.R_y,Knee.R_z,Hip.R_x,Hip.R_y,Hip.R_z,Hip.L_x,Hip.L_y,Hip.L_z,Knee.L_x,Knee.L_y,Knee.L_z,Ankle.L_x,Ankle.L_y,Ankle.L_z,Wrist.R_x,Wrist.R_y,Wrist.R_z,Elbow.R_x,Elbow.R_y,Elbow.R_z,Shoulder.R_x,Shoulder.R_y,Shoulder.R_z,Shoulder.L_x,Shoulder.L_y,Shoulder.L_z,Elbow.L_x,Elbow.L_y,Elbow.L_z,Wrist.L_x,Wrist.L_y,Wrist.L_z,Neck_x,Neck_y,Neck_z,Head_x,Head_y,Head_z,Nose_x,Nose_y,Nose_z,hip.Center_x,hip.Center_y,hip.Center_z
0,0.13180679,-1.9092538,-0.46589938,0.17086166,-0.9329247,-0.48525524,0.28802627,-0.034690566,-0.4187865,-0.10250813,0.004364305,-0.5772547,-0.21967322,-0.97197956,-0.90803456,-0.33683783,-1.9873636,-0.9958474,0.36612123,0.043419175,-1.0902228,0.5223412,0.47300893,-0.7912961,0.4051761,1.1369133,-0.47086498,-0.06345326,1.1759682,-0.35884112,-0.18061835,0.5511039,-0.4750177,-0.3758927,0.043419175,-0.7932539,0.17086166,1.1564406,-0.42246553,-0.5320979,1.8984549,-0.4571616,-0.18061835,1.5274478,-0.5952344,0.09275907,-0.015162892,-0.49915895
