frame,Ankle.R_x,Ankle.R_y,Ankle.R_z,Knee.R_x,Knee.R_y,Knee.R_z,Hip.R_x,Hip.R_y,Hip.R_z,Hip.L_x,Hip.L_y,Hip.L_z,Knee.L_x,Knee.L_y,Knee.L_z,Ankle.L_x,Ankle.L_y,Ankle.L_z,Wrist.R_x,Wrist.R_y,Wrist.R_z,Elbow.R_x,Elbow.R_y,Elbow.R_z,Shoulder.R_x,Shoulder.R_y,Shoulder.R_z,Shoulder.L_x,Shoulder.L_y,Shoulder.L_z,Elbow.L_x,Elbow.L_y,Elbow.L_z,Wrist.L_x,Wrist.L_y,Wrist.L_z,Neck_x,Neck_y,Neck_z,Head_x,Head_y,Head_z,Nose_x,Nose_y,Nose_z,hip.Center_x,hip.Center_y,hip.Center_z
0,0.16560814,-1.9630694,-0.41355932,-0.0035918094,-1.0324864,-0.50768334,-0.08819178,-0.017288242,-0.681628,0.20790789,-0.017288242,-0.3178262,0.12330791,-1.0324864,-0.42752048,0.2502081,-2.0476694,-0.69675076,-0.2150915,0.025011744,-0.019134909,-0.17279127,0.5749108,-0.3035233,-0.13049152,1.1670942,-0.58498853,0.3348076,1.2516941,-0.4999795,0.46170732,0.61719507,-0.43365094,0.3348076,-0.017288242,-0.35804275,0.10215828,1.2093941,-0.5462355,-0.36314133,1.8015932,-0.6828283,-0.13049152,1.5054936,-0.5847405,0.05985805,-0.017288242,-0.4958817
