frame,Ankle.R_x,Ankle.R_y,Ankle.R_z,Knee.R_x,Knee.R_y,Knee.R_z,Hip.R_x,Hip.R_y,Hip.R_z,Hip.L_x,Hip.L_y,Hip.L_z,Knee.L_x,Knee.L_y,Knee.L_z,Ankle.L_x,Ankle.L_y,Ankle.L_z,Wrist.R_x,Wrist.R_y,Wrist.R_z,Elbow.R_x,Elbow.R_y,Elbow.R_z,Shoulder.R_x,Shoulder.R_y,Shoulder.R_z,Shoulder.L_x,Shoulder.L_y,Shoulder.L_z,Elbow.L_x,Elbow.L_y,Elbow.L_z,Wrist.L_x,Wrist.L_y,Wrist.L_z,Neck_x,Neck_y,Neck_z,Head_x,Head_y,Head_z,Nose_x,Nose_y,Nose_z,hip.Center_x,hip.Center_y,hip.Center_z
0,-0.038360067,-2.1493466,-0.5356689,0.07889324,-1.1330568,-0.2874869,0.00072389096,-0.038597982,-0.4375963,0.15707785,0.0004862137,-0.5410114,0.5870381,-0.8594343,-0.31518352,0.1961618,-1.680286,-1.3702582,0.15707785,-0.038597982,-0.60719985,-0.0774445,0.6259003,-0.33913156,-0.038360067,1.329483,-0.35281545,-0.23379797,1.329483,-0.6549086,-0.23379797,0.6649845,-0.916407,0.1961618,0.0004862137,-0.84142995,-0.13607877,1.329483,-0.45933717,0.7629414,1.7985277,-0.52909416,0.31343132,1.5640053,-0.5051524,0.078900866,-0.019056004,-0.5056049
