frame,Ankle.R_x,Ankle.R_y,Ankle.R_z,Knee.R_x,Knee.R_y,Knee.R_z,Hip.R_x,Hip.R_y,Hip.R_z,Hip.L_x,Hip.L_y,Hip.L_z,Knee.L_x,Knee.L_y,Knee.L_z,Ankle.L_x,Ankle.L_y,Ankle.L_z,Wrist.R_x,Wrist.R_y,Wrist.R_z,Elbow.R_x,Elbow.R_y,Elbow.R_z,Shoulder.R_x,Shoulder.R_y,Shoulder.R_z,Shoulder.L_x,Shoulder.L_y,Shoulder.L_z,Elbow.L_x,Elbow.L_y,Elbow.L_z,Wrist.L_x,Wrist.L_y,Wrist.L_z,Neck_x,Neck_y,Neck_z,Head_x,Head_y,Head_z,Nose_x,Nose_y,Nose_z,hip.Center_x,hip.Center_y,hip.Center_z
0,-0.089921154,-1.9023641,-0.33508244,0.032921635,-1.0074588,0.027929723,0.032921635,-0.024809184,-0.5146851,0.17329773,-0.024809184,-0.48978135,0.13819966,-0.9723609,-0.31629023,-0.0021764413,-1.814619,-1.0128824,-0.072372116,0.0102884155,-0.6832859,-0.21274868,0.6419746,-0.46294266,-0.072372116,1.3087735,-0.48829123,0.032921635,1.2736757,-0.6161986,0.10310205,0.571794,-0.7527193,0.3487719,0.11556691,-0.3166646,-0.01972548,1.2912246,-0.55204344,0.64707404,2.0282195,-0.7609913,0.31367382,1.6597221,-0.65388584,0.10310968,-0.024809184,-0.50256735
