frame,Ankle.R_x,Ankle.R_y,Ankle.R_z,Knee.R_x,Knee.R_y,Knee.R_z,Hip.R_x,Hip.R_y,Hip.R_z,Hip.L_x,Hip.L_y,Hip.L_z,Knee.L_x,Knee.L_y,Knee.L_z,Ankle.L_x,Ankle.L_y,Ankle.L_z,Wrist.R_x,Wrist.R_y,Wrist.R_z,Elbow.R_x,Elbow.R_y,Elbow.R_z,Shoulder.R_x,Shoulder.R_y,Shoulder.R_z,Shoulder.L_x,Shoulder.L_y,Shoulder.L_z,Elbow.L_x,Elbow.L_y,Elbow.L_z,Wrist.L_x,Wrist.L_y,Wrist.L_z,Neck_x,Neck_y,Neck_z,Head_x,Head_y,Head_z,Nose_x,Nose_y,Nose_z,hip.Center_x,hip.Center_y,hip.Center_z
0,0.05486261,-1.8909461,0.049996614,-0.022940047,-0.9962368,-0.15594524,-0.061833747,-0.02372479,-0.68100226,0.13266575,-0.02372479,-0.31115764,0.13266575,-1.035131,-0.49354905,0.32716525,-1.9687493,-0.97683537,-0.21743953,0.09297204,-0.07529494,-0.061833747,0.55977345,-0.37098297,-0.061833747,1.2210895,-0.58652097,0.24936211,1.2599834,-0.5849278,0.36607373,0.6375761,-0.39514473,0.24936211,-0.02372479,-0.35193157,0.09376442,1.2405365,-0.60579705,-0.45082557,1.9796402,-0.78776324,-0.17853057,1.6100885,-0.7421061,0.03541576,-0.02372479,-0.4972185
