frame,Ankle.R_x,Ankle.R_y,Ankle.R_z,Knee.R_x,Knee.R_y,Knee.R_z,Hip.R_x,Hip.R_y,Hip.R_z,Hip.L_x,Hip.L_y,Hip.L_z,Knee.L_x,Knee.L_y,Knee.L_z,Ankle.L_x,Ankle.L_y,Ankle.L_z,Wrist.R_x,Wrist.R_y,Wrist.R_z,Elbow.R_x,Elbow.R_y,Elbow.R_z,Shoulder.R_x,Shoulder.R_y,Shoulder.R_z,Shoulder.L_x,Shoulder.L_y,Shoulder.L_z,Elbow.L_x,Elbow.L_y,Elbow.L_z,Wrist.L_x,Wrist.L_y,Wrist.L_z,Neck_x,Neck_y,Neck_z,Head_x,Head_y,Head_z,Nose_x,Nose_y,Nose_z,hip.Center_x,hip.Center_y,hip.Center_z
0,0.4374043,-0.70258677,-1.1584103,0.50457585,-0.030887024,-1.2958349,0.30306116,0.03628455,-0.34634385,-0.16712365,-0.06447281,-0.66202974,-0.09995208,-1.072014,-0.91785645,-0.066366054,-1.6429559,-0.3839544,0.6389023,0.06985365,-1.1967162,0.50457585,0.6407956,-0.80222905,0.30306116,1.3460811,-0.7055983,-0.5365504,1.2789093,-0.8196545,-0.637308,0.5400382,-1.0066943,-0.5701364,-0.06447281,-1.2447677,-0.11674485,1.3124952,-0.7551745,0.31983724,2.1185212,-0.7206642,0.10154643,1.7155083,-0.84390366,0.06796851,-0.014094012,-0.5020149
