frame,Ankle.R_x,Ankle.R_y,Ankle.R_z,Knee.R_x,Knee.R_y,Knee.R_z,Hip.R_x,Hip.R_y,Hip.R_z,Hip.L_x,Hip.L_y,Hip.L_z,Knee.L_x,Knee.L_y,Knee.L_z,Ankle.L_x,Ankle.L_y,Ankle.L_z,Wrist.R_x,Wrist.R_y,Wrist.R_z,Elbow.R_x,Elbow.R_y,Elbow.R_z,Shoulder.R_x,Shoulder.R_y,Shoulder.R_z,Shoulder.L_x,Shoulder.L_y,Shoulder.L_z,Elbow.L_x,Elbow.L_y,Elbow.L_z,Wrist.L_x,Wrist.L_y,Wrist.L_z,Neck_x,Neck_y,Neck_z,Head_x,Head_y,Head_z,Nose_x,Nose_y,Nose_z,hip.Center_x,hip.Center_y,hip.Center_z
0,0.23328657,-2.5842366,0.032372117,0.104268745,-1.2512412,-0.37953472,0.061269004,-0.004246044,-0.7521417,0.061269004,-0.004246044,-0.23374835,-0.97072774,-0.13324527,-0.8840815,-0.32573012,-1.036242,-0.8140117,-0.06773071,-0.04724555,-0.7738784,0.018268783,0.5547523,-0.6511048,0.018268783,1.3287494,-0.7451953,0.2762873,1.3717494,-0.42516726,0.40528604,0.5977523,0.009372115,0.23328657,-0.13324527,-0.12021372,0.14727755,1.3502495,-0.6469358,-0.79873735,1.8232478,-0.7062315,-0.32573012,1.5867487,-0.89710844,0.061269004,-0.004246044,-0.4999165
