frame,Ankle.R_x,Ankle.R_y,Ankle.R_z,Knee.R_x,Knee.R_y,Knee.R_z,Hip.R_x,Hip.R_y,Hip.R_z,Hip.L_x,Hip.L_y,Hip.L_z,Knee.L_x,Knee.L_y,Knee.L_z,Ankle.L_x,Ankle.L_y,Ankle.L_z,Wrist.R_x,Wrist.R_y,Wrist.R_z,Elbow.R_x,Elbow.R_y,Elbow.R_z,Shoulder.R_x,Shoulder.R_y,Shoulder.R_z,Shoulder.L_x,Shoulder.L_y,Shoulder.L_z,Elbow.L_x,Elbow.L_y,Elbow.L_z,Wrist.L_x,Wrist.L_y,Wrist.L_z,Neck_x,Neck_y,Neck_z,Head_x,Head_y,Head_z,Nose_x,Nose_y,Nose_z,hip.Center_x,hip.Center_y,hip.Center_z
0,0.29118362,-2.0288851,0.38933802,0.11416928,-1.0552585,-0.002362609,0.025662102,0.006891044,-0.6332891,0.11416928,-0.037370652,-0.3519116,0.06990782,-1.0995042,-0.69035274,0.20267645,-2.1173918,-0.9209132,-0.15136799,0.006891044,-0.36696458,0.06990782,0.4937041,-0.5762366,0.06990782,1.2903003,-0.659442,0.20267645,1.2903003,-0.5590401,0.2469379,0.5822113,-0.31095564,0.06990782,-0.037370652,-0.23099953,0.13629165,1.2903003,-0.610896,-0.61604244,1.909898,-0.7075586,-0.23987517,1.6000992,-0.679176,0.06991545,-0.015239684,-0.4999353
