frame,Ankle.R_x,Ankle.R_y,Ankle.R_z,Knee.R_x,Knee.R_y,Knee.R_z,Hip.R_x,Hip.R_y,Hip.R_z,Hip.L_x,Hip.L_y,Hip.L_z,Knee.L_x,Knee.L_y,Knee.L_z,Ankle.L_x,Ankle.L_y,Ankle.L_z,Wrist.R_x,Wrist.R_y,Wrist.R_z,Elbow.R_x,Elbow.R_y,Elbow.R_z,Shoulder.R_x,Shoulder.R_y,Shoulder.R_z,Shoulder.L_x,Shoulder.L_y,Shoulder.L_z,Elbow.L_x,Elbow.L_y,Elbow.L_z,Wrist.L_x,Wrist.L_y,Wrist.L_z,Neck_x,Neck_y,Neck_z,Head_x,Head_y,Head_z,Nose_x,Nose_y,Nose_z,hip.Center_x,hip.Center_y,hip.Center_z
0,-0.10264606,-1.6940336,-0.7426373,0.035413556,-1.1072674,-0.027009487,0.035413556,-0.037300535,-0.45968238,0.17347366,-0.0027894452,-0.54613197,0.06994086,-1.0727568,-0.30670172,-0.03360767,-1.6595225,-0.69665563,-0.06813497,-0.037300535,-0.4363447,-0.24070567,0.65299827,-0.40419418,-0.10264606,1.343313,-0.456796,0.035413556,1.3087862,-0.6454235,0.10445195,0.51493865,-0.77897304,0.31153327,0.03173738,-0.34497482,-0.033616252,1.3260496,-0.48969376,0.6566828,2.119913,-0.5896011,0.31153327,1.7229813,-0.5415557,0.10444384,-0.02004499,-0.5010618
