frame,Ankle.R_x,Ankle.R_y,Ankle.R_z,Knee.R_x,Knee.R_y,Knee.R_z,Hip.R_x,Hip.R_y,Hip.R_z,Hip.L_x,Hip.L_y,Hip.L_z,Knee.L_x,Knee.L_y,Knee.L_z,Ankle.L_x,Ankle.L_y,Ankle.L_z,Wrist.R_x,Wrist.R_y,Wrist.R_z,Elbow.R_x,Elbow.R_y,Elbow.R_z,Shoulder.R_x,Shoulder.R_y,Shoulder.R_z,Shoulder.L_x,Shoulder.L_y,Shoulder.L_z,Elbow.L_x,Elbow.L_y,Elbow.L_z,Wrist.L_x,Wrist.L_y,Wrist.L_z,Neck_x,Neck_y,Neck_z,Head_x,Head_y,Head_z,Nose_x,Nose_y,Nose_z,hip.Center_x,hip.Center_y,hip.Center_z
0,-0.12779696,-1.884819,-0.55564916,0.10422914,-1.2244492,-0.34591323,0.03284423,-0.046513118,-0.5537893,0.13992135,0.024871789,-0.45082226,0.03284423,-1.1887565,-0.3773649,0.96091574,-1.3315434,-0.6182718,0.17561404,-0.08220557,-0.39730436,-0.21703656,0.59600204,-0.45410952,-0.038557366,1.3455944,-0.48001826,0.06853692,1.3455944,-0.5277636,-0.038557366,0.5603096,-0.7614977,0.21130626,0.024871789,-0.7067123,0.01498954,1.3455944,-0.4246894,0.83596677,1.9167078,-0.51703125,0.42547864,1.6311511,-0.46644786,0.08638303,-0.0108206635,-0.4999496
