frame,Ankle.R_x,Ankle.R_y,Ankle.R_z,Knee.R_x,Knee.R_y,Knee.R_z,Hip.R_x,Hip.R_y,Hip.R_z,Hip.L_x,Hip.L_y,Hip.L_z,Knee.L_x,Knee.L_y,Knee.L_z,Ankle.L_x,Ankle.L_y,Ankle.L_z,Wrist.R_x,Wrist.R_y,Wrist.R_z,Elbow.R_x,Elbow.R_y,Elbow.R_z,Shoulder.R_x,Shoulder.R_y,Shoulder.R_z,Shoulder.L_x,Shoulder.L_y,Shoulder.L_z,Elbow.L_x,Elbow.L_y,Elbow.L_z,Wrist.L_x,Wrist.L_y,Wrist.L_z,Neck_x,Neck_y,Neck_z,Head_x,Head_y,Head_z,Nose_x,Nose_y,Nose_z,hip.Center_x,hip.Center_y,hip.Center_z
0,-0.15614012,-1.3453023,-0.24365795,-0.6688178,-0.4908573,0.092463374,-0.07070235,0.02181988,-0.6222416,0.18564436,-0.063617654,-0.359968,0.18564436,-1.1316993,-0.41246438,0.3138096,-2.242491,-0.5756093,0.10018941,-0.106344886,-0.36338866,0.18564436,0.6199518,-0.7803456,0.18564436,1.3889589,-0.7690477,0.3138096,1.3889589,-0.4180502,0.3138096,0.6199518,-0.26009968,0.10018941,-0.14907236,-0.29021245,0.24972698,1.3889589,-0.6118851,-0.64746267,1.8161985,-0.6717317,-0.19886807,1.6025786,-0.7912859,0.057470523,-0.020899007,-0.49863586
