frame,Ankle.R_x,Ankle.R_y,Ankle.R_z,Knee.R_x,Knee.R_y,Knee.R_z,Hip.R_x,Hip.R_y,Hip.R_z,Hip.L_x,Hip.L_y,Hip.L_z,Knee.L_x,Knee.L_y,Knee.L_z,Ankle.L_x,Ankle.L_y,Ankle.L_z,Wrist.R_x,Wrist.R_y,Wrist.R_z,Elbow.R_x,Elbow.R_y,Elbow.R_z,Shoulder.R_x,Shoulder.R_y,Shoulder.R_z,Shoulder.L_x,Shoulder.L_y,Shoulder.L_z,Elbow.L_x,Elbow.L_y,Elbow.L_z,Wrist.L_x,Wrist.L_y,Wrist.L_z,Neck_x,Neck_y,Neck_z,Head_x,Head_y,Head_z,Nose_x,Nose_y,Nose_z,hip.Center_x,hip.Center_y,hip.Center_z
0,0.304797,-1.8662992,0.07681513,0.150616,-0.97976804,-0.22161663,0.22770675,-0.016146448,-0.51351947,-0.080654785,-0.016146448,-0.4791236,-0.080654785,-1.0183058,-0.8032729,-0.042116806,-2.0204797,-1.0442147,0.150616,0.13803408,-1.0278647,0.38187248,0.5234854,-0.9588289,0.2662447,1.1401932,-0.6417013,-0.19629733,1.1787457,-0.3725658,-0.3119256,0.4849331,-0.4205642,-0.5046436,-0.05469921,-0.5866682,0.034973457,1.1594695,-0.5193962,-0.73592967,1.89182,-0.5726849,-0.35047835,1.5256448,-0.68162227,0.07352622,-0.016146448,-0.49893227
