frame,Ankle.R_x,Ankle.R_y,Ankle.R_z,Knee.R_x,Knee.R_y,Knee.R_z,Hip.R_x,Hip.R_y,Hip.R_z,Hip.L_x,Hip.L_y,Hip.L_z,Knee.L_x,Knee.L_y,Knee.L_z,Ankle.L_x,Ankle.L_y,Ankle.L_z,Wrist.R_x,Wrist.R_y,Wrist.R_z,Elbow.R_x,Elbow.R_y,Elbow.R_z,Shoulder.R_x,Shoulder.R_y,Shoulder.R_z,Shoulder.L_x,Shoulder.L_y,Shoulder.L_z,Elbow.L_x,Elbow.L_y,Elbow.L_z,Wrist.L_x,Wrist.L_y,Wrist.L_z,Neck_x,Neck_y,Neck_z,Head_x,Head_y,Head_z,Nose_x,Nose_y,Nose_z,hip.Center_x,hip.Center_y,hip.Center_z
0,0.10605442,-1.7823229,-0.54934365,-0.013710864,-0.9439342,-0.4945912,-0.09356917,-0.025687248,-0.6464721,0.22582018,-0.025687248,-0.35287273,0.18589842,-0.98385596,-0.55601597,0.26574242,-1.9020886,-0.76059425,-0.33310068,0.09407827,-0.0750922,-0.25325668,0.6130922,-0.3177241,-0.21333492,1.1720278,-0.53426266,0.38552248,1.2518716,-0.53828216,0.465366,0.6530142,-0.29284754,0.30567896,0.054156512,-0.25806886,0.086094014,1.2119497,-0.5705785,-0.19335926,1.9305727,-0.712855,-0.053632624,1.5712612,-0.6649067,0.066125505,-0.025687248,-0.4967426
