frame,Ankle.R_x,Ankle.R_y,Ankle.R_z,Knee.R_x,Knee.R_y,Knee.R_z,Hip.R_x,Hip.R_y,Hip.R_z,Hip.L_x,Hip.L_y,Hip.L_z,Knee.L_x,Knee.L_y,Knee.L_z,Ankle.L_x,Ankle.L_y,Ankle.L_z,Wrist.R_x,Wrist.R_y,Wrist.R_z,Elbow.R_x,Elbow.R_y,Elbow.R_z,Shoulder.R_x,Shoulder.R_y,Shoulder.R_z,Shoulder.L_x,Shoulder.L_y,Shoulder.L_z,Elbow.L_x,Elbow.L_y,Elbow.L_z,Wrist.L_x,Wrist.L_y,Wrist.L_z,Neck_x,Neck_y,Neck_z,Head_x,Head_y,Head_z,Nose_x,Nose_y,Nose_z,hip.Center_x,hip.Center_y,hip.Center_z
0,0.2696379,-1.9554356,-1.0315337,0.23192963,-0.93756646,-0.8172093,0.2696379,-0.03279224,-0.4309937,-0.1073548,0.00491604,-0.5662663,-0.1073548,-0.97525996,-0.84516525,-0.0696613,-1.9931291,-0.8761609,0.45813498,0.00491604,-1.0337125,0.495828,0.4950038,-0.73836595,0.3827332,1.1358801,-0.4544272,-0.2958509,1.1358801,-0.45901853,-0.3335444,0.4950038,-0.6503843,-0.4089462,0.00491604,-1.0415487,0.043440662,1.1358801,-0.46784696,-0.55975646,1.8144792,-0.46117595,-0.2581574,1.4751796,-0.63227636,0.08114179,-0.013938101,-0.49940932
