frame,Ankle.R_x,Ankle.R_y,Ankle.R_z,Knee.R_x,Knee.R_y,Knee.R_z,Hip.R_x,Hip.R_y,Hip.R_z,Hip.L_x,Hip.L_y,Hip.L_z,Knee.L_x,Knee.L_y,Knee.L_z,Ankle.L_x,Ankle.L_y,Ankle.L_z,Wrist.R_x,Wrist.R_y,Wrist.R_z,Elbow.R_x,Elbow.R_y,Elbow.R_z,Shoulder.R_x,Shoulder.R_y,Shoulder.R_z,Shoulder.L_x,Shoulder.L_y,Shoulder.L_z,Elbow.L_x,Elbow.L_y,Elbow.L_z,Wrist.L_x,Wrist.L_y,Wrist.L_z,Neck_x,Neck_y,Neck_z,Head_x,Head_y,Head_z,Nose_x,Nose_y,Nose_z,hip.Center_x,hip.Center_y,hip.Center_z
0,0.14510894,-1.8233309,-0.4271567,0.21370053,-0.9317663,-0.5763477,0.28227782,-0.040201917,-0.32849056,-0.12921548,-0.005919948,-0.68013084,-0.060637705,-0.86318874,-1.2540708,-0.094919436,-1.686162,-0.9138576,0.76234937,-0.005919948,-1.11387,0.55660224,0.5427427,-0.7032361,0.4537294,1.159969,-0.37665743,-0.16349721,1.1942647,-0.6728216,-0.3006661,0.61132026,-0.88582057,-0.2320888,0.13124917,-1.2443786,0.14511609,1.1771168,-0.5265801,0.7623422,1.8286527,-0.49313867,0.4537294,1.5028849,-0.55787,0.07653118,-0.023060814,-0.5003328
