frame,Ankle.R_x,Ankle.R_y,Ankle.R_z,Knee.R_x,Knee.R_y,Knee.R_z,Hip.R_x,Hip.R_y,Hip.R_z,Hip.L_x,Hip.L_y,Hip.L_z,Knee.L_x,Knee.L_y,Knee.L_z,Ankle.L_x,Ankle.L_y,Ankle.L_z,Wrist.R_x,Wrist.R_y,Wrist.R_z,Elbow.R_x,Elbow.R_y,Elbow.R_z,Shoulder.R_x,Shoulder.R_y,Shoulder.R_z,Shoulder.L_x,Shoulder.L_y,Shoulder.L_z,Elbow.L_x,Elbow.L_y,Elbow.L_z,Wrist.L_x,Wrist.L_y,Wrist.L_z,Neck_x,Neck_y,Neck_z,Head_x,Head_y,Head_z,Nose_x,Nose_y,Nose_z,hip.Center_x,hip.Center_y,hip.Center_z
0,0.059082,-1.8316292,-0.37056428,0.66984606,-0.8951313,-0.3096751,0.09980056,-0.040055215,-0.304326,0.059082,0.00066334195,-0.69879496,0.09980056,-1.0579902,-0.7406788,-0.02235511,-1.9945039,-0.6113059,0.2219567,0.08210069,-0.4209695,-0.14451173,0.65214616,-0.33087185,-0.02235511,1.3036133,-0.35444322,0.059082,1.3036133,-0.7117573,0.059082,0.5707088,-0.8112419,0.34409663,0.12280375,-0.5175944,0.01836297,1.3036133,-0.538023,0.7512679,1.8736745,-0.5231406,0.38481566,1.5886438,-0.45135024,0.07944152,-0.019695936,-0.50055814
