frame,Ankle.R_x,Ankle.R_y,Ankle.R_z,Knee.R_x,Knee.R_y,Knee.R_z,Hip.R_x,Hip.R_y,Hip.R_z,Hip.L_x,Hip.L_y,Hip.L_z,Knee.L_x,Knee.L_y,Knee.L_z,Ankle.L_x,Ankle.L_y,Ankle.L_z,Wrist.R_x,Wrist.R_y,Wrist.R_z,Elbow.R_x,Elbow.R_y,Elbow.R_z,Shoulder.R_x,Shoulder.R_y,Shoulder.R_z,Shoulder.L_x,Shoulder.L_y,Shoulder.L_z,Elbow.L_x,Elbow.L_y,Elbow.L_z,Wrist.L_x,Wrist.L_y,Wrist.L_z,Neck_x,Neck_y,Neck_z,Head_x,Head_y,Head_z,Nose_x,Nose_y,Nose_z,hip.Center_x,hip.Center_y,hip.Center_z
0,-0.13602859,-1.7210921,-0.3688363,0.04952734,-1.2319111,-0.07233912,0.083270244,-0.017378218,-0.39321995,0.083270244,-0.017378218,-0.6118883,0.083270244,-1.1981677,-0.6381483,-0.06855852,-1.7210921,-0.6110298,0.2519552,-0.05112184,-0.43636614,-0.08541376,0.6236316,-0.4158106,0.015783958,1.3320956,-0.46872115,-0.051686116,1.3658389,-0.6472893,-0.08541376,0.5898882,-0.8469862,0.2519552,0.083835475,-0.59571517,-0.017951317,1.3489673,-0.5120281,0.72428864,1.9225067,-0.57855886,0.35316867,1.635737,-0.5961759,0.083270244,-0.017378218,-0.5023233
