frame,Ankle.R_x,Ankle.R_y,Ankle.R_z,Knee.R_x,Knee.R_y,Knee.R_z,Hip.R_x,Hip.R_y,Hip.R_z,Hip.L_x,Hip.L_y,Hip.L_z,Knee.L_x,Knee.L_y,Knee.L_z,Ankle.L_x,Ankle.L_y,Ankle.L_z,Wrist.R_x,Wrist.R_y,Wrist.R_z,Elbow.R_x,Elbow.R_y,Elbow.R_z,Shoulder.R_x,Shoulder.R_y,Shoulder.R_z,Shoulder.L_x,Shoulder.L_y,Shoulder.L_z,Elbow.L_x,Elbow.L_y,Elbow.L_z,Wrist.L_x,Wrist.L_y,Wrist.L_z,Neck_x,Neck_y,Neck_z,Head_x,Head_y,Head_z,Nose_x,Nose_y,Nose_z,hip.Center_x,hip.Center_y,hip.Center_z
0,0.37392262,-1.799933,-0.29654455,0.33795717,-0.93652076,-0.4370702,0.3019779,-0.0011493657,-0.40950292,-0.16570064,-0.037128873,-0.58871555,-0.09375594,-0.93652076,-1.1079704,-0.05777619,-1.799933,-0.95580727,0.5178273,0.07079583,-1.224467,0.5178273,0.5384746,-0.86656785,0.37392262,1.1500576,-0.45543036,-0.34558508,1.1140921,-0.47447035,-0.41753027,0.5025092,-0.7137318,-0.45350954,-0.0011493657,-1.0385889,0.014168523,1.1320748,-0.46032232,-0.34557077,1.887548,-0.37693375,-0.16570064,1.5098114,-0.59205663,0.06813838,-0.019139001,-0.5004103
