frame,Ankle.R_x,Ankle.R_y,Ankle.R_z,Knee.R_x,Knee.R_y,Knee.R_z,Hip.R_x,Hip.R_y,Hip.R_z,Hip.L_x,Hip.L_y,Hip.L_z,Knee.L_x,Knee.L_y,Knee.L_z,Ankle.L_x,Ankle.L_y,Ankle.L_z,Wrist.R_x,Wrist.R_y,Wrist.R_z,Elbow.R_x,Elbow.R_y,Elbow.R_z,Shoulder.R_x,Shoulder.R_y,Shoulder.R_z,Shoulder.L_x,Shoulder.L_y,Shoulder.L_z,Elbow.L_x,Elbow.L_y,Elbow.L_z,Wrist.L_x,Wrist.L_y,Wrist.L_z,Neck_x,Neck_y,Neck_z,Head_x,Head_y,Head_z,Nose_x,Nose_y,Nose_z,hip.Center_x,hip.Center_y,hip.Center_z
0,0.08422857,-2.0030155,0.35796618,0.15639788,-1.0287266,0.044895172,0.08422857,-0.01836798,-0.46622857,0.04814344,-0.01836798,-0.53049374,0.08422857,-0.9926417,-0.84963346,-0.024025865,-1.9669309,-1.0484343,0.40897614,0.01771691,-0.70312923,0.08422857,0.5950732,-0.4083349,0.12031322,1.2445841,-0.48983628,-0.060110994,1.2806689,-0.55201346,-0.16836494,0.5589886,-0.86542,0.3728915,0.053801563,-0.8389957,0.030100875,1.2626265,-0.52201635,0.7878514,1.8760679,-0.6805457,0.40897614,1.5693473,-0.58946866,0.066186,-0.01836798,-0.500926
