frame,Ankle.R_x,Ankle.R_y,Ankle.R_z,Knee.R_x,Knee.R_y,Knee.R_z,Hip.R_x,Hip.R_y,Hip.R_z,Hip.L_x,Hip.L_y,Hip.L_z,Knee.L_x,Knee.L_y,Knee.L_z,Ankle.L_x,Ankle.L_y,Ankle.L_z,Wrist.R_x,Wrist.R_y,Wrist.R_z,Elbow.R_x,Elbow.R_y,Elbow.R_z,Shoulder.R_x,Shoulder.R_y,Shoulder.R_z,Shoulder.L_x,Shoulder.L_y,Shoulder.L_z,Elbow.L_x,Elbow.L_y,Elbow.L_z,Wrist.L_x,Wrist.L_y,Wrist.L_z,Neck_x,Neck_y,Neck_z,Head_x,Head_y,Head_z,Nose_x,Nose_y,Nose_z,hip.Center_x,hip.Center_y,hip.Center_z
0,-0.05132474,-1.8006854,-1.0943096,-0.08954038,-0.95988077,-0.34871304,-0.12775649,-0.042630397,-0.40962252,0.25442994,-0.004414521,-0.5913957,0.29264605,-0.9216649,-0.7170578,0.29264605,-1.7624693,-1.4090657,-0.31884992,0.033801354,-0.26429558,-0.47172725,0.5688651,-0.40590838,-0.31884992,1.1803607,-0.3214721,0.25442994,1.1803607,-0.6492948,0.36907732,0.607081,-0.36114794,0.48373902,0.11023263,-0.09602398,-0.03220977,1.1803607,-0.5141939,0.38817847,1.9447336,-0.6053158,0.17798387,1.5625472,-0.52682614,0.06333695,-0.02352234,-0.50026166
