frame,Ankle.R_x,Ankle.R_y,Ankle.R_z,Knee.R_x,Knee.R_y,Knee.R_z,Hip.R_x,Hip.R_y,Hip.R_z,Hip.L_x,Hip.L_y,Hip.L_z,Knee.L_x,Knee.L_y,Knee.L_z,Ankle.L_x,Ankle.L_y,Ankle.L_z,Wrist.R_x,Wrist.R_y,Wrist.R_z,Elbow.R_x,Elbow.R_y,Elbow.R_z,Shoulder.R_x,Shoulder.R_y,Shoulder.R_z,Shoulder.L_x,Shoulder.L_y,Shoulder.L_z,Elbow.L_x,Elbow.L_y,Elbow.L_z,Wrist.L_x,Wrist.L_y,Wrist.L_z,Neck_x,Neck_y,Neck_z,Head_x,Head_y,Head_z,Nose_x,Nose_y,Nose_z,hip.Center_x,hip.Center_y,hip.Center_z
0,-0.035033107,-1.8220595,-0.39596957,0.017233491,-1.0033141,0.017003417,0.052067876,-0.02776916,-0.5097168,0.15660155,-0.02776916,-0.49502143,0.121751904,-0.9684649,-0.3413513,-0.017600894,-1.734958,-0.84597415,-0.08728492,0.0070652254,-0.58359045,-0.26148736,0.66904014,-0.47051024,-0.08728492,1.3309999,-0.4670161,0.052067876,1.2961653,-0.61133194,0.08691752,0.5993561,-0.76096565,0.330804,0.14643328,-0.29323697,-0.017608523,1.3135827,-0.5223652,0.60951674,2.0452569,-0.696709,0.29595435,1.6794196,-0.60178775,0.10433447,-0.02776916,-0.50224245
