frame,Ankle.R_x,Ankle.R_y,Ankle.R_z,Knee.R_x,Knee.R_y,Knee.R_z,Hip.R_x,Hip.R_y,Hip.R_z,Hip.L_x,Hip.L_y,Hip.L_z,Knee.L_x,Knee.L_y,Knee.L_z,Ankle.L_x,Ankle.L_y,Ankle.L_z,Wrist.R_x,Wrist.R_y,Wrist.R_z,Elbow.R_x,Elbow.R_y,Elbow.R_z,Shoulder.R_x,Shoulder.R_y,Shoulder.R_z,Shoulder.L_x,Shoulder.L_y,Shoulder.L_z,Elbow.L_x,Elbow.L_y,Elbow.L_z,Wrist.L_x,Wrist.L_y,Wrist.L_z,Neck_x,Neck_y,Neck_z,Head_x,Head_y,Head_z,Nose_x,Nose_y,Nose_z,hip.Center_x,hip.Center_y,hip.Center_z
0,0.3343003,-2.0828698,0.14599991,0.15815714,-1.0700762,-0.10768473,0.02604989,-0.013231461,-0.62795657,0.11412171,-0.013231461,-0.3612088,0.02604989,-1.1141121,-0.51774216,0.20219305,-2.170941,-0.7498782,-0.106057845,-0.05726737,-0.3679756,0.02604989,0.5592187,-0.49887073,0.02604989,1.2197409,-0.6269597,0.20219305,1.2637768,-0.5674495,0.24622896,0.6032546,-0.37404263,0.11412171,-0.05726737,-0.31664696,0.11412171,1.2417588,-0.6141796,-0.5904204,1.902265,-0.6619069,-0.23814985,1.5720118,-0.6103716,0.070085324,-0.013231461,-0.49826574
