frame,Ankle.R_x,Ankle.R_y,Ankle.R_z,Knee.R_x,Knee.R_y,Knee.R_z,Hip.R_x,Hip.R_y,Hip.R_z,Hip.L_x,Hip.L_y,Hip.L_z,Knee.L_x,Knee.L_y,Knee.L_z,Ankle.L_x,Ankle.L_y,Ankle.L_z,Wrist.R_x,Wrist.R_y,Wrist.R_z,Elbow.R_x,Elbow.R_y,Elbow.R_z,Shoulder.R_x,Shoulder.R_y,Shoulder.R_z,Shoulder.L_x,Shoulder.L_y,Shoulder.L_z,Elbow.L_x,Elbow.L_y,Elbow.L_z,Wrist.L_x,Wrist.L_y,Wrist.L_z,Neck_x,Neck_y,Neck_z,Head_x,Head_y,Head_z,Nose_x,Nose_y,Nose_z,hip.Center_x,hip.Center_y,hip.Center_z
0,0.10183983,-1.9171759,0.19304454,0.20830613,-1.0299548,-0.051830232,0.13732845,-0.036282394,-0.4852867,-0.004626937,-0.00079355016,-0.51078475,0.06635123,-0.99446595,-0.77980053,-0.04011602,-1.8816868,-0.8631888,0.42123967,-0.00079355016,-0.78466886,0.10183983,0.5670279,-0.45182097,0.13732845,1.276805,-0.48969665,-0.1465823,1.276805,-0.5627642,-0.21756,0.5670279,-0.7913399,-0.1465823,0.14116183,-0.6325393,-0.004626937,1.276805,-0.5295173,0.70514995,1.9156042,-0.6676286,0.3502615,1.5962046,-0.6024271,0.06635123,-0.018537853,-0.5016976
