frame,Ankle.R_x,Ankle.R_y,Ankle.R_z,Knee.R_x,Knee.R_y,Knee.R_z,Hip.R_x,Hip.R_y,Hip.R_z,Hip.L_x,Hip.L_y,Hip.L_z,Knee.L_x,Knee.L_y,Knee.L_z,Ankle.L_x,Ankle.L_y,Ankle.L_z,Wrist.R_x,Wrist.R_y,Wrist.R_z,Elbow.R_x,Elbow.R_y,Elbow.R_z,Shoulder.R_x,Shoulder.R_y,Shoulder.R_z,Shoulder.L_x,Shoulder.L_y,Shoulder.L_z,Elbow.L_x,Elbow.L_y,Elbow.L_z,Wrist.L_x,Wrist.L_y,Wrist.L_z,Neck_x,Neck_y,Neck_z,Head_x,Head_y,Head_z,Nose_x,Nose_y,Nose_z,hip.Center_x,hip.Center_y,hip.Center_z
0,0.15241711,-2.002409,-0.1381023,0.021429941,-1.0855279,-0.34676528,0.065097734,0.0059764273,-0.58839124,0.065097734,-0.037675392,-0.40445563,0.10874979,-1.0855279,-0.6586013,0.23973696,-2.1333804,-0.48097003,-0.19687755,0.0059764273,-0.5891758,0.10874979,0.5735626,-0.5668701,0.10874979,1.3157881,-0.61293244,0.10874979,1.2721363,-0.52593666,0.10874979,0.5735626,-0.3230036,-0.15320976,-0.037675392,-0.21008408,0.10874979,1.2939622,-0.56156915,-0.76444775,1.6869248,-0.585145,-0.32784897,1.4904435,-0.5882653,0.065097734,-0.015849363,-0.49859652
