frame,Ankle.R_x,Ankle.R_y,Ankle.R_z,Knee.R_x,Knee.R_y,Knee.R_z,Hip.R_x,Hip.R_y,Hip.R_z,Hip.L_x,Hip.L_y,Hip.L_z,Knee.L_x,Knee.L_y,Knee.L_z,Ankle.L_x,Ankle.L_y,Ankle.L_z,Wrist.R_x,Wrist.R_y,Wrist.R_z,Elbow.R_x,Elbow.R_y,Elbow.R_z,Shoulder.R_x,Shoulder.R_y,Shoulder.R_z,Shoulder.L_x,Shoulder.L_y,Shoulder.L_z,Elbow.L_x,Elbow.L_y,Elbow.L_z,Wrist.L_x,Wrist.L_y,Wrist.L_z,Neck_x,Neck_y,Neck_z,Head_x,Head_y,Head_z,Nose_x,Nose_y,Nose_z,hip.Center_x,hip.Center_y,hip.Center_z
0,0.5180667,-1.2544876,-0.2790429,1.2199347,-0.27967635,-0.22471684,0.08916072,-0.006732858,-0.16858158,0.08916072,-0.006732858,-0.83364236,0.011161603,-1.2544876,-0.8933796,-0.14480135,-2.1903164,-0.7117665,0.05016116,-0.006732858,-0.19198135,-0.33976337,0.656153,-0.13072169,-0.10580131,1.3970023,-0.36550885,0.08916072,1.3580028,-1.0832001,0.12814215,0.539172,-0.8041857,0.20612362,0.071266256,-0.45161444,-0.008320056,1.3775027,-0.78916836,0.81049234,1.8844259,-0.73959345,0.40108612,1.6309643,-0.6136317,0.08916072,-0.006732858,-0.5011308
