frame,Ankle.R_x,Ankle.R_y,Ankle.R_z,Knee.R_x,Knee.R_y,Knee.R_z,Hip.R_x,Hip.R_y,Hip.R_z,Hip.L_x,Hip.L_y,Hip.L_z,Knee.L_x,Knee.L_y,Knee.L_z,Ankle.L_x,Ankle.L_y,Ankle.L_z,Wrist.R_x,Wrist.R_y,Wrist.R_z,Elbow.R_x,Elbow.R_y,Elbow.R_z,Shoulder.R_x,Shoulder.R_y,Shoulder.R_z,Shoulder.L_x,Shoulder.L_y,Shoulder.L_z,Elbow.L_x,Elbow.L_y,Elbow.L_z,Wrist.L_x,Wrist.L_y,Wrist.L_z,Neck_x,Neck_y,Neck_z,Head_x,Head_y,Head_z,Nose_x,Nose_y,Nose_z,hip.Center_x,hip.Center_y,hip.Center_z
0,0.4203523,-1.8598993,-0.49585658,0.3819979,-0.93963236,-0.5243531,0.26696286,-0.019365499,-0.34134915,-0.11646858,-0.019365499,-0.66037816,-0.11646858,-0.93963236,-1.1322486,-0.11646858,-1.8598993,-1.0086567,0.61206806,0.057314925,-1.1752205,0.4586924,0.5557957,-0.7684171,0.34365734,1.1693116,-0.34843636,-0.3081986,1.1309572,-0.5879002,-0.3465387,0.5174554,-0.7941748,-0.3081986,0.018974593,-1.1431512,0.017729133,1.1501344,-0.47237977,0.51619613,1.8786713,-0.42984062,0.26696286,1.5144029,-0.56545734,0.07524666,-0.019365499,-0.49995124
