frame,Ankle.R_x,Ankle.R_y,Ankle.R_z,Knee.R_x,Knee.R_y,Knee.R_z,Hip.R_x,Hip.R_y,Hip.R_z,Hip.L_x,Hip.L_y,Hip.L_z,Knee.L_x,Knee.L_y,Knee.L_z,Ankle.L_x,Ankle.L_y,Ankle.L_z,Wrist.R_x,Wrist.R_y,Wrist.R_z,Elbow.R_x,Elbow.R_y,Elbow.R_z,Shoulder.R_x,Shoulder.R_y,Shoulder.R_z,Shoulder.L_x,Shoulder.L_y,Shoulder.L_z,Elbow.L_x,Elbow.L_y,Elbow.L_z,Wrist.L_x,Wrist.L_y,Wrist.L_z,Neck_x,Neck_y,Neck_z,Head_x,Head_y,Head_z,Nose_x,Nose_y,Nose_z,hip.Center_x,hip.Center_y,hip.Center_z
0,0.29456452,-1.8747339,-0.51717424,0.29456452,-0.93742865,-0.5535216,0.29456452,-0.00010916032,-0.35830566,-0.13804886,-0.036155425,-0.6411,-0.10198852,-0.93742865,-1.2070215,-0.06594201,-1.8747339,-1.0647545,0.54691774,0.035951413,-1.1709201,0.54691774,0.5406576,-0.7991463,0.40271786,1.153517,-0.41482744,-0.3182952,1.153517,-0.60920846,-0.39040205,0.5046113,-0.79631925,-0.39040205,-0.00010916032,-1.1314361,0.04221133,1.153517,-0.52288747,0.4748247,1.8024371,-0.49565113,0.258518,1.477977,-0.64938855,0.07825784,-0.018132174,-0.50027823
