frame,Ankle.R_x,Ankle.R_y,Ankle.R_z,Knee.R_x,Knee.R_y,Knee.R_z,Hip.R_x,Hip.R_y,Hip.R_z,Hip.L_x,Hip.L_y,Hip.L_z,Knee.L_x,Knee.L_y,Knee.L_z,Ankle.L_x,Ankle.L_y,Ankle.L_z,Wrist.R_x,Wrist.R_y,Wrist.R_z,Elbow.R_x,Elbow.R_y,Elbow.R_z,Shoulder.R_x,Shoulder.R_y,Shoulder.R_z,Shoulder.L_x,Shoulder.L_y,Shoulder.L_z,Elbow.L_x,Elbow.L_y,Elbow.L_z,Wrist.L_x,Wrist.L_y,Wrist.L_z,Neck_x,Neck_y,Neck_z,Head_x,Head_y,Head_z,Nose_x,Nose_y,Nose_z,hip.Center_x,hip.Center_y,hip.Center_z
0,0.056355584,-1.7891759,-0.42056626,-0.01789273,-0.93534285,-0.42713875,-0.12925757,-0.0072761234,-0.57005733,0.20485173,-0.04439313,-0.42425835,0.24196874,-0.93534285,-0.62806463,0.35333407,-1.8262929,-0.99812937,-0.42625082,0.104088955,-0.12988552,-0.3148712,0.58669513,-0.36793467,-0.2777542,1.1435351,-0.50695556,0.27908576,1.2177833,-0.591673,0.4646994,0.6609432,-0.2291053,0.27908576,0.06697219,-0.16492718,0.0006657727,1.1806593,-0.59527487,-0.333444,1.9973608,-0.7995963,-0.16638888,1.5890101,-0.7616076,0.037797082,-0.025834626,-0.49606073
