frame,Ankle.R_x,Ankle.R_y,Ankle.R_z,Knee.R_x,Knee.R_y,Knee.R_z,Hip.R_x,Hip.R_y,Hip.R_z,Hip.L_x,Hip.L_y,Hip.L_z,Knee.L_x,Knee.L_y,Knee.L_z,Ankle.L_x,Ankle.L_y,Ankle.L_z,Wrist.R_x,Wrist.R_y,Wrist.R_z,Elbow.R_x,Elbow.R_y,Elbow.R_z,Shoulder.R_x,Shoulder.R_y,Shoulder.R_z,Shoulder.L_x,Shoulder.L_y,Shoulder.L_z,Elbow.L_x,Elbow.L_y,Elbow.L_z,Wrist.L_x,Wrist.L_y,Wrist.L_z,Neck_x,Neck_y,Neck_z,Head_x,Head_y,Head_z,Nose_x,Nose_y,Nose_z,hip.Center_x,hip.Center_y,hip.Center_z
0,0.43783337,-1.8362364,-0.744436,0.3666888,-0.91131216,-0.67182577,0.2955442,-0.021974867,-0.38866067,-0.1669249,-0.021974867,-0.6092885,-0.09578032,-0.946899,-1.0660865,-0.024621435,-1.8006643,-0.76425606,0.4734059,0.08474224,-1.1829543,0.50897795,0.5471968,-0.8377695,0.3666888,1.1519554,-0.44714433,-0.34478706,1.116383,-0.50004363,-0.41593164,0.47605222,-0.73445034,-0.4515037,-0.021974867,-1.0607696,0.010951094,1.1341692,-0.46690226,-0.41594595,1.8812171,-0.37915474,-0.20249742,1.5076932,-0.5868075,0.06430965,-0.021974867,-0.49972603
