frame,Ankle.R_x,Ankle.R_y,Ankle.R_z,Knee.R_x,Knee.R_y,Knee.R_z,Hip.R_x,Hip.R_y,Hip.R_z,Hip.L_x,Hip.L_y,Hip.L_z,Knee.L_x,Knee.L_y,Knee.L_z,Ankle.L_x,Ankle.L_y,Ankle.L_z,Wrist.R_x,Wrist.R_y,Wrist.R_z,Elbow.R_x,Elbow.R_y,Elbow.R_z,Shoulder.R_x,Shoulder.R_y,Shoulder.R_z,Shoulder.L_x,Shoulder.L_y,Shoulder.L_z,Elbow.L_x,Elbow.L_y,Elbow.L_z,Wrist.L_x,Wrist.L_y,Wrist.L_z,Neck_x,Neck_y,Neck_z,Head_x,Head_y,Head_z,Nose_x,Nose_y,Nose_z,hip.Center_x,hip.Center_y,hip.Center_z
0,0.13527241,-1.9944798,0.055487394,0.09306612,-1.0235502,-0.21542567,0.21970072,-0.010398697,-0.5280023,-0.033583738,-0.010398697,-0.46306315,-0.20243987,-1.0657564,-0.7316784,-0.24464568,-2.1633358,-1.0418062,0.17749444,0.03180735,-0.84536505,0.3885564,0.45394748,-0.7910882,0.2619218,1.1715931,-0.6008912,-0.033583738,1.2138149,-0.36490077,-0.075790025,0.49616903,-0.3488492,-0.329074,-0.05262072,-0.50131154,0.114169024,1.192704,-0.49369156,-0.6034609,1.9103496,-0.5358,-0.24464568,1.5515268,-0.6391212,0.09305849,-0.010398697,-0.49844357
