frame,Ankle.R_x,Ankle.R_y,Ankle.R_z,Knee.R_x,Knee.R_y,Knee.R_z,Hip.R_x,Hip.R_y,Hip.R_z,Hip.L_x,Hip.L_y,Hip.L_z,Knee.L_x,Knee.L_y,Knee.L_z,Ankle.L_x,Ankle.L_y,Ankle.L_z,Wrist.R_x,Wrist.R_y,Wrist.R_z,Elbow.R_x,Elbow.R_y,Elbow.R_z,Shoulder.R_x,Shoulder.R_y,Shoulder.R_z,Shoulder.L_x,Shoulder.L_y,Shoulder.L_z,Elbow.L_x,Elbow.L_y,Elbow.L_z,Wrist.L_x,Wrist.L_y,Wrist.L_z,Neck_x,Neck_y,Neck_z,Head_x,Head_y,Head_z,Nose_x,Nose_y,Nose_z,hip.Center_x,hip.Center_y,hip.Center_z
0,0.2834308,-1.8965994,-0.43385866,0.31954932,-0.9574975,-0.46701765,0.2834308,-0.018409867,-0.35321718,-0.15000175,-0.018409867,-0.6499058,-0.07776521,-0.9574975,-1.0926652,-0.041646704,-1.7882305,-0.8970174,0.6446135,0.053826433,-1.2021717,0.57237697,0.52336323,-0.79530287,0.4279039,1.1373869,-0.39298868,-0.25835633,1.1012688,-0.6067027,-0.3667109,0.48724493,-0.8105025,-0.3667109,-0.018409867,-1.1800668,0.084773794,1.1193278,-0.50292,0.48208833,1.8778102,-0.44528478,0.2834308,1.4985691,-0.5904575,0.06671502,-0.018409867,-0.49924758
