frame,Ankle.R_x,Ankle.R_y,Ankle.R_z,Knee.R_x,Knee.R_y,Knee.R_z,Hip.R_x,Hip.R_y,Hip.R_z,Hip.L_x,Hip.L_y,Hip.L_z,Knee.L_x,Knee.L_y,Knee.L_z,Ankle.L_x,Ankle.L_y,Ankle.L_z,Wrist.R_x,Wrist.R_y,Wrist.R_z,Elbow.R_x,Elbow.R_y,Elbow.R_z,Shoulder.R_x,Shoulder.R_y,Shoulder.R_z,Shoulder.L_x,Shoulder.L_y,Shoulder.L_z,Elbow.L_x,Elbow.L_y,Elbow.L_z,Wrist.L_x,Wrist.L_y,Wrist.L_z,Neck_x,Neck_y,Neck_z,Head_x,Head_y,Head_z,Nose_x,Nose_y,Nose_z,hip.Center_x,hip.Center_y,hip.Center_z
0,0.3567751,-1.8535327,-0.476799,0.3567751,-0.90123683,-0.51109636,0.2835186,-0.022198262,-0.37105143,-0.1559941,-0.022198262,-0.6268788,-0.08275144,-0.90123683,-1.1318269,-0.009494945,-1.7802757,-0.9095627,0.53991014,0.0876798,-1.1792972,0.57653123,0.56382746,-0.8205781,0.39339668,1.149839,-0.4384028,-0.30250758,1.149839,-0.5077209,-0.37576455,0.49057072,-0.7391991,-0.41238564,0.0144230705,-1.0866077,0.045444325,1.149839,-0.47249234,-0.35743207,1.8823787,-0.41844058,-0.1559941,1.5161089,-0.6135539,0.063762024,-0.022198262,-0.5003941
