frame,Ankle.R_x,Ankle.R_y,Ankle.R_z,Knee.R_x,Knee.R_y,Knee.R_z,Hip.R_x,Hip.R_y,Hip.R_z,Hip.L_x,Hip.L_y,Hip.L_z,Knee.L_x,Knee.L_y,Knee.L_z,Ankle.L_x,Ankle.L_y,Ankle.L_z,Wrist.R_x,Wrist.R_y,Wrist.R_z,Elbow.R_x,Elbow.R_y,Elbow.R_z,Shoulder.R_x,Shoulder.R_y,Shoulder.R_z,Shoulder.L_x,Shoulder.L_y,Shoulder.L_z,Elbow.L_x,Elbow.L_y,Elbow.L_z,Wrist.L_x,Wrist.L_y,Wrist.L_z,Neck_x,Neck_y,Neck_z,Head_x,Head_y,Head_z,Nose_x,Nose_y,Nose_z,hip.Center_x,hip.Center_y,hip.Center_z
0,0.06549954,-2.0065236,0.29227972,0.17402053,-1.029878,0.022397876,0.1016786,-0.017053988,-0.45690128,0.029320471,-0.017053988,-0.5393775,0.06549954,-0.9936992,-0.9189856,-0.006842859,-1.9703444,-1.0756218,0.42722678,-0.017053988,-0.62716067,0.1016786,0.5978795,-0.458012,0.13784194,1.2489762,-0.4859052,-0.07918573,1.2851553,-0.58237696,-0.18770671,0.5617007,-0.88452363,0.3548844,0.055288646,-0.88495755,0.0293281,1.2670658,-0.5325824,0.82512546,1.8096567,-0.66028285,0.42722678,1.5383613,-0.5946865,0.06549954,-0.017053988,-0.50052834
