frame,Ankle.R_x,Ankle.R_y,Ankle.R_z,Knee.R_x,Knee.R_y,Knee.R_z,Hip.R_x,Hip.R_y,Hip.R_z,Hip.L_x,Hip.L_y,Hip.L_z,Knee.L_x,Knee.L_y,Knee.L_z,Ankle.L_x,Ankle.L_y,Ankle.L_z,Wrist.R_x,Wrist.R_y,Wrist.R_z,Elbow.R_x,Elbow.R_y,Elbow.R_z,Shoulder.R_x,Shoulder.R_y,Shoulder.R_z,Shoulder.L_x,Shoulder.L_y,Shoulder.L_z,Elbow.L_x,Elbow.L_y,Elbow.L_z,Wrist.L_x,Wrist.L_y,Wrist.L_z,Neck_x,Neck_y,Neck_z,Head_x,Head_y,Head_z,Nose_x,Nose_y,Nose_z,hip.Center_x,hip.Center_y,hip.Center_z
0,0.23966804,-2.3963761,-0.155393,0.06258455,-1.2011065,-0.37217736,0.06258455,-0.005854794,-0.73278457,0.06258455,-0.005854794,-0.25632632,-0.734238,-0.5370876,-0.6448377,-0.20302328,-1.5552559,-0.46211618,-0.1144813,-0.09439678,-0.6106617,-0.025939792,0.5253599,-0.4632236,-0.07021937,1.2779381,-0.645942,0.28392997,1.3222001,-0.37810105,0.4167339,0.6581636,-0.01732862,0.28392997,-0.13865872,-0.0010359287,0.10685554,1.3000692,-0.5411822,-0.68998516,1.7870221,-0.65362984,-0.2915648,1.5435456,-0.6540011,0.06258455,-0.005854794,-0.4987058
