frame,Ankle.R_x,Ankle.R_y,Ankle.R_z,Knee.R_x,Knee.R_y,Knee.R_z,Hip.R_x,Hip.R_y,Hip.R_z,Hip.L_x,Hip.L_y,Hip.L_z,Knee.L_x,Knee.L_y,Knee.L_z,Ankle.L_x,Ankle.L_y,Ankle.L_z,Wrist.R_x,Wrist.R_y,Wrist.R_z,Elbow.R_x,Elbow.R_y,Elbow.R_z,Shoulder.R_x,Shoulder.R_y,Shoulder.R_z,Shoulder.L_x,Shoulder.L_y,Shoulder.L_z,Elbow.L_x,Elbow.L_y,Elbow.L_z,Wrist.L_x,Wrist.L_y,Wrist.L_z,Neck_x,Neck_y,Neck_z,Head_x,Head_y,Head_z,Nose_x,Nose_y,Nose_z,hip.Center_x,hip.Center_y,hip.Center_z
0,0.40609705,-0.73518056,-1.1637993,0.50679743,-0.09736745,-1.2130209,0.30538046,0.036910847,-0.34309328,-0.16457687,-0.06378953,-0.6677511,-0.097437724,-1.0708593,-0.9360993,-0.063876495,-1.6751117,-0.36101025,0.6075145,0.104049996,-1.218415,0.50679743,0.64116293,-0.7902137,0.27181876,1.3461152,-0.6723329,-0.53383386,1.2453983,-0.78974855,-0.6345509,0.50688463,-0.9905352,-0.600973,-0.09736745,-1.2360096,-0.13100706,1.2957568,-0.7192936,0.338966,2.1349874,-0.6874174,0.103979245,1.7153721,-0.80401266,0.0704018,-0.013439342,-0.5018604
