frame,Ankle.R_x,Ankle.R_y,Ankle.R_z,Knee.R_x,Knee.R_y,Knee.R_z,Hip.R_x,Hip.R_y,Hip.R_z,Hip.L_x,Hip.L_y,Hip.L_z,Knee.L_x,Knee.L_y,Knee.L_z,Ankle.L_x,Ankle.L_y,Ankle.L_z,Wrist.R_x,Wrist.R_y,Wrist.R_z,Elbow.R_x,Elbow.R_y,Elbow.R_z,Shoulder.R_x,Shoulder.R_y,Shoulder.R_z,Shoulder.L_x,Shoulder.L_y,Shoulder.L_z,Elbow.L_x,Elbow.L_y,Elbow.L_z,Wrist.L_x,Wrist.L_y,Wrist.L_z,Neck_x,Neck_y,Neck_z,Head_x,Head_y,Head_z,Nose_x,Nose_y,Nose_z,hip.Center_x,hip.Center_y,hip.Center_z
0,0.263951,-1.9757597,0.17421746,0.04401128,-1.0520413,-0.17039561,0.08800237,0.0036344342,-0.6344358,0.04401128,-0.040341157,-0.35706908,3.59267e-05,-1.0960324,-0.6773956,0.04401128,-2.1077173,-0.62318575,-0.1759127,-0.040341157,-0.5507083,0.08800237,0.5314803,-0.5620899,0.13199346,1.27925,-0.61755276,0.08800237,1.2352589,-0.5108721,0.13199346,0.5314803,-0.32758844,3.59267e-05,-0.12832333,-0.234083,0.10999744,1.2572545,-0.5706722,-0.63778716,2.0050397,-0.6210102,-0.26389486,1.631147,-0.64798236,0.066006824,-0.018353242,-0.4990476
