frame,Ankle.R_x,Ankle.R_y,Ankle.R_z,Knee.R_x,Knee.R_y,Knee.R_z,Hip.R_x,Hip.R_y,Hip.R_z,Hip.L_x,Hip.L_y,Hip.L_z,Knee.L_x,Knee.L_y,Knee.L_z,Ankle.L_x,Ankle.L_y,Ankle.L_z,Wrist.R_x,Wrist.R_y,Wrist.R_z,Elbow.R_x,Elbow.R_y,Elbow.R_z,Shoulder.R_x,Shoulder.R_y,Shoulder.R_z,Shoulder.L_x,Shoulder.L_y,Shoulder.L_z,Elbow.L_x,Elbow.L_y,Elbow.L_z,Wrist.L_x,Wrist.L_y,Wrist.L_z,Neck_x,Neck_y,Neck_z,Head_x,Head_y,Head_z,Nose_x,Nose_y,Nose_z,hip.Center_x,hip.Center_y,hip.Center_z
0,-0.30218273,-1.6059333,-1.5632334,-0.26579052,-0.8052439,-0.7155985,-0.12020688,-0.0045544375,-0.5710821,0.31653017,-0.040946648,-0.4328634,0.20733924,-0.98722,-0.75476223,0.13455434,-1.8243018,-1.3799641,-0.33858925,0.06824477,-0.0032719076,-0.33858925,0.61417323,-0.38878116,-0.15661292,1.1964941,-0.4889199,0.5712909,1.1236949,-0.52124995,0.6076836,0.541374,-0.3513069,0.5712909,-0.040946648,-0.23548359,0.20733924,1.1600945,-0.54802215,0.20733924,1.9607981,-0.68200904,0.20733924,1.5604464,-0.56051743,0.09816165,-0.022750543,-0.49695382
