frame,Ankle.R_x,Ankle.R_y,Ankle.R_z,Knee.R_x,Knee.R_y,Knee.R_z,Hip.R_x,Hip.R_y,Hip.R_z,Hip.L_x,Hip.L_y,Hip.L_z,Knee.L_x,Knee.L_y,Knee.L_z,Ankle.L_x,Ankle.L_y,Ankle.L_z,Wrist.R_x,Wrist.R_y,Wrist.R_z,Elbow.R_x,Elbow.R_y,Elbow.R_z,Shoulder.R_x,Shoulder.R_y,Shoulder.R_z,Shoulder.L_x,Shoulder.L_y,Shoulder.L_z,Elbow.L_x,Elbow.L_y,Elbow.L_z,Wrist.L_x,Wrist.L_y,Wrist.L_z,Neck_x,Neck_y,Neck_z,Head_x,Head_y,Head_z,Nose_x,Nose_y,Nose_z,hip.Center_x,hip.Center_y,hip.Center_z
0,-0.17739806,-1.7155365,-1.353772,-0.21261582,-0.9057404,-0.57632595,-0.1421946,-0.025522806,-0.44386807,0.28030553,-0.025522806,-0.557097,0.28030553,-0.9409441,-0.8360572,0.20988432,-1.7155365,-1.503529,-0.45906958,0.08010211,-0.08454159,-0.35344443,0.5730094,-0.41374436,-0.21261582,1.136352,-0.38180304,0.49155584,1.136352,-0.6275058,0.5971805,0.5730094,-0.29531783,0.52675927,0.044884346,-0.06226012,0.13946977,1.136352,-0.55536073,0.20989099,1.9813517,-0.6649425,0.17468038,1.5588518,-0.5897013,0.06905523,-0.025522806,-0.49823338
