frame,Ankle.R_x,Ankle.R_y,Ankle.R_z,Knee.R_x,Knee.R_y,Knee.R_z,Hip.R_x,Hip.R_y,Hip.R_z,Hip.L_x,Hip.L_y,Hip.L_z,Knee.L_x,Knee.L_y,Knee.L_z,Ankle.L_x,Ankle.L_y,Ankle.L_z,Wrist.R_x,Wrist.R_y,Wrist.R_z,Elbow.R_x,Elbow.R_y,Elbow.R_z,Shoulder.R_x,Shoulder.R_y,Shoulder.R_z,Shoulder.L_x,Shoulder.L_y,Shoulder.L_z,Elbow.L_x,Elbow.L_y,Elbow.L_z,Wrist.L_x,Wrist.L_y,Wrist.L_z,Neck_x,Neck_y,Neck_z,Head_x,Head_y,Head_z,Nose_x,Nose_y,Nose_z,hip.Center_x,hip.Center_y,hip.Center_z
0,0.036701012,-1.8510315,-0.03647256,-0.0428421,-0.9760752,-0.31323087,0.036701012,-0.021560658,-0.6848145,0.076472566,-0.021560658,-0.3079638,0.036701012,-1.0158463,-0.54434925,0.19578676,-2.0101173,-0.49321142,-0.28147048,0.057982218,-0.5259881,-0.0030705445,0.574996,-0.5193035,0.076472566,1.2511104,-0.6874799,0.116243646,1.2511104,-0.49377584,-0.0030705445,0.574996,-0.30070776,-0.3610136,0.09775378,-0.11705506,0.096358106,1.2511104,-0.6138703,-0.57975596,1.9669962,-0.6629813,-0.24169894,1.6090534,-0.6816308,0.05658703,-0.021560658,-0.49819276
