frame,Ankle.R_x,Ankle.R_y,Ankle.R_z,Knee.R_x,Knee.R_y,Knee.R_z,Hip.R_x,Hip.R_y,Hip.R_z,Hip.L_x,Hip.L_y,Hip.L_z,Knee.L_x,Knee.L_y,Knee.L_z,Ankle.L_x,Ankle.L_y,Ankle.L_z,Wrist.R_x,Wrist.R_y,Wrist.R_z,Elbow.R_x,Elbow.R_y,Elbow.R_z,Shoulder.R_x,Shoulder.R_y,Shoulder.R_z,Shoulder.L_x,Shoulder.L_y,Shoulder.L_z,Elbow.L_x,Elbow.L_y,Elbow.L_z,Wrist.L_x,Wrist.L_y,Wrist.L_z,Neck_x,Neck_y,Neck_z,Head_x,Head_y,Head_z,Nose_x,Nose_y,Nose_z,hip.Center_x,hip.Center_y,hip.Center_z
0,0.5549273,-0.94224113,0.17556459,0.079943605,-1.3380703,-0.06510705,0.040347524,-0.07144634,-0.17112622,0.11952109,0.047304235,-0.82187045,1.2278166,0.047304235,-1.1508801,0.5549273,-0.9818372,-0.98864645,0.079943605,-0.11102358,-0.15571699,-0.19713503,0.6806162,-0.076185405,-0.038806967,1.5118524,-0.046615303,-0.23673111,1.5514296,-0.7867126,-0.23673111,0.6806162,-0.76076263,0.19867557,0.047304235,-0.52656627,-0.13776928,1.531641,-0.3946569,0.9309682,2.0462208,-0.39030012,0.3965997,1.788931,-0.48934546,0.07993407,-0.012071052,-0.49939618
