frame,Ankle.R_x,Ankle.R_y,Ankle.R_z,Knee.R_x,Knee.R_y,Knee.R_z,Hip.R_x,Hip.R_y,Hip.R_z,Hip.L_x,Hip.L_y,Hip.L_z,Knee.L_x,Knee.L_y,Knee.L_z,Ankle.L_x,Ankle.L_y,Ankle.L_z,Wrist.R_x,Wrist.R_y,Wrist.R_z,Elbow.R_x,Elbow.R_y,Elbow.R_z,Shoulder.R_x,Shoulder.R_y,Shoulder.R_z,Shoulder.L_x,Shoulder.L_y,Shoulder.L_z,Elbow.L_x,Elbow.L_y,Elbow.L_z,Wrist.L_x,Wrist.L_y,Wrist.L_z,Neck_x,Neck_y,Neck_z,Head_x,Head_y,Head_z,Nose_x,Nose_y,Nose_z,hip.Center_x,hip.Center_y,hip.Center_z
0,-0.035248354,-1.7401034,-0.6681593,0.06940262,-1.1820418,0.006721616,-0.00035865605,-0.031012904,-0.42807767,0.17403738,0.003859629,-0.57823926,0.034513876,-1.1820418,-0.29915598,-0.00035865605,-1.7052308,-0.9676738,0.06940262,-0.06588543,-0.44162285,-0.24451692,0.6316997,-0.52290785,-0.035248354,1.3641574,-0.43102556,0.06940262,1.3641574,-0.6843027,-0.17475565,0.5968102,-0.85807514,0.13914816,-0.031012904,-0.7019156,0.017077371,1.3641574,-0.47140673,0.749535,1.9222525,-0.54122794,0.38330644,1.6432049,-0.41288364,0.086839125,-0.013576637,-0.5026995
