frame,Ankle.R_x,Ankle.R_y,Ankle.R_z,Knee.R_x,Knee.R_y,Knee.R_z,Hip.R_x,Hip.R_y,Hip.R_z,Hip.L_x,Hip.L_y,Hip.L_z,Knee.L_x,Knee.L_y,Knee.L_z,Ankle.L_x,Ankle.L_y,Ankle.L_z,Wrist.R_x,Wrist.R_y,Wrist.R_z,Elbow.R_x,Elbow.R_y,Elbow.R_z,Shoulder.R_x,Shoulder.R_y,Shoulder.R_z,Shoulder.L_x,Shoulder.L_y,Shoulder.L_z,Elbow.L_x,Elbow.L_y,Elbow.L_z,Wrist.L_x,Wrist.L_y,Wrist.L_z,Neck_x,Neck_y,Neck_z,Head_x,Head_y,Head_z,Nose_x,Nose_y,Nose_z,hip.Center_x,hip.Center_y,hip.Center_z
0,-0.3215675,-0.88698316,-0.4452613,-0.8585276,0.007967961,-0.09631789,-0.053078134,0.052719127,-0.7431854,0.17065959,-0.08153437,-0.25024652,0.21541028,-1.2449563,-0.39893904,0.30489495,-2.408397,-0.31294715,0.21541028,-0.08153437,-0.48903495,0.26016143,0.63443017,-0.883031,0.21541028,1.395128,-0.76908815,0.34964564,1.350377,-0.35910037,0.34964564,0.5449281,-0.021540701,0.08115725,-0.17101859,-0.36718017,0.28252843,1.3727524,-0.55295825,-0.6571564,1.8649791,-0.51827097,-0.18731447,1.6188658,-0.542567,0.058790725,-0.014407384,-0.49789107
