frame,Ankle.R_x,Ankle.R_y,Ankle.R_z,Knee.R_x,Knee.R_y,Knee.R_z,Hip.R_x,Hip.R_y,Hip.R_z,Hip.L_x,Hip.L_y,Hip.L_z,Knee.L_x,Knee.L_y,Knee.L_z,Ankle.L_x,Ankle.L_y,Ankle.L_z,Wrist.R_x,Wrist.R_y,Wrist.R_z,Elbow.R_x,Elbow.R_y,Elbow.R_z,Shoulder.R_x,Shoulder.R_y,Shoulder.R_z,Shoulder.L_x,Shoulder.L_y,Shoulder.L_z,Elbow.L_x,Elbow.L_y,Elbow.L_z,Wrist.L_x,Wrist.L_y,Wrist.L_z,Neck_x,Neck_y,Neck_z,Head_x,Head_y,Head_z,Nose_x,Nose_y,Nose_z,hip.Center_x,hip.Center_y,hip.Center_z
0,0.03522118,-1.7627703,-1.266053,-0.066907324,-0.9456886,-0.6512814,-0.16904917,-0.026478436,-0.45462954,0.27354392,-0.026478436,-0.5434354,0.307582,-0.9456886,-0.78636897,0.37567195,-1.7287322,-1.407032,-0.44140998,0.075663894,-0.14300606,-0.4073576,0.58633316,-0.44092885,-0.30522957,1.1310544,-0.42655188,0.37567195,1.1651065,-0.6089777,0.47779998,0.6203853,-0.2399796,0.47779998,0.041611765,-0.010599554,0.03522118,1.1480805,-0.5748917,0.03522118,1.9311103,-0.6843001,0.03522118,1.5395954,-0.6013748,0.05224713,-0.026478436,-0.49841118
