frame,Ankle.R_x,Ankle.R_y,Ankle.R_z,Knee.R_x,Knee.R_y,Knee.R_z,Hip.R_x,Hip.R_y,Hip.R_z,Hip.L_x,Hip.L_y,Hip.L_z,Knee.L_x,Knee.L_y,Knee.L_z,Ankle.L_x,Ankle.L_y,Ankle.L_z,Wrist.R_x,Wrist.R_y,Wrist.R_z,Elbow.R_x,Elbow.R_y,Elbow.R_z,Shoulder.R_x,Shoulder.R_y,Shoulder.R_z,Shoulder.L_x,Shoulder.L_y,Shoulder.L_z,Elbow.L_x,Elbow.L_y,Elbow.L_z,Wrist.L_x,Wrist.L_y,Wrist.L_z,Neck_x,Neck_y,Neck_z,Head_x,Head_y,Head_z,Nose_x,Nose_y,Nose_z,hip.Center_x,hip.Center_y,hip.Center_z
0,0.46084815,-1.9305253,-0.55284184,0.38503677,-0.9449627,-0.5821332,0.2713197,0.0026941653,-0.40414706,-0.14565724,-0.035211764,-0.5923495,-0.10775203,-0.9828684,-1.0602164,-0.031940646,-1.8547139,-0.83079934,0.46084815,0.04059986,-1.203109,0.53665954,0.53337365,-0.86370534,0.34713107,1.1398791,-0.4896003,-0.3351857,1.1019735,-0.5401853,-0.4109971,0.45756224,-0.75408363,-0.4489028,-0.035211764,-1.0744591,0.005972676,1.1209263,-0.5107553,-0.37309855,1.8411344,-0.45184368,-0.18356293,1.4810303,-0.6509969,0.062831216,-0.01625892,-0.4998143
