frame,Ankle.R_x,Ankle.R_y,Ankle.R_z,Knee.R_x,Knee.R_y,Knee.R_z,Hip.R_x,Hip.R_y,Hip.R_z,Hip.L_x,Hip.L_y,Hip.L_z,Knee.L_x,Knee.L_y,Knee.L_z,Ankle.L_x,Ankle.L_y,Ankle.L_z,Wrist.R_x,Wrist.R_y,Wrist.R_z,Elbow.R_x,Elbow.R_y,Elbow.R_z,Shoulder.R_x,Shoulder.R_y,Shoulder.R_z,Shoulder.L_x,Shoulder.L_y,Shoulder.L_z,Elbow.L_x,Elbow.L_y,Elbow.L_z,Wrist.L_x,Wrist.L_y,Wrist.L_z,Neck_x,Neck_y,Neck_z,Head_x,Head_y,Head_z,Nose_x,Nose_y,Nose_z,hip.Center_x,hip.Center_y,hip.Center_z
0,-0.22137222,-1.7033201,-1.3087784,-0.22137222,-0.85549915,-0.56943595,-0.14429101,-0.007691974,-0.5354471,0.3181533,-0.04622566,-0.4669424,0.27960578,-0.8940326,-0.5483096,0.2025384,-1.7418534,-1.2095963,-0.33698663,0.06938899,-0.0056079924,-0.29843912,0.6089002,-0.33264965,-0.182839,1.1869587,-0.4468857,0.5493678,1.1484251,-0.5814268,0.5879153,0.53183305,-0.31558123,0.5879153,-0.007691974,-0.12194389,0.18326464,1.167692,-0.5774453,0.14474478,1.9769796,-0.72647583,0.16400471,1.5723357,-0.6257653,0.086930655,-0.02695858,-0.49711764
