frame,Ankle.R_x,Ankle.R_y,Ankle.R_z,Knee.R_x,Knee.R_y,Knee.R_z,Hip.R_x,Hip.R_y,Hip.R_z,Hip.L_x,Hip.L_y,Hip.L_z,Knee.L_x,Knee.L_y,Knee.L_z,Ankle.L_x,Ankle.L_y,Ankle.L_z,Wrist.R_x,Wrist.R_y,Wrist.R_z,Elbow.R_x,Elbow.R_y,Elbow.R_z,Shoulder.R_x,Shoulder.R_y,Shoulder.R_z,Shoulder.L_x,Shoulder.L_y,Shoulder.L_z,Elbow.L_x,Elbow.L_y,Elbow.L_z,Wrist.L_x,Wrist.L_y,Wrist.L_z,Neck_x,Neck_y,Neck_z,Head_x,Head_y,Head_z,Nose_x,Nose_y,Nose_z,hip.Center_x,hip.Center_y,hip.Center_z
0,-0.03235521,-1.8372841,-0.00091969967,-0.11458101,-0.93275595,-0.039946973,0.0087653175,-0.028242322,-0.6000658,0.09099064,-0.028242322,-0.39048672,0.09099064,-0.973876,-0.5038311,0.21433696,-1.9195094,-0.96531355,0.37878856,-0.028242322,-0.27728447,0.13211116,0.5473676,-0.53047335,0.13211116,1.2874292,-0.612246,0.13211116,1.2874292,-0.5276841,0.09099064,0.6295934,-0.4255252,-0.23792735,0.012877731,-0.36099532,0.13211116,1.2874292,-0.5754187,-0.60796535,2.0275056,-0.6690794,-0.23792735,1.6574675,-0.6429539,0.049878217,-0.028242322,-0.5001993
