frame,Ankle.R_x,Ankle.R_y,Ankle.R_z,Knee.R_x,Knee.R_y,Knee.R_z,Hip.R_x,Hip.R_y,Hip.R_z,Hip.L_x,Hip.L_y,Hip.L_z,Knee.L_x,Knee.L_y,Knee.L_z,Ankle.L_x,Ankle.L_y,Ankle.L_z,Wrist.R_x,Wrist.R_y,Wrist.R_z,Elbow.R_x,Elbow.R_y,Elbow.R_z,Shoulder.R_x,Shoulder.R_y,Shoulder.R_z,Shoulder.L_x,Shoulder.L_y,Shoulder.L_z,Elbow.L_x,Elbow.L_y,Elbow.L_z,Wrist.L_x,Wrist.L_y,Wrist.L_z,Neck_x,Neck_y,Neck_z,Head_x,Head_y,Head_z,Nose_x,Nose_y,Nose_z,hip.Center_x,hip.Center_y,hip.Center_z
0,-0.09071163,-2.0672364,0.27293396,0.34817836,-1.0431807,-0.102541804,0.09215637,-0.019125039,-0.46914124,0.09215637,-0.019125039,-0.52454513,0.05559536,-1.0431807,-0.8655634,-0.12727264,-2.0306597,-0.92252135,0.09215637,0.05402846,-0.42236,-0.20042661,0.6757712,-0.49234203,-0.05413536,1.3340904,-0.49723062,0.05559536,1.2975293,-0.6317425,-0.12727264,0.6392099,-0.7657627,0.2018871,0.05402846,-0.5908866,0.0007304773,1.31581,-0.56137174,0.6956262,1.791261,-0.6624433,0.34817836,1.5535355,-0.5250162,0.09215637,-0.019125039,-0.5012386
