frame,Ankle.R_x,Ankle.R_y,Ankle.R_z,Knee.R_x,Knee.R_y,Knee.R_z,Hip.R_x,Hip.R_y,Hip.R_z,Hip.L_x,Hip.L_y,Hip.L_z,Knee.L_x,Knee.L_y,Knee.L_z,Ankle.L_x,Ankle.L_y,Ankle.L_z,Wrist.R_x,Wrist.R_y,Wrist.R_z,Elbow.R_x,Elbow.R_y,Elbow.R_z,Shoulder.R_x,Shoulder.R_y,Shoulder.R_z,Shoulder.L_x,Shoulder.L_y,Shoulder.L_z,Elbow.L_x,Elbow.L_y,Elbow.L_z,Wrist.L_x,Wrist.L_y,Wrist.L_z,Neck_x,Neck_y,Neck_z,Head_x,Head_y,Head_z,Nose_x,Nose_y,Nose_z,hip.Center_x,hip.Center_y,hip.Center_z
0,0.14939624,-2.0715575,-0.40665525,0.063872166,-1.0452679,-0.5289079,0.063872166,-0.018979212,-0.67889863,0.063872166,-0.018979212,-0.31014353,-0.5347797,-0.87422025,-0.60838884,0.063872166,-1.8577389,-0.08258206,-0.14992923,0.06654463,-0.52865994,0.02111847,0.6224431,-0.45037895,0.10664255,1.349406,-0.6658133,0.19216663,1.349406,-0.5232418,0.2349208,0.6652132,-0.20589948,-0.021651916,-0.018979212,-0.1525206,0.14940482,1.349406,-0.61410403,-0.7058527,1.7770097,-0.6185626,-0.2782237,1.5632079,-0.7183939,0.063872166,-0.018979212,-0.49809876
