frame,Ankle.R_x,Ankle.R_y,Ankle.R_z,Knee.R_x,Knee.R_y,Knee.R_z,Hip.R_x,Hip.R_y,Hip.R_z,Hip.L_x,Hip.L_y,Hip.L_z,Knee.L_x,Knee.L_y,Knee.L_z,Ankle.L_x,Ankle.L_y,Ankle.L_z,Wrist.R_x,Wrist.R_y,Wrist.R_z,Elbow.R_x,Elbow.R_y,Elbow.R_z,Shoulder.R_x,Shoulder.R_y,Shoulder.R_z,Shoulder.L_x,Shoulder.L_y,Shoulder.L_z,Elbow.L_x,Elbow.L_y,Elbow.L_z,Wrist.L_x,Wrist.L_y,Wrist.L_z,Neck_x,Neck_y,Neck_z,Head_x,Head_y,Head_z,Nose_x,Nose_y,Nose_z,hip.Center_x,hip.Center_y,hip.Center_z
0,-0.14307517,-2.0397007,-0.21739581,0.05345518,-1.0570632,0.03303802,0.017725773,-0.02081601,-0.48287708,0.16064578,-0.02081601,-0.51859444,0.19637519,-1.0570632,-0.36303613,0.16064578,-1.9503752,-0.9893059,0.08918554,0.014913876,-0.5563658,-0.16093987,0.65810066,-0.38686043,0.017725773,1.3012872,-0.51201177,0.16064578,1.2655572,-0.6549815,0.19637519,0.51518065,-0.74677205,0.33931094,0.014913876,-0.33430934,0.08918554,1.2834221,-0.59135985,0.80384713,1.8908631,-0.848751,0.44651634,1.5871426,-0.6929038,0.08918554,-0.02081601,-0.5025109
