frame,Ankle.R_x,Ankle.R_y,Ankle.R_z,Knee.R_x,Knee.R_y,Knee.R_z,Hip.R_x,Hip.R_y,Hip.R_z,Hip.L_x,Hip.L_y,Hip.L_z,Knee.L_x,Knee.L_y,Knee.L_z,Ankle.L_x,Ankle.L_y,Ankle.L_z,Wrist.R_x,Wrist.R_y,Wrist.R_z,Elbow.R_x,Elbow.R_y,Elbow.R_z,Shoulder.R_x,Shoulder.R_y,Shoulder.R_z,Shoulder.L_x,Shoulder.L_y,Shoulder.L_z,Elbow.L_x,Elbow.L_y,Elbow.L_z,Wrist.L_x,Wrist.L_y,Wrist.L_z,Neck_x,Neck_y,Neck_z,Head_x,Head_y,Head_z,Nose_x,Nose_y,Nose_z,hip.Center_x,hip.Center_y,hip.Center_z
0,0.3027683,-1.9157494,-0.11228651,0.15064673,-1.0029744,-0.3500709,0.2267075,-0.014139001,-0.5400545,-0.07755084,-0.014139001,-0.45499635,-0.07755084,-1.0410124,-0.75841254,-0.03951259,-2.029833,-0.8409425,0.15064673,0.09995978,-1.0470393,0.34080607,0.5183019,-0.9402025,0.2267075,1.1648562,-0.65856546,-0.19164939,1.1648562,-0.39242253,-0.30574793,0.4802789,-0.4326591,-0.53393024,-0.052176777,-0.62577975,0.017529055,1.1648562,-0.5300988,-0.7050714,1.8494185,-0.5564273,-0.34377092,1.5071374,-0.6688575,0.07457881,-0.014139001,-0.4986483
