frame,Ankle.R_x,Ankle.R_y,Ankle.R_z,Knee.R_x,Knee.R_y,Knee.R_z,Hip.R_x,Hip.R_y,Hip.R_z,Hip.L_x,Hip.L_y,Hip.L_z,Knee.L_x,Knee.L_y,Knee.L_z,Ankle.L_x,Ankle.L_y,Ankle.L_z,Wrist.R_x,Wrist.R_y,Wrist.R_z,Elbow.R_x,Elbow.R_y,Elbow.R_z,Shoulder.R_x,Shoulder.R_y,Shoulder.R_z,Shoulder.L_x,Shoulder.L_y,Shoulder.L_z,Elbow.L_x,Elbow.L_y,Elbow.L_z,Wrist.L_x,Wrist.L_y,Wrist.L_z,Neck_x,Neck_y,Neck_z,Head_x,Head_y,Head_z,Nose_x,Nose_y,Nose_z,hip.Center_x,hip.Center_y,hip.Center_z
0,0.3123508,-1.9488019,0.094604135,0.087898314,-1.051006,-0.17789823,0.087898314,-0.01851691,-0.62968373,0.04301077,-0.01851691,-0.36149007,-0.0018767715,-1.0958935,-0.6300353,0.04301077,-2.1283674,-0.6442171,-0.13655466,-0.01851691,-0.49824342,0.087898314,0.56505096,-0.52691555,0.13278538,1.2833122,-0.59357846,0.13278538,1.2384092,-0.51142156,0.17767292,0.56505096,-0.3119402,0.087898314,-0.108292,-0.29919842,0.13278538,1.2608607,-0.573644,-0.58544487,2.0239937,-0.6193952,-0.22632974,1.6424272,-0.64006984,0.06545454,-0.01851691,-0.49917296
