frame,Ankle.R_x,Ankle.R_y,Ankle.R_z,Knee.R_x,Knee.R_y,Knee.R_z,Hip.R_x,Hip.R_y,Hip.R_z,Hip.L_x,Hip.L_y,Hip.L_z,Knee.L_x,Knee.L_y,Knee.L_z,Ankle.L_x,Ankle.L_y,Ankle.L_z,Wrist.R_x,Wrist.R_y,Wrist.R_z,Elbow.R_x,Elbow.R_y,Elbow.R_z,Shoulder.R_x,Shoulder.R_y,Shoulder.R_z,Shoulder.L_x,Shoulder.L_y,Shoulder.L_z,Elbow.L_x,Elbow.L_y,Elbow.L_z,Wrist.L_x,Wrist.L_y,Wrist.L_z,Neck_x,Neck_y,Neck_z,Head_x,Head_y,Head_z,Nose_x,Nose_y,Nose_z,hip.Center_x,hip.Center_y,hip.Center_z
0,0.49390045,-0.99481946,0.11641884,0.023161083,-1.3478882,-0.119929135,0.062384278,-0.053340953,-0.18021092,0.10160795,0.02510615,-0.81291676,1.2000185,-0.014117282,-1.2668326,0.5331236,-1.0340617,-1.0294342,0.062384278,-0.09256439,-0.12529421,-0.21221814,0.6920008,-0.08808893,-0.055304855,1.51579,-0.03206265,-0.25144133,1.5550135,-0.7486979,-0.36913094,0.6920008,-0.7353661,0.1408507,-0.014117282,-0.5048722,-0.15337309,1.5354018,-0.37487054,0.90579474,2.0453835,-0.40286136,0.37621084,1.7903926,-0.48719546,0.08199659,-0.014117282,-0.50033736
