frame,Ankle.R_x,Ankle.R_y,Ankle.R_z,Knee.R_x,Knee.R_y,Knee.R_z,Hip.R_x,Hip.R_y,Hip.R_z,Hip.L_x,Hip.L_y,Hip.L_z,Knee.L_x,Knee.L_y,Knee.L_z,Ankle.L_x,Ankle.L_y,Ankle.L_z,Wrist.R_x,Wrist.R_y,Wrist.R_z,Elbow.R_x,Elbow.R_y,Elbow.R_z,Shoulder.R_x,Shoulder.R_y,Shoulder.R_z,Shoulder.L_x,Shoulder.L_y,Shoulder.L_z,Elbow.L_x,Elbow.L_y,Elbow.L_z,Wrist.L_x,Wrist.L_y,Wrist.L_z,Neck_x,Neck_y,Neck_z,Head_x,Head_y,Head_z,Nose_x,Nose_y,Nose_z,hip.Center_x,hip.Center_y,hip.Center_z
0,-0.09781645,-1.7598357,-1.0092252,-0.09781645,-0.8938756,-0.30679512,-0.09781645,-0.027914986,-0.43547773,0.2564497,-0.027914986,-0.5678202,0.29580307,-0.8938756,-0.57888347,0.2564497,-1.7598357,-1.2623721,-0.37334728,0.05080606,-0.2797171,-0.41270065,0.601882,-0.42204204,-0.29462624,1.1923116,-0.3272373,0.33517075,1.1923116,-0.64247423,0.41389227,0.601882,-0.330018,0.49261332,0.090173736,-0.100684226,0.02027227,1.1923116,-0.5268928,0.2564497,1.9795508,-0.60121596,0.13836147,1.5859312,-0.5625,0.07931663,-0.027914986,-0.5000064
