frame,Ankle.R_x,Ankle.R_y,Ankle.R_z,Knee.R_x,Knee.R_y,Knee.R_z,Hip.R_x,Hip.R_y,Hip.R_z,Hip.L_x,Hip.L_y,Hip.L_z,Knee.L_x,Knee.L_y,Knee.L_z,Ankle.L_x,Ankle.L_y,Ankle.L_z,Wrist.R_x,Wrist.R_y,Wrist.R_z,Elbow.R_x,Elbow.R_y,Elbow.R_z,Shoulder.R_x,Shoulder.R_y,Shoulder.R_z,Shoulder.L_x,Shoulder.L_y,Shoulder.L_z,Elbow.L_x,Elbow.L_y,Elbow.L_z,Wrist.L_x,Wrist.L_y,Wrist.L_z,Neck_x,Neck_y,Neck_z,Head_x,Head_y,Head_z,Nose_x,Nose_y,Nose_z,hip.Center_x,hip.Center_y,hip.Center_z
0,0.39550906,-1.9027196,-0.8156806,0.35858518,-0.9058033,-0.7140877,0.28473884,-0.01964319,-0.38101694,-0.1583411,-0.01964319,-0.61718035,-0.084494755,-0.94272697,-1.037386,-0.010647461,-1.8288728,-0.7403491,0.5062788,0.0911268,-1.1562707,0.5432022,0.53420675,-0.80389726,0.39550906,1.1619035,-0.44580227,-0.30603474,1.1249801,-0.5019451,-0.37988108,0.46035993,-0.7174977,-0.4168045,0.01727998,-1.1058011,0.044737175,1.1434418,-0.47387695,-0.4352662,1.8449852,-0.42295265,-0.1952645,1.4942136,-0.6093981,0.06319888,-0.01964319,-0.4995749
