frame,Ankle.R_x,Ankle.R_y,Ankle.R_z,Knee.R_x,Knee.R_y,Knee.R_z,Hip.R_x,Hip.R_y,Hip.R_z,Hip.L_x,Hip.L_y,Hip.L_z,Knee.L_x,Knee.L_y,Knee.L_z,Ankle.L_x,Ankle.L_y,Ankle.L_z,Wrist.R_x,Wrist.R_y,Wrist.R_z,Elbow.R_x,Elbow.R_y,Elbow.R_z,Shoulder.R_x,Shoulder.R_y,Shoulder.R_z,Shoulder.L_x,Shoulder.L_y,Shoulder.L_z,Elbow.L_x,Elbow.L_y,Elbow.L_z,Wrist.L_x,Wrist.L_y,Wrist.L_z,Neck_x,Neck_y,Neck_z,Head_x,Head_y,Head_z,Nose_x,Nose_y,Nose_z,hip.Center_x,hip.Center_y,hip.Center_z
0,0.4057829,-1.8889441,-0.744545,0.36912796,-0.9360273,-0.66083395,0.29583237,-0.019779708,-0.3901707,-0.14397123,-0.019779708,-0.60860276,-0.10731628,-0.97268224,-1.0271003,-0.034020208,-1.8889441,-0.84739965,0.51573396,0.053516123,-1.1710689,0.51573396,0.5299747,-0.83029723,0.36912796,1.1530247,-0.45679712,-0.32721785,1.1163839,-0.5164926,-0.40051344,0.45667884,-0.7433162,-0.40051344,-0.019779708,-1.0918365,0.020954825,1.1347044,-0.48580462,-0.30889776,1.8310502,-0.41886705,-0.14397123,1.4828773,-0.6095227,0.07593081,-0.019779708,-0.49976265
