frame,Ankle.R_x,Ankle.R_y,Ankle.R_z,Knee.R_x,Knee.R_y,Knee.R_z,Hip.R_x,Hip.R_y,Hip.R_z,Hip.L_x,Hip.L_y,Hip.L_z,Knee.L_x,Knee.L_y,Knee.L_z,Ankle.L_x,Ankle.L_y,Ankle.L_z,Wrist.R_x,Wrist.R_y,Wrist.R_z,Elbow.R_x,Elbow.R_y,Elbow.R_z,Shoulder.R_x,Shoulder.R_y,Shoulder.R_z,Shoulder.L_x,Shoulder.L_y,Shoulder.L_z,Elbow.L_x,Elbow.L_y,Elbow.L_z,Wrist.L_x,Wrist.L_y,Wrist.L_z,Neck_x,Neck_y,Neck_z,Head_x,Head_y,Head_z,Nose_x,Nose_y,Nose_z,hip.Center_x,hip.Center_y,hip.Center_z
0,-0.0084604025,-1.8863388,0.10951114,0.14302886,-0.99422204,0.09052479,0.075699925,-0.017928949,-0.42970514,0.10936415,-0.017928949,-0.5775732,0.14302886,-0.99422204,-0.5903769,0.0420357,-1.8021632,-1.017278,0.5133501,0.15039219,-0.5193374,0.075699925,0.65535533,-0.3914454,0.075699925,1.2613267,-0.4316866,0.008371472,1.2613267,-0.5828603,0.075699925,0.5880269,-0.852553,0.4796859,0.15039219,-0.62377346,0.0420357,1.2613267,-0.50145876,0.7826792,1.9346415,-0.659651,0.41235745,1.5979842,-0.5646074,0.0925318,-0.017928949,-0.501024
