frame,Ankle.R_x,Ankle.R_y,Ankle.R_z,Knee.R_x,Knee.R_y,Knee.R_z,Hip.R_x,Hip.R_y,Hip.R_z,Hip.L_x,Hip.L_y,Hip.L_z,Knee.L_x,Knee.L_y,Knee.L_z,Ankle.L_x,Ankle.L_y,Ankle.L_z,Wrist.R_x,Wrist.R_y,Wrist.R_z,Elbow.R_x,Elbow.R_y,Elbow.R_z,Shoulder.R_x,Shoulder.R_y,Shoulder.R_z,Shoulder.L_x,Shoulder.L_y,Shoulder.L_z,Elbow.L_x,Elbow.L_y,Elbow.L_z,Wrist.L_x,Wrist.L_y,Wrist.L_z,Neck_x,Neck_y,Neck_z,Head_x,Head_y,Head_z,Nose_x,Nose_y,Nose_z,hip.Center_x,hip.Center_y,hip.Center_z
0,0.38832057,-1.8641949,-0.69563377,0.35220444,-0.8893179,-0.63039446,0.2800008,-0.022775365,-0.37456888,-0.15327775,-0.022775365,-0.6238744,-0.081059806,-0.92543405,-1.0796402,-0.00885617,-1.7919769,-0.80549586,0.49663985,0.08554439,-1.1007943,0.53274167,0.5549248,-0.7611128,0.38832057,1.1687263,-0.4024845,-0.29769886,1.1326245,-0.5008095,-0.3699168,0.48270684,-0.72402835,-0.4060186,0.013326453,-1.0766253,0.045310624,1.1506754,-0.4507683,-0.42406976,1.9088985,-0.3967724,-0.1893791,1.529787,-0.58561075,0.06336177,-0.022775365,-0.50001705
