frame,Ankle.R_x,Ankle.R_y,Ankle.R_z,Knee.R_x,Knee.R_y,Knee.R_z,Hip.R_x,Hip.R_y,Hip.R_z,Hip.L_x,Hip.L_y,Hip.L_z,Knee.L_x,Knee.L_y,Knee.L_z,Ankle.L_x,Ankle.L_y,Ankle.L_z,Wrist.R_x,Wrist.R_y,Wrist.R_z,Elbow.R_x,Elbow.R_y,Elbow.R_z,Shoulder.R_x,Shoulder.R_y,Shoulder.R_z,Shoulder.L_x,Shoulder.L_y,Shoulder.L_z,Elbow.L_x,Elbow.L_y,Elbow.L_z,Wrist.L_x,Wrist.L_y,Wrist.L_z,Neck_x,Neck_y,Neck_z,Head_x,Head_y,Head_z,Nose_x,Nose_y,Nose_z,hip.Center_x,hip.Center_y,hip.Center_z
0,-0.3692328,-0.9470647,-0.45265326,-0.8564474,0.027365137,-0.20535785,-0.044422783,0.067966394,-0.75653374,0.15856537,-0.09443838,-0.23837197,0.23976788,-1.2718743,-0.39889985,0.3209704,-2.2868874,-0.47888523,0.11796411,-0.17564113,-0.47807047,0.2803696,0.5957646,-0.9045991,0.19916663,1.4077892,-0.7721226,0.36157164,1.367188,-0.32394952,0.4021729,0.51456183,-0.080352604,0.11796411,-0.21624239,-0.3566631,0.2803696,1.3874885,-0.5581095,-0.61282176,1.8341022,-0.47126317,-0.16622654,1.6107954,-0.49959037,0.057071052,-0.013236116,-0.49706596
