frame,Ankle.R_x,Ankle.R_y,Ankle.R_z,Knee.R_x,Knee.R_y,Knee.R_z,Hip.R_x,Hip.R_y,Hip.R_z,Hip.L_x,Hip.L_y,Hip.L_z,Knee.L_x,Knee.L_y,Knee.L_z,Ankle.L_x,Ankle.L_y,Ankle.L_z,Wrist.R_x,Wrist.R_y,Wrist.R_z,Elbow.R_x,Elbow.R_y,Elbow.R_z,Shoulder.R_x,Shoulder.R_y,Shoulder.R_z,Shoulder.L_x,Shoulder.L_y,Shoulder.L_z,Elbow.L_x,Elbow.L_y,Elbow.L_z,Wrist.L_x,Wrist.L_y,Wrist.L_z,Neck_x,Neck_y,Neck_z,Head_x,Head_y,Head_z,Nose_x,Nose_y,Nose_z,hip.Center_x,hip.Center_y,hip.Center_z
0,0.30766067,-1.9437287,-0.5904752,0.23054084,-0.9412771,-0.57914394,0.26910076,-0.015944771,-0.42824817,-0.11645308,-0.015944771,-0.56919414,-0.07790795,-0.97983676,-0.99558926,-0.039348513,-1.9822886,-1.0347152,0.42332563,0.02260036,-1.1187472,0.5004302,0.5238337,-0.8263788,0.3847657,1.1407169,-0.49008435,-0.27067748,1.1407169,-0.45744005,-0.3092374,0.48527378,-0.62791926,-0.42490187,-0.015944771,-0.95911777,0.05704412,1.1407169,-0.48172605,-0.5212797,1.8347347,-0.47894448,-0.23211756,1.4877259,-0.64339745,0.076324075,-0.015944771,-0.5000699
