frame,Ankle.R_x,Ankle.R_y,Ankle.R_z,Knee.R_x,Knee.R_y,Knee.R_z,Hip.R_x,Hip.R_y,Hip.R_z,Hip.L_x,Hip.L_y,Hip.L_z,Knee.L_x,Knee.L_y,Knee.L_z,Ankle.L_x,Ankle.L_y,Ankle.L_z,Wrist.R_x,Wrist.R_y,Wrist.R_z,Elbow.R_x,Elbow.R_y,Elbow.R_z,Shoulder.R_x,Shoulder.R_y,Shoulder.R_z,Shoulder.L_x,Shoulder.L_y,Shoulder.L_z,Elbow.L_x,Elbow.L_y,Elbow.L_z,Wrist.L_x,Wrist.L_y,Wrist.L_z,Neck_x,Neck_y,Neck_z,Head_x,Head_y,Head_z,Nose_x,Nose_y,Nose_z,hip.Center_x,hip.Center_y,hip.Center_z
0,-0.108124845,-1.8455828,-0.6074928,0.0521015,-1.1868323,-0.37487572,0.0164975,-0.04735082,-0.5468628,0.15893066,0.02385718,-0.45511895,0.0521015,-1.1868323,-0.37341684,0.9779252,-1.2936443,-0.6627521,0.12332714,-0.082954586,-0.39446244,-0.23276436,0.62921053,-0.46161658,-0.0191065,1.3769801,-0.49555266,0.0521015,1.3769801,-0.5522331,-0.16153967,0.59360653,-0.79933786,0.12332714,0.059478346,-0.74639297,0.0164975,1.3769801,-0.42629176,0.799888,1.8755043,-0.5200137,0.408193,1.6262422,-0.44637704,0.08771408,-0.01174682,-0.5008752
