frame,Ankle.R_x,Ankle.R_y,Ankle.R_z,Knee.R_x,Knee.R_y,Knee.R_z,Hip.R_x,Hip.R_y,Hip.R_z,Hip.L_x,Hip.L_y,Hip.L_z,Knee.L_x,Knee.L_y,Knee.L_z,Ankle.L_x,Ankle.L_y,Ankle.L_z,Wrist.R_x,Wrist.R_y,Wrist.R_z,Elbow.R_x,Elbow.R_y,Elbow.R_z,Shoulder.R_x,Shoulder.R_y,Shoulder.R_z,Shoulder.L_x,Shoulder.L_y,Shoulder.L_z,Elbow.L_x,Elbow.L_y,Elbow.L_z,Wrist.L_x,Wrist.L_y,Wrist.L_z,Neck_x,Neck_y,Neck_z,Head_x,Head_y,Head_z,Nose_x,Nose_y,Nose_z,hip.Center_x,hip.Center_y,hip.Center_z
0,0.34552348,-1.8583764,-0.5567102,0.34552348,-0.93960935,-0.56977445,0.3087746,-0.020842383,-0.37535915,-0.13222682,-0.020842383,-0.6251505,-0.1689905,-0.93960935,-1.1490636,-0.1689905,-1.8583764,-0.99342126,0.5292827,0.015906503,-1.169608,0.5660316,0.5304207,-0.81223595,0.41902173,1.1551814,-0.41756335,-0.27923715,1.1551814,-0.57596314,-0.3894838,0.5304207,-0.77011395,-0.3527354,0.015906503,-1.1132488,0.06989205,1.1551814,-0.50141615,0.4006616,1.8166913,-0.4520453,0.23527682,1.4859364,-0.6203888,0.08827412,-0.020842383,-0.50011176
