frame,Ankle.R_x,Ankle.R_y,Ankle.R_z,Knee.R_x,Knee.R_y,Knee.R_z,Hip.R_x,Hip.R_y,Hip.R_z,Hip.L_x,Hip.L_y,Hip.L_z,Knee.L_x,Knee.L_y,Knee.L_z,Ankle.L_x,Ankle.L_y,Ankle.L_z,Wrist.R_x,Wrist.R_y,Wrist.R_z,Elbow.R_x,Elbow.R_y,Elbow.R_z,Shoulder.R_x,Shoulder.R_y,Shoulder.R_z,Shoulder.L_x,Shoulder.L_y,Shoulder.L_z,Elbow.L_x,Elbow.L_y,Elbow.L_z,Wrist.L_x,Wrist.L_y,Wrist.L_z,Neck_x,Neck_y,Neck_z,Head_x,Head_y,Head_z,Nose_x,Nose_y,Nose_z,hip.Center_x,hip.Center_y,hip.Center_z
0,0.26582736,-1.7724042,-0.5357162,0.30228966,-0.8970344,-0.5516501,0.30228966,-0.021664599,-0.37130526,-0.1353882,-0.021664599,-0.6324061,-0.1353882,-0.8970344,-1.1588686,-0.17186433,-1.7724042,-0.9081301,0.6305663,0.08775141,-1.2065841,0.5576126,0.56190586,-0.81412184,0.41171998,1.1454906,-0.39617914,-0.28128034,1.1454906,-0.5616735,-0.42717296,0.56190586,-0.77022594,-0.39071065,0.12422802,-1.1705058,0.06521959,1.1454906,-0.48284847,0.39348143,1.8749678,-0.44233316,0.22935075,1.5102292,-0.6035869,0.08345098,-0.021664599,-0.49933487
