frame,Ankle.R_x,Ankle.R_y,Ankle.R_z,Knee.R_x,Knee.R_y,Knee.R_z,Hip.R_x,Hip.R_y,Hip.R_z,Hip.L_x,Hip.L_y,Hip.L_z,Knee.L_x,Knee.L_y,Knee.L_z,Ankle.L_x,Ankle.L_y,Ankle.L_z,Wrist.R_x,Wrist.R_y,Wrist.R_z,Elbow.R_x,Elbow.R_y,Elbow.R_z,Shoulder.R_x,Shoulder.R_y,Shoulder.R_z,Shoulder.L_x,Shoulder.L_y,Shoulder.L_z,Elbow.L_x,Elbow.L_y,Elbow.L_z,Wrist.L_x,Wrist.L_y,Wrist.L_z,Neck_x,Neck_y,Neck_z,Head_x,Head_y,Head_z,Nose_x,Nose_y,Nose_z,hip.Center_x,hip.Center_y,hip.Center_z
0,-0.13506603,-1.9061475,-0.2420269,-0.0067315027,-1.2278237,-0.29272062,-0.0067315027,-0.05450531,-0.2684851,0.17659807,0.018816272,-0.7152234,1.0932479,-0.05450531,-0.6828874,0.43324947,-0.8978333,-0.7507732,0.029920109,-0.05450531,-0.38227254,-0.26340008,0.67881423,-0.16602942,-0.08007049,1.4488031,-0.13309103,-0.11674022,1.4488031,-0.7787474,-0.26340008,0.7154837,-0.8346344,0.103259094,0.055485524,-0.70493764,-0.09840535,1.4488031,-0.39617068,0.74492264,1.9621059,-0.40576616,0.32325888,1.7054545,-0.5767496,0.08493329,-0.0178444,-0.50206846
