frame,Ankle.R_x,Ankle.R_y,Ankle.R_z,Knee.R_x,Knee.R_y,Knee.R_z,Hip.R_x,Hip.R_y,Hip.R_z,Hip.L_x,Hip.L_y,Hip.L_z,Knee.L_x,Knee.L_y,Knee.L_z,Ankle.L_x,Ankle.L_y,Ankle.L_z,Wrist.R_x,Wrist.R_y,Wrist.R_z,Elbow.R_x,Elbow.R_y,Elbow.R_z,Shoulder.R_x,Shoulder.R_y,Shoulder.R_z,Shoulder.L_x,Shoulder.L_y,Shoulder.L_z,Elbow.L_x,Elbow.L_y,Elbow.L_z,Wrist.L_x,Wrist.L_y,Wrist.L_z,Neck_x,Neck_y,Neck_z,Head_x,Head_y,Head_z,Nose_x,Nose_y,Nose_z,hip.Center_x,hip.Center_y,hip.Center_z
0,-0.19299422,-1.7040404,-0.96025646,-0.058600053,-0.99847466,-0.21992701,-0.058600053,-0.024135899,-0.42773265,0.24379815,-0.024135899,-0.58093715,0.21018828,-0.96488005,-0.36616436,0.14299859,-1.7040404,-1.147284,-0.15938435,0.043069053,-0.37860277,-0.32737315,0.6478352,-0.35371044,-0.15938435,1.2862115,-0.3584589,0.27739322,1.2190068,-0.65679866,0.31098783,0.6142406,-0.66027546,0.4789766,0.043069053,-0.45304382,0.059004202,1.252609,-0.5141741,0.6301607,1.9917697,-0.6153908,0.34458244,1.6221893,-0.5828469,0.09259929,-0.024135899,-0.50081086
