frame,Ankle.R_x,Ankle.R_y,Ankle.R_z,Knee.R_x,Knee.R_y,Knee.R_z,Hip.R_x,Hip.R_y,Hip.R_z,Hip.L_x,Hip.L_y,Hip.L_z,Knee.L_x,Knee.L_y,Knee.L_z,Ankle.L_x,Ankle.L_y,Ankle.L_z,Wrist.R_x,Wrist.R_y,Wrist.R_z,Elbow.R_x,Elbow.R_y,Elbow.R_z,Shoulder.R_x,Shoulder.R_y,Shoulder.R_z,Shoulder.L_x,Shoulder.L_y,Shoulder.L_z,Elbow.L_x,Elbow.L_y,Elbow.L_z,Wrist.L_x,Wrist.L_y,Wrist.L_z,Neck_x,Neck_y,Neck_z,Head_x,Head_y,Head_z,Nose_x,Nose_y,Nose_z,hip.Center_x,hip.Center_y,hip.Center_z
0,0.072340384,-1.831379,-0.19817516,-0.0013490729,-0.94714195,-0.20209974,-0.111874685,-0.026067328,-0.59492207,0.18286599,-0.026067328,-0.40391746,0.21970357,-0.9839931,-0.5033102,0.36708108,-1.8682162,-1.0280452,-0.33294162,0.08445899,-0.13561341,-0.18556367,0.6002664,-0.3071171,-0.22241507,1.1897627,-0.53587776,0.256555,1.2265998,-0.5859116,0.44076958,0.63711804,-0.2835389,0.2933921,0.047621656,-0.22776246,0.017070193,1.2081813,-0.6010004,-0.31452283,1.9818782,-0.7913811,-0.14872657,1.5950297,-0.75845647,0.035495657,-0.026067328,-0.4966998
