frame,Ankle.R_x,Ankle.R_y,Ankle.R_z,Knee.R_x,Knee.R_y,Knee.R_z,Hip.R_x,Hip.R_y,Hip.R_z,Hip.L_x,Hip.L_y,Hip.L_z,Knee.L_x,Knee.L_y,Knee.L_z,Ankle.L_x,Ankle.L_y,Ankle.L_z,Wrist.R_x,Wrist.R_y,Wrist.R_z,Elbow.R_x,Elbow.R_y,Elbow.R_z,Shoulder.R_x,Shoulder.R_y,Shoulder.R_z,Shoulder.L_x,Shoulder.L_y,Shoulder.L_z,Elbow.L_x,Elbow.L_y,Elbow.L_z,Wrist.L_x,Wrist.L_y,Wrist.L_z,Neck_x,Neck_y,Neck_z,Head_x,Head_y,Head_z,Nose_x,Nose_y,Nose_z,hip.Center_x,hip.Center_y,hip.Center_z
0,0.039769657,-1.7417763,-1.1877859,-0.07453298,-0.9416579,-0.54890144,-0.1507392,-0.027237047,-0.36244658,0.26837492,-0.027237047,-0.6354326,0.38267756,-0.90356195,-0.79129696,0.34458113,-1.665584,-1.4648327,-0.45555115,0.01087321,-0.3203829,-0.45555115,0.58238614,-0.49727607,-0.3412485,1.1538993,-0.33331284,0.34458113,1.1538993,-0.6798112,0.45888424,0.58238614,-0.2699991,0.4969802,0.0489694,-0.019474298,0.0016660765,1.1538993,-0.5519711,0.001652725,1.9921278,-0.62963563,0.0016594008,1.5730135,-0.5944537,0.05881787,-0.027237047,-0.49897483
