frame,Ankle.R_x,Ankle.R_y,Ankle.R_z,Knee.R_x,Knee.R_y,Knee.R_z,Hip.R_x,Hip.R_y,Hip.R_z,Hip.L_x,Hip.L_y,Hip.L_z,Knee.L_x,Knee.L_y,Knee.L_z,Ankle.L_x,Ankle.L_y,Ankle.L_z,Wrist.R_x,Wrist.R_y,Wrist.R_z,Elbow.R_x,Elbow.R_y,Elbow.R_z,Shoulder.R_x,Shoulder.R_y,Shoulder.R_z,Shoulder.L_x,Shoulder.L_y,Shoulder.L_z,Elbow.L_x,Elbow.L_y,Elbow.L_z,Wrist.L_x,Wrist.L_y,Wrist.L_z,Neck_x,Neck_y,Neck_z,Head_x,Head_y,Head_z,Nose_x,Nose_y,Nose_z,hip.Center_x,hip.Center_y,hip.Center_z
0,0.41660953,-1.9300761,-0.5690322,0.41660953,-0.9350905,-0.545001,0.2635448,-0.016644431,-0.34080124,-0.11913849,-0.016644431,-0.66166586,-0.08087612,-0.9733531,-1.0545952,-0.08087612,-1.8917994,-0.9440797,0.6079509,0.021618174,-1.0871413,0.4548862,0.51911813,-0.69843733,0.30180764,1.1696829,-0.3353477,-0.31048083,1.0931433,-0.6066011,-0.3487575,0.51911813,-0.82344943,-0.272218,0.021618174,-1.1261545,-0.004336603,1.1314131,-0.47618544,0.5314262,1.8967657,-0.42327031,0.2635448,1.5140893,-0.5231954,0.07220291,-0.016644431,-0.49893612
