frame,Ankle.R_x,Ankle.R_y,Ankle.R_z,Knee.R_x,Knee.R_y,Knee.R_z,Hip.R_x,Hip.R_y,Hip.R_z,Hip.L_x,Hip.L_y,Hip.L_z,Knee.L_x,Knee.L_y,Knee.L_z,Ankle.L_x,Ankle.L_y,Ankle.L_z,Wrist.R_x,Wrist.R_y,Wrist.R_z,Elbow.R_x,Elbow.R_y,Elbow.R_z,Shoulder.R_x,Shoulder.R_y,Shoulder.R_z,Shoulder.L_x,Shoulder.L_y,Shoulder.L_z,Elbow.L_x,Elbow.L_y,Elbow.L_z,Wrist.L_x,Wrist.L_y,Wrist.L_z,Neck_x,Neck_y,Neck_z,Head_x,Head_y,Head_z,Nose_x,Nose_y,Nose_z,hip.Center_x,hip.Center_y,hip.Center_z
0,-0.0522625,-1.7472762,-0.6336036,0.06838207,-1.0751089,0.06227225,0.03391008,-0.041023612,-0.4711131,0.17178278,-0.006551625,-0.53252417,0.10285406,-1.0406369,-0.26930252,-0.0005623847,-1.6611036,-0.82644904,-0.035034373,-0.006551625,-0.556325,-0.24185152,0.64838755,-0.42622703,-0.103962615,1.3377829,-0.45385006,0.06838207,1.3033108,-0.64914066,0.10285406,0.54497087,-0.792123,0.3441432,0.09686482,-0.3133421,-0.017790511,1.3205469,-0.49057636,0.63713294,2.1133428,-0.6494144,0.30967122,1.7169448,-0.56876415,0.10284595,-0.02378762,-0.50223535
