frame,Ankle.R_x,Ankle.R_y,Ankle.R_z,Knee.R_x,Knee.R_y,Knee.R_z,Hip.R_x,Hip.R_y,Hip.R_z,Hip.L_x,Hip.L_y,Hip.L_z,Knee.L_x,Knee.L_y,Knee.L_z,Ankle.L_x,Ankle.L_y,Ankle.L_z,Wrist.R_x,Wrist.R_y,Wrist.R_z,Elbow.R_x,Elbow.R_y,Elbow.R_z,Shoulder.R_x,Shoulder.R_y,Shoulder.R_z,Shoulder.L_x,Shoulder.L_y,Shoulder.L_z,Elbow.L_x,Elbow.L_y,Elbow.L_z,Wrist.L_x,Wrist.L_y,Wrist.L_z,Neck_x,Neck_y,Neck_z,Head_x,Head_y,Head_z,Nose_x,Nose_y,Nose_z,hip.Center_x,hip.Center_y,hip.Center_z
0,0.20043185,-1.9134521,-0.70477355,0.23658851,-0.93745947,-0.62694645,0.30887273,-0.033765577,-0.41810676,-0.12488887,0.0023910794,-0.58100337,-0.19718787,-0.93745947,-1.0047066,-0.12488887,-1.8773103,-1.0027544,0.5619097,0.0023910794,-1.1752558,0.59806633,0.508451,-0.85296834,0.4534693,1.1229659,-0.49744973,-0.26948592,1.1591225,-0.5123478,-0.34178445,0.47230908,-0.7268305,-0.37792632,0.0023910794,-1.1216786,0.09199193,1.1410441,-0.5109722,-0.34176967,1.827843,-0.47820982,-0.12488887,1.4844435,-0.6546695,0.09199193,-0.015687248,-0.50034493
