frame,Ankle.R_x,Ankle.R_y,Ankle.R_z,Knee.R_x,Knee.R_y,Knee.R_z,Hip.R_x,Hip.R_y,Hip.R_z,Hip.L_x,Hip.L_y,Hip.L_z,Knee.L_x,Knee.L_y,Knee.L_z,Ankle.L_x,Ankle.L_y,Ankle.L_z,Wrist.R_x,Wrist.R_y,Wrist.R_z,Elbow.R_x,Elbow.R_y,Elbow.R_z,Shoulder.R_x,Shoulder.R_y,Shoulder.R_z,Shoulder.L_x,Shoulder.L_y,Shoulder.L_z,Elbow.L_x,Elbow.L_y,Elbow.L_z,Wrist.L_x,Wrist.L_y,Wrist.L_z,Neck_x,Neck_y,Neck_z,Head_x,Head_y,Head_z,Nose_x,Nose_y,Nose_z,hip.Center_x,hip.Center_y,hip.Center_z
0,-0.10331715,-1.7206057,-0.33953354,0.04841005,-1.1979927,0.019770741,0.04841005,-0.017888613,-0.42048597,0.11585676,-0.017888613,-0.58250517,0.28443396,-1.1305617,-0.50444466,0.23386872,-1.7206057,-0.95431656,0.2507187,0.015826635,-0.5722827,-0.08645094,0.6227364,-0.27965364,0.08214151,1.3308082,-0.45566386,-0.019020446,1.3645235,-0.5989111,0.014694802,0.5890209,-0.80557585,0.2507187,0.049541883,-0.6610391,0.03156101,1.3476658,-0.49599797,0.8744942,1.92086,-0.60283935,0.45302737,1.6342628,-0.6221365,0.08213388,-0.017888613,-0.5029575
