frame,Ankle.R_x,Ankle.R_y,Ankle.R_z,Knee.R_x,Knee.R_y,Knee.R_z,Hip.R_x,Hip.R_y,Hip.R_z,Hip.L_x,Hip.L_y,Hip.L_z,Knee.L_x,Knee.L_y,Knee.L_z,Ankle.L_x,Ankle.L_y,Ankle.L_z,Wrist.R_x,Wrist.R_y,Wrist.R_z,Elbow.R_x,Elbow.R_y,Elbow.R_z,Shoulder.R_x,Shoulder.R_y,Shoulder.R_z,Shoulder.L_x,Shoulder.L_y,Shoulder.L_z,Elbow.L_x,Elbow.L_y,Elbow.L_z,Wrist.L_x,Wrist.L_y,Wrist.L_z,Neck_x,Neck_y,Neck_z,Head_x,Head_y,Head_z,Nose_x,Nose_y,Nose_z,hip.Center_x,hip.Center_y,hip.Center_z
0,-0.24594457,-1.6737708,-1.3379612,-0.21058662,-0.89573467,-0.5253169,-0.13985737,-0.011624707,-0.48925108,0.31988996,-0.046982184,-0.5187158,0.24916069,-0.9311062,-0.5795896,0.17843144,-1.7091292,-1.3391099,-0.31667382,0.09447633,-0.045361727,-0.31667382,0.6249534,-0.366663,-0.17521532,1.1907881,-0.45259127,0.5320782,1.1554166,-0.6326944,0.5674495,0.5542239,-0.33262795,0.5320782,0.023746835,-0.13205996,0.17843144,1.1731024,-0.61419636,0.17843144,1.986483,-0.7516106,0.17843144,1.5797926,-0.65727675,0.09001629,-0.029303445,-0.49759862
