frame,Ankle.R_x,Ankle.R_y,Ankle.R_z,Knee.R_x,Knee.R_y,Knee.R_z,Hip.R_x,Hip.R_y,Hip.R_z,Hip.L_x,Hip.L_y,Hip.L_z,Knee.L_x,Knee.L_y,Knee.L_z,Ankle.L_x,Ankle.L_y,Ankle.L_z,Wrist.R_x,Wrist.R_y,Wrist.R_z,Elbow.R_x,Elbow.R_y,Elbow.R_z,Shoulder.R_x,Shoulder.R_y,Shoulder.R_z,Shoulder.L_x,Shoulder.L_y,Shoulder.L_z,Elbow.L_x,Elbow.L_y,Elbow.L_z,Wrist.L_x,Wrist.L_y,Wrist.L_z,Neck_x,Neck_y,Neck_z,Head_x,Head_y,Head_z,Nose_x,Nose_y,Nose_z,hip.Center_x,hip.Center_y,hip.Center_z
0,-0.090085186,-1.5168717,-0.2529816,-0.6554238,-0.6471307,-0.25417024,-0.0031057969,0.005187774,-0.65855163,0.12735495,-0.03829334,-0.335496,0.17083582,-1.2124531,-0.44742775,0.2578152,-2.2561529,-0.49840942,-0.090085186,-0.12527248,-0.37493503,0.17083582,0.5705271,-0.69395506,0.17083582,1.3532888,-0.7490858,0.21431717,1.3098078,-0.45736456,0.2578152,0.5705271,-0.31108359,0.040375553,-0.16877076,-0.30068204,0.19257674,1.3315482,-0.62800086,-0.807625,1.8099084,-0.59960914,-0.30752435,1.5707284,-0.6791171,0.062124573,-0.0165529,-0.49655554
