frame,Ankle.R_x,Ankle.R_y,Ankle.R_z,Knee.R_x,Knee.R_y,Knee.R_z,Hip.R_x,Hip.R_y,Hip.R_z,Hip.L_x,Hip.L_y,Hip.L_z,Knee.L_x,Knee.L_y,Knee.L_z,Ankle.L_x,Ankle.L_y,Ankle.L_z,Wrist.R_x,Wrist.R_y,Wrist.R_z,Elbow.R_x,Elbow.R_y,Elbow.R_z,Shoulder.R_x,Shoulder.R_y,Shoulder.R_z,Shoulder.L_x,Shoulder.L_y,Shoulder.L_z,Elbow.L_x,Elbow.L_y,Elbow.L_z,Wrist.L_x,Wrist.L_y,Wrist.L_z,Neck_x,Neck_y,Neck_z,Head_x,Head_y,Head_z,Nose_x,Nose_y,Nose_z,hip.Center_x,hip.Center_y,hip.Center_z
0,-0.13512984,-1.8532348,-0.89280796,-0.098124415,-1.0022509,-0.23323405,-0.098124415,-0.040250547,-0.4313768,0.23486766,-0.0032448824,-0.57000715,0.27187356,-0.9652455,-0.48885784,0.23486766,-1.8162441,-1.2815583,-0.13512984,0.033746235,-0.30091038,-0.43113175,0.588758,-0.37147102,-0.24613228,1.2177515,-0.33648494,0.23486766,1.1807457,-0.66727865,0.3088642,0.588758,-0.61713755,0.45687255,0.0707519,-0.34580755,-0.005632311,1.1992486,-0.50754726,0.54937947,1.9762503,-0.6562294,0.27187356,1.5877494,-0.563871,0.06837186,-0.021747595,-0.50019455
