frame,Ankle.R_x,Ankle.R_y,Ankle.R_z,Knee.R_x,Knee.R_y,Knee.R_z,Hip.R_x,Hip.R_y,Hip.R_z,Hip.L_x,Hip.L_y,Hip.L_z,Knee.L_x,Knee.L_y,Knee.L_z,Ankle.L_x,Ankle.L_y,Ankle.L_z,Wrist.R_x,Wrist.R_y,Wrist.R_z,Elbow.R_x,Elbow.R_y,Elbow.R_z,Shoulder.R_x,Shoulder.R_y,Shoulder.R_z,Shoulder.L_x,Shoulder.L_y,Shoulder.L_z,Elbow.L_x,Elbow.L_y,Elbow.L_z,Wrist.L_x,Wrist.L_y,Wrist.L_z,Neck_x,Neck_y,Neck_z,Head_x,Head_y,Head_z,Nose_x,Nose_y,Nose_z,hip.Center_x,hip.Center_y,hip.Center_z
0,-0.045963127,-1.703521,-1.4785335,-0.11735757,-0.9182379,-0.72579086,-0.15304787,-0.025870306,-0.44187164,0.27529064,-0.025870306,-0.5596929,0.31098095,-0.95394206,-0.83412087,0.31098095,-1.7392113,-1.4570446,-0.3672174,0.081200376,-0.042611033,-0.33152708,0.61662364,-0.3524349,-0.18873818,1.1520472,-0.37985036,0.4894463,1.1520472,-0.63842463,0.5608403,0.5809336,-0.37734008,0.5965306,0.009819763,-0.1805593,0.15035407,1.1520472,-0.55828124,0.18605821,1.9373164,-0.6740744,0.16820638,1.5446819,-0.5765834,0.061121624,-0.025870306,-0.4980528
