frame,Ankle.R_x,Ankle.R_y,Ankle.R_z,Knee.R_x,Knee.R_y,Knee.R_z,Hip.R_x,Hip.R_y,Hip.R_z,Hip.L_x,Hip.L_y,Hip.L_z,Knee.L_x,Knee.L_y,Knee.L_z,Ankle.L_x,Ankle.L_y,Ankle.L_z,Wrist.R_x,Wrist.R_y,Wrist.R_z,Elbow.R_x,Elbow.R_y,Elbow.R_z,Shoulder.R_x,Shoulder.R_y,Shoulder.R_z,Shoulder.L_x,Shoulder.L_y,Shoulder.L_z,Elbow.L_x,Elbow.L_y,Elbow.L_z,Wrist.L_x,Wrist.L_y,Wrist.L_z,Neck_x,Neck_y,Neck_z,Head_x,Head_y,Head_z,Nose_x,Nose_y,Nose_z,hip.Center_x,hip.Center_y,hip.Center_z
0,0.20217556,-1.9082512,-0.593524,0.23929209,-0.9431757,-0.6075477,0.31352562,-0.015217189,-0.4276771,-0.13188845,-0.015217189,-0.57001054,-0.16900498,-0.9431757,-1.0641158,-0.13188845,-1.9082512,-0.9654643,0.5362391,-0.015217189,-1.182692,0.5733561,0.50442994,-0.86183333,0.4248895,1.1354412,-0.5107629,-0.28035456,1.1354412,-0.49104384,-0.3546024,0.50442994,-0.71248686,-0.39171892,-0.015217189,-1.0563481,0.072267465,1.1354412,-0.501249,-0.41027743,1.8035692,-0.4587745,-0.16900498,1.4695052,-0.64654803,0.09081834,-0.015217189,-0.5004893
