frame,Ankle.R_x,Ankle.R_y,Ankle.R_z,Knee.R_x,Knee.R_y,Knee.R_z,Hip.R_x,Hip.R_y,Hip.R_z,Hip.L_x,Hip.L_y,Hip.L_z,Knee.L_x,Knee.L_y,Knee.L_z,Ankle.L_x,Ankle.L_y,Ankle.L_z,Wrist.R_x,Wrist.R_y,Wrist.R_z,Elbow.R_x,Elbow.R_y,Elbow.R_z,Shoulder.R_x,Shoulder.R_y,Shoulder.R_z,Shoulder.L_x,Shoulder.L_y,Shoulder.L_z,Elbow.L_x,Elbow.L_y,Elbow.L_z,Wrist.L_x,Wrist.L_y,Wrist.L_z,Neck_x,Neck_y,Neck_z,Head_x,Head_y,Head_z,Nose_x,Nose_y,Nose_z,hip.Center_x,hip.Center_y,hip.Center_z
0,-0.065504275,-1.7743464,-1.2756155,-0.10197612,-0.9355676,-0.58368456,-0.13843367,-0.023859758,-0.4122822,0.26271275,-0.023859758,-0.58775616,0.26271275,-0.9355676,-0.8186288,0.26271275,-1.7743464,-1.4622571,-0.3937218,0.049069148,-0.2698177,-0.5031225,0.55963063,-0.46521074,-0.35724947,1.1431214,-0.36646777,0.26271275,1.1795931,-0.6424003,0.37211397,0.6325741,-0.27507883,0.48152855,0.1220126,-0.013090134,-0.04726859,1.1613572,-0.5499445,0.2809489,1.9272065,-0.63598263,0.116839685,1.5442818,-0.5574435,0.06213931,-0.023859758,-0.4992865
