frame,Ankle.R_x,Ankle.R_y,Ankle.R_z,Knee.R_x,Knee.R_y,Knee.R_z,Hip.R_x,Hip.R_y,Hip.R_z,Hip.L_x,Hip.L_y,Hip.L_z,Knee.L_x,Knee.L_y,Knee.L_z,Ankle.L_x,Ankle.L_y,Ankle.L_z,Wrist.R_x,Wrist.R_y,Wrist.R_z,Elbow.R_x,Elbow.R_y,Elbow.R_z,Shoulder.R_x,Shoulder.R_y,Shoulder.R_z,Shoulder.L_x,Shoulder.L_y,Shoulder.L_z,Elbow.L_x,Elbow.L_y,Elbow.L_z,Wrist.L_x,Wrist.L_y,Wrist.L_z,Neck_x,Neck_y,Neck_z,Head_x,Head_y,Head_z,Nose_x,Nose_y,Nose_z,hip.Center_x,hip.Center_y,hip.Center_z
0,0.18798265,-1.9952368,-0.054703474,0.06434879,-1.0060748,-0.3725813,0.14676628,-0.016912814,-0.6163073,0.023132414,-0.016912814,-0.37359422,-0.10051671,-1.0472914,-0.6504709,-0.10051671,-2.1188858,-0.5192276,-0.18294898,0.02430356,-0.67608416,0.06434879,0.5601009,-0.5929385,0.14676628,1.2607484,-0.59865355,0.06434879,1.219532,-0.42159906,0.1055499,0.5601009,-0.24038589,-0.10051671,-0.058129188,-0.19098425,0.10555753,1.2401402,-0.5251445,-0.6363214,1.9408184,-0.52385,-0.2653822,1.5904793,-0.6019343,0.08494958,-0.016912814,-0.49795833
