frame,Ankle.R_x,Ankle.R_y,Ankle.R_z,Knee.R_x,Knee.R_y,Knee.R_z,Hip.R_x,Hip.R_y,Hip.R_z,Hip.L_x,Hip.L_y,Hip.L_z,Knee.L_x,Knee.L_y,Knee.L_z,Ankle.L_x,Ankle.L_y,Ankle.L_z,Wrist.R_x,Wrist.R_y,Wrist.R_z,Elbow.R_x,Elbow.R_y,Elbow.R_z,Shoulder.R_x,Shoulder.R_y,Shoulder.R_z,Shoulder.L_x,Shoulder.L_y,Shoulder.L_z,Elbow.L_x,Elbow.L_y,Elbow.L_z,Wrist.L_x,Wrist.L_y,Wrist.L_z,Neck_x,Neck_y,Neck_z,Head_x,Head_y,Head_z,Nose_x,Nose_y,Nose_z,hip.Center_x,hip.Center_y,hip.Center_z
0,-0.21363541,-1.1082149,-0.55060744,-0.8052206,-0.24357723,-0.08504003,-0.07712648,0.029458065,-0.70659757,0.19592622,-0.061553698,-0.283916,0.24142316,-1.1992264,-0.4116726,0.33243516,-2.3368993,-0.4527749,0.24142316,-0.107068285,-0.4889934,0.28693822,0.5755286,-0.852431,0.24142316,1.3491544,-0.73874915,0.37794927,1.3491544,-0.38809878,0.37794927,0.5300312,-0.109856844,0.059399627,-0.1525657,-0.31640399,0.3096867,1.3491544,-0.57155955,-0.6459632,1.8952249,-0.5644629,-0.168138,1.6221896,-0.62551844,0.059399627,-0.016047936,-0.49742833
