frame,Ankle.R_x,Ankle.R_y,Ankle.R_z,Knee.R_x,Knee.R_y,Knee.R_z,Hip.R_x,Hip.R_y,Hip.R_z,Hip.L_x,Hip.L_y,Hip.L_z,Knee.L_x,Knee.L_y,Knee.L_z,Ankle.L_x,Ankle.L_y,Ankle.L_z,Wrist.R_x,Wrist.R_y,Wrist.R_z,Elbow.R_x,Elbow.R_y,Elbow.R_z,Shoulder.R_x,Shoulder.R_y,Shoulder.R_z,Shoulder.L_x,Shoulder.L_y,Shoulder.L_z,Elbow.L_x,Elbow.L_y,Elbow.L_z,Wrist.L_x,Wrist.L_y,Wrist.L_z,Neck_x,Neck_y,Neck_z,Head_x,Head_y,Head_z,Nose_x,Nose_y,Nose_z,hip.Center_x,hip.Center_y,hip.Center_z
0,0.037212208,-1.694311,0.019754529,0.15199263,-1.120407,-0.011167109,0.15199263,-0.0382215,-0.42419302,0.020826176,-0.005418204,-0.5759848,0.11920531,-1.0876192,-0.7891713,0.053613976,-1.645121,-0.7517745,0.3487509,-0.0382215,-0.51068574,0.11920531,0.650463,-0.4534048,0.21758445,1.3063287,-0.4797892,-0.04476516,1.339132,-0.5352195,-0.01197736,0.6832508,-0.8367429,0.2831753,0.060172893,-0.81240416,0.086409405,1.3227303,-0.44933057,0.87345725,1.945808,-0.52343607,0.47993356,1.6342691,-0.5575319,0.086409405,-0.021819733,-0.50369674
