frame,Ankle.R_x,Ankle.R_y,Ankle.R_z,Knee.R_x,Knee.R_y,Knee.R_z,Hip.R_x,Hip.R_y,Hip.R_z,Hip.L_x,Hip.L_y,Hip.L_z,Knee.L_x,Knee.L_y,Knee.L_z,Ankle.L_x,Ankle.L_y,Ankle.L_z,Wrist.R_x,Wrist.R_y,Wrist.R_z,Elbow.R_x,Elbow.R_y,Elbow.R_z,Shoulder.R_x,Shoulder.R_y,Shoulder.R_z,Shoulder.L_x,Shoulder.L_y,Shoulder.L_z,Elbow.L_x,Elbow.L_y,Elbow.L_z,Wrist.L_x,Wrist.L_y,Wrist.L_z,Neck_x,Neck_y,Neck_z,Head_x,Head_y,Head_z,Nose_x,Nose_y,Nose_z,hip.Center_x,hip.Center_y,hip.Center_z
0,0.37013686,-1.8386394,-0.6484989,0.37013686,-0.8845445,-0.6693805,0.29945385,-0.0011183023,-0.3241562,-0.15993011,-0.036460042,-0.67668027,-0.08924664,-0.919886,-1.2579665,-0.01857794,-1.8386394,-0.916363,0.54681647,0.0342232,-1.1770155,0.4761473,0.5289346,-0.75465924,0.33479512,1.1649978,-0.37164962,-0.37195098,1.1296705,-0.6371578,-0.44262016,0.49359286,-0.8018677,-0.40727842,-0.036460042,-1.0897238,-0.01857794,1.1473342,-0.51391405,0.4054643,1.8894081,-0.46443638,0.19344342,1.5183711,-0.63114476,0.069761865,-0.018789172,-0.49983296
