frame,Ankle.R_x,Ankle.R_y,Ankle.R_z,Knee.R_x,Knee.R_y,Knee.R_z,Hip.R_x,Hip.R_y,Hip.R_z,Hip.L_x,Hip.L_y,Hip.L_z,Knee.L_x,Knee.L_y,Knee.L_z,Ankle.L_x,Ankle.L_y,Ankle.L_z,Wrist.R_x,Wrist.R_y,Wrist.R_z,Elbow.R_x,Elbow.R_y,Elbow.R_z,Shoulder.R_x,Shoulder.R_y,Shoulder.R_z,Shoulder.L_x,Shoulder.L_y,Shoulder.L_z,Elbow.L_x,Elbow.L_y,Elbow.L_z,Wrist.L_x,Wrist.L_y,Wrist.L_z,Neck_x,Neck_y,Neck_z,Head_x,Head_y,Head_z,Nose_x,Nose_y,Nose_z,hip.Center_x,hip.Center_y,hip.Center_z
0,0.22842595,-1.8838305,-0.6431043,0.2642736,-0.9157696,-0.63774216,0.3001351,-0.019418243,-0.34436017,-0.13012365,-0.019418243,-0.6569154,-0.13012365,-0.9157696,-1.2079067,-0.13012365,-1.8479686,-1.010009,0.55111265,0.05229139,-1.2169166,0.55111265,0.5183983,-0.7873001,0.40769288,1.1637723,-0.40806767,-0.30939105,1.1637723,-0.60809624,-0.41694835,0.5183983,-0.77968514,-0.38110068,0.016443726,-1.1040034,0.049150914,1.1637723,-0.5181581,0.47939584,1.8091464,-0.47711068,0.2642736,1.4864594,-0.63354695,0.08500621,-0.019418243,-0.4999978
