frame,Ankle.R_x,Ankle.R_y,Ankle.R_z,Knee.R_x,Knee.R_y,Knee.R_z,Hip.R_x,Hip.R_y,Hip.R_z,Hip.L_x,Hip.L_y,Hip.L_z,Knee.L_x,Knee.L_y,Knee.L_z,Ankle.L_x,Ankle.L_y,Ankle.L_z,Wrist.R_x,Wrist.R_y,Wrist.R_z,Elbow.R_x,Elbow.R_y,Elbow.R_z,Shoulder.R_x,Shoulder.R_y,Shoulder.R_z,Shoulder.L_x,Shoulder.L_y,Shoulder.L_z,Elbow.L_x,Elbow.L_y,Elbow.L_z,Wrist.L_x,Wrist.L_y,Wrist.L_z,Neck_x,Neck_y,Neck_z,Head_x,Head_y,Head_z,Nose_x,Nose_y,Nose_z,hip.Center_x,hip.Center_y,hip.Center_z
0,0.37134486,-1.868831,-0.48313728,0.33510715,-0.92655885,-0.516263,0.29886895,-0.020524357,-0.39725485,-0.13602893,-0.020524357,-0.6013249,-0.13602893,-0.92655885,-1.1037662,-0.09979074,-1.868831,-1.0512571,0.51631147,0.051951554,-1.1496959,0.5525492,0.5230876,-0.796607,0.40759736,1.1754277,-0.45349148,-0.28099507,1.1391898,-0.46794415,-0.35347098,0.5230876,-0.7043736,-0.35347098,0.015713599,-1.0430698,0.0633014,1.1573088,-0.463571,-0.3353588,1.8458868,-0.41086185,-0.13602893,1.5015978,-0.60230637,0.08142026,-0.020524357,-0.5008727
