frame,Ankle.R_x,Ankle.R_y,Ankle.R_z,Knee.R_x,Knee.R_y,Knee.R_z,Hip.R_x,Hip.R_y,Hip.R_z,Hip.L_x,Hip.L_y,Hip.L_z,Knee.L_x,Knee.L_y,Knee.L_z,Ankle.L_x,Ankle.L_y,Ankle.L_z,Wrist.R_x,Wrist.R_y,Wrist.R_z,Elbow.R_x,Elbow.R_y,Elbow.R_z,Shoulder.R_x,Shoulder.R_y,Shoulder.R_z,Shoulder.L_x,Shoulder.L_y,Shoulder.L_z,Elbow.L_x,Elbow.L_y,Elbow.L_z,Wrist.L_x,Wrist.L_y,Wrist.L_z,Neck_x,Neck_y,Neck_z,Head_x,Head_y,Head_z,Nose_x,Nose_y,Nose_z,hip.Center_x,hip.Center_y,hip.Center_z
0,0.16804872,-1.9943659,0.03632331,0.41010082,-0.9858435,-0.1652931,0.20839582,-0.017652808,-0.42559645,-0.0740024,-0.017652808,-0.579613,0.0066913217,-0.9858435,-0.9038261,-0.0740024,-1.9943659,-0.86183935,0.49077928,-0.017652808,-0.94053257,0.24872766,0.54711384,-0.5690164,0.16804872,1.1925592,-0.41220427,-0.23536028,1.1522275,-0.5598007,-0.2757069,0.50676674,-0.8110155,-0.15468134,0.10335797,-0.8880157,-0.0336553,1.1723934,-0.49933907,0.6924685,1.9388796,-0.52325755,0.32940662,1.5556365,-0.54524523,0.06719671,-0.017652808,-0.49923345
