frame,Ankle.R_x,Ankle.R_y,Ankle.R_z,Knee.R_x,Knee.R_y,Knee.R_z,Hip.R_x,Hip.R_y,Hip.R_z,Hip.L_x,Hip.L_y,Hip.L_z,Knee.L_x,Knee.L_y,Knee.L_z,Ankle.L_x,Ankle.L_y,Ankle.L_z,Wrist.R_x,Wrist.R_y,Wrist.R_z,Elbow.R_x,Elbow.R_y,Elbow.R_z,Shoulder.R_x,Shoulder.R_y,Shoulder.R_z,Shoulder.L_x,Shoulder.L_y,Shoulder.L_z,Elbow.L_x,Elbow.L_y,Elbow.L_z,Wrist.L_x,Wrist.L_y,Wrist.L_z,Neck_x,Neck_y,Neck_z,Head_x,Head_y,Head_z,Nose_x,Nose_y,Nose_z,hip.Center_x,hip.Center_y,hip.Center_z
0,0.42593518,-1.068759,-1.3747469,0.5762533,-0.24203728,-1.0176055,0.31319562,0.021020668,-0.33910802,-0.17532453,-0.054138884,-0.66300386,-0.100165464,-0.9936154,-0.8612678,-0.025005437,-2.0082352,-0.60345554,0.5762533,0.058600202,-1.1550593,0.46351424,0.62227964,-0.7811364,0.27561608,1.2611032,-0.52147144,-0.47596177,1.1859437,-0.70672846,-0.5511061,0.5095408,-0.9667549,-0.47596177,-0.016559107,-1.3336173,-0.10017262,1.2235235,-0.61486596,0.350768,2.0502763,-0.55588603,0.12529746,1.6369,-0.7373272,0.068935774,-0.016559107,-0.49972838
