frame,Ankle.R_x,Ankle.R_y,Ankle.R_z,Knee.R_x,Knee.R_y,Knee.R_z,Hip.R_x,Hip.R_y,Hip.R_z,Hip.L_x,Hip.L_y,Hip.L_z,Knee.L_x,Knee.L_y,Knee.L_z,Ankle.L_x,Ankle.L_y,Ankle.L_z,Wrist.R_x,Wrist.R_y,Wrist.R_z,Elbow.R_x,Elbow.R_y,Elbow.R_z,Shoulder.R_x,Shoulder.R_y,Shoulder.R_z,Shoulder.L_x,Shoulder.L_y,Shoulder.L_z,Elbow.L_x,Elbow.L_y,Elbow.L_z,Wrist.L_x,Wrist.L_y,Wrist.L_z,Neck_x,Neck_y,Neck_z,Head_x,Head_y,Head_z,Nose_x,Nose_y,Nose_z,hip.Center_x,hip.Center_y,hip.Center_z
0,-0.00890182,-1.7866992,0.16697145,0.1576245,-0.98731273,0.034161985,0.12432219,-0.021385355,-0.38472342,0.057702795,-0.021385355,-0.6250515,0.1576245,-0.98731273,-0.77735305,0.024400488,-1.7533826,-0.87186086,0.5240233,0.1784726,-0.4954479,0.091019884,0.64477783,-0.35556263,0.091019884,1.2776238,-0.38774997,-0.04221891,1.2776238,-0.6174222,0.057702795,0.57815844,-0.8508349,0.49070573,0.1451555,-0.6648507,0.024400488,1.2776238,-0.5091758,0.8237722,1.943787,-0.5994361,0.42408633,1.6107054,-0.5699538,0.091012254,-0.021385355,-0.50041074
