frame,Ankle.R_x,Ankle.R_y,Ankle.R_z,Knee.R_x,Knee.R_y,Knee.R_z,Hip.R_x,Hip.R_y,Hip.R_z,Hip.L_x,Hip.L_y,Hip.L_z,Knee.L_x,Knee.L_y,Knee.L_z,Ankle.L_x,Ankle.L_y,Ankle.L_z,Wrist.R_x,Wrist.R_y,Wrist.R_z,Elbow.R_x,Elbow.R_y,Elbow.R_z,Shoulder.R_x,Shoulder.R_y,Shoulder.R_z,Shoulder.L_x,Shoulder.L_y,Shoulder.L_z,Elbow.L_x,Elbow.L_y,Elbow.L_z,Wrist.L_x,Wrist.L_y,Wrist.L_z,Neck_x,Neck_y,Neck_z,Head_x,Head_y,Head_z,Nose_x,Nose_y,Nose_z,hip.Center_x,hip.Center_y,hip.Center_z
0,0.24854201,-1.8999823,-0.21390021,0.31530875,-0.9986545,-0.3474241,0.31530875,-0.030559435,-0.3756374,-0.11866695,0.002830849,-0.6260373,-0.18543369,-0.96526396,-1.0098963,-0.2188099,-1.8999823,-1.182672,0.61575145,-0.06393565,-1.1527436,0.64912766,0.4368068,-0.80521333,0.5156085,1.1044589,-0.45124602,-0.18543369,1.1044589,-0.6193128,-0.31896716,0.470183,-0.8259514,-0.35234338,-0.030559435,-1.2197256,0.16508788,1.1044589,-0.54477227,0.53228253,1.8388776,-0.51242614,0.34868497,1.4716684,-0.65156794,0.09832066,-0.013864412,-0.5003786
