frame,Ankle.R_x,Ankle.R_y,Ankle.R_z,Knee.R_x,Knee.R_y,Knee.R_z,Hip.R_x,Hip.R_y,Hip.R_z,Hip.L_x,Hip.L_y,Hip.L_z,Knee.L_x,Knee.L_y,Knee.L_z,Ankle.L_x,Ankle.L_y,Ankle.L_z,Wrist.R_x,Wrist.R_y,Wrist.R_z,Elbow.R_x,Elbow.R_y,Elbow.R_z,Shoulder.R_x,Shoulder.R_y,Shoulder.R_z,Shoulder.L_x,Shoulder.L_y,Shoulder.L_z,Elbow.L_x,Elbow.L_y,Elbow.L_z,Wrist.L_x,Wrist.L_y,Wrist.L_z,Neck_x,Neck_y,Neck_z,Head_x,Head_y,Head_z,Nose_x,Nose_y,Nose_z,hip.Center_x,hip.Center_y,hip.Center_z
0,-0.030095875,-2.0799196,0.12916279,0.5482618,-1.0471362,-0.17134506,0.09383649,-0.014368601,-0.41499138,0.09383649,-0.014368601,-0.5801629,0.052530944,-1.0471362,-0.8184682,-0.112707436,-2.121225,-0.90841484,0.052530944,0.026952915,-0.41435918,-0.2366398,0.64661664,-0.443908,-0.112707436,1.3076019,-0.48623526,0.011225402,1.2662803,-0.6950414,0.011225402,0.5639896,-0.71357715,0.21776932,0.06825846,-0.3152761,-0.050741017,1.286941,-0.5952089,0.73414487,1.8239937,-0.6187408,0.3417017,1.5554675,-0.5125412,0.09383649,-0.014368601,-0.50153226
