frame,Ankle.R_x,Ankle.R_y,Ankle.R_z,Knee.R_x,Knee.R_y,Knee.R_z,Hip.R_x,Hip.R_y,Hip.R_z,Hip.L_x,Hip.L_y,Hip.L_z,Knee.L_x,Knee.L_y,Knee.L_z,Ankle.L_x,Ankle.L_y,Ankle.L_z,Wrist.R_x,Wrist.R_y,Wrist.R_z,Elbow.R_x,Elbow.R_y,Elbow.R_z,Shoulder.R_x,Shoulder.R_y,Shoulder.R_z,Shoulder.L_x,Shoulder.L_y,Shoulder.L_z,Elbow.L_x,Elbow.L_y,Elbow.L_z,Wrist.L_x,Wrist.L_y,Wrist.L_z,Neck_x,Neck_y,Neck_z,Head_x,Head_y,Head_z,Nose_x,Nose_y,Nose_z,hip.Center_x,hip.Center_y,hip.Center_z
0,-0.38417494,-1.7552568,-0.682812,-0.030768976,-1.0989248,-0.03139335,0.0029000193,-0.021864722,-0.43758598,0.17118205,-0.021864722,-0.57352495,0.13752832,-1.0316025,-0.30157673,0.13752832,-1.7047607,-0.8274553,-0.030768976,0.011788538,-0.570022,-0.23270379,0.6512937,-0.33679268,-0.09807502,1.3244522,-0.44889355,0.103875056,1.290783,-0.66039366,0.103875056,0.5166494,-0.7662668,0.33947933,0.0454418,-0.34290588,0.0029000193,1.3076177,-0.5351014,0.67605865,2.0817516,-0.64952564,0.33947933,1.6946845,-0.6333397,0.0870408,-0.021864722,-0.50183535
