frame,Ankle.R_x,Ankle.R_y,Ankle.R_z,Knee.R_x,Knee.R_y,Knee.R_z,Hip.R_x,Hip.R_y,Hip.R_z,Hip.L_x,Hip.L_y,Hip.L_z,Knee.L_x,Knee.L_y,Knee.L_z,Ankle.L_x,Ankle.L_y,Ankle.L_z,Wrist.R_x,Wrist.R_y,Wrist.R_z,Elbow.R_x,Elbow.R_y,Elbow.R_z,Shoulder.R_x,Shoulder.R_y,Shoulder.R_z,Shoulder.L_x,Shoulder.L_y,Shoulder.L_z,Elbow.L_x,Elbow.L_y,Elbow.L_z,Wrist.L_x,Wrist.L_y,Wrist.L_z,Neck_x,Neck_y,Neck_z,Head_x,Head_y,Head_z,Nose_x,Nose_y,Nose_z,hip.Center_x,hip.Center_y,hip.Center_z
0,-0.008141264,-1.719518,-1.1895251,-0.08250259,-0.901478,-0.67592955,-0.15686296,-0.046250302,-0.43072087,0.25214267,-0.009077031,-0.5664895,0.32651782,-0.8642904,-0.83308065,0.3637054,-1.6823308,-1.3252237,-0.5658834,0.06529789,-0.23465344,-0.52870965,0.54867893,-0.49340513,-0.4171474,1.1064347,-0.3599664,0.28933072,1.1807956,-0.5680381,0.40087867,0.6230398,-0.19270086,0.5124271,0.06529789,0.0052188635,-0.0639088,1.1436151,-0.50313956,-0.026721224,1.9616411,-0.5514162,-0.045315012,1.5526282,-0.5228894,0.047639623,-0.027663667,-0.4988756
