frame,Ankle.R_x,Ankle.R_y,Ankle.R_z,Knee.R_x,Knee.R_y,Knee.R_z,Hip.R_x,Hip.R_y,Hip.R_z,Hip.L_x,Hip.L_y,Hip.L_z,Knee.L_x,Knee.L_y,Knee.L_z,Ankle.L_x,Ankle.L_y,Ankle.L_z,Wrist.R_x,Wrist.R_y,Wrist.R_z,Elbow.R_x,Elbow.R_y,Elbow.R_z,Shoulder.R_x,Shoulder.R_y,Shoulder.R_z,Shoulder.L_x,Shoulder.L_y,Shoulder.L_z,Elbow.L_x,Elbow.L_y,Elbow.L_z,Wrist.L_x,Wrist.L_y,Wrist.L_z,Neck_x,Neck_y,Neck_z,Head_x,Head_y,Head_z,Nose_x,Nose_y,Nose_z,hip.Center_x,hip.Center_y,hip.Center_z
0,-0.17709051,-1.4292871,-0.9474787,0.12359442,-1.1285845,-0.69312716,-0.0052708276,-0.011718895,-0.71044385,0.12359442,-0.011718895,-0.3012327,-0.82145107,-0.5271965,-0.40057337,0.2524773,-2.33136,-0.31472874,0.08063902,-0.1405839,-0.6206722,0.08063902,0.58968675,-0.7267156,0.08063902,1.3628945,-0.6748363,0.2954322,1.3628945,-0.33895713,0.33838713,0.6326417,-0.4140855,0.12359442,-0.09762898,-0.35363373,0.1880361,1.3628945,-0.46489134,-0.7140368,1.7924801,-0.35467634,-0.26300085,1.5776874,-0.4161773,0.05916227,-0.011718895,-0.5012545
