frame,Ankle.R_x,Ankle.R_y,Ankle.R_z,Knee.R_x,Knee.R_y,Knee.R_z,Hip.R_x,Hip.R_y,Hip.R_z,Hip.L_x,Hip.L_y,Hip.L_z,Knee.L_x,Knee.L_y,Knee.L_z,Ankle.L_x,Ankle.L_y,Ankle.L_z,Wrist.R_x,Wrist.R_y,Wrist.R_z,Elbow.R_x,Elbow.R_y,Elbow.R_z,Shoulder.R_x,Shoulder.R_y,Shoulder.R_z,Shoulder.L_x,Shoulder.L_y,Shoulder.L_z,Elbow.L_x,Elbow.L_y,Elbow.L_z,Wrist.L_x,Wrist.L_y,Wrist.L_z,Neck_x,Neck_y,Neck_z,Head_x,Head_y,Head_z,Nose_x,Nose_y,Nose_z,hip.Center_x,hip.Center_y,hip.Center_z
0,0.0034905672,-2.1107397,-0.1892451,0.077429414,-1.0756472,-0.07136631,0.040459752,-0.040554866,-0.46550268,0.1143986,-0.0035856832,-0.52074933,0.52104485,-0.8908013,-0.389671,0.1513673,-1.7040936,-1.1108074,0.18833697,-0.0035856832,-0.68613935,-0.070447326,0.62487614,-0.3359003,0.0034905672,1.3272609,-0.38485247,-0.1813401,1.3272609,-0.6130773,-0.25527847,0.6618453,-0.9027859,0.22530615,0.10732211,-0.7432843,-0.088924766,1.3272609,-0.4590732,0.76132166,1.8447995,-0.5965881,0.33619845,1.5860302,-0.4936757,0.077429414,-0.022070276,-0.50528145
