frame,Ankle.R_x,Ankle.R_y,Ankle.R_z,Knee.R_x,Knee.R_y,Knee.R_z,Hip.R_x,Hip.R_y,Hip.R_z,Hip.L_x,Hip.L_y,Hip.L_z,Knee.L_x,Knee.L_y,Knee.L_z,Ankle.L_x,Ankle.L_y,Ankle.L_z,Wrist.R_x,Wrist.R_y,Wrist.R_z,Elbow.R_x,Elbow.R_y,Elbow.R_z,Shoulder.R_x,Shoulder.R_y,Shoulder.R_z,Shoulder.L_x,Shoulder.L_y,Shoulder.L_z,Elbow.L_x,Elbow.L_y,Elbow.L_z,Wrist.L_x,Wrist.L_y,Wrist.L_z,Neck_x,Neck_y,Neck_z,Head_x,Head_y,Head_z,Nose_x,Nose_y,Nose_z,hip.Center_x,hip.Center_y,hip.Center_z
0,-0.3229327,-1.1339717,-0.8466172,-0.42854974,-0.21863051,-0.40197647,-0.14689395,0.063025765,-0.71826434,0.3459802,-0.07780237,-0.2971506,0.20515206,-1.2395887,-0.753271,0.16995719,-1.8732905,-1.4002566,-0.42854974,0.027814439,-0.049957126,-0.39333865,0.5911105,-0.4891394,-0.14689395,1.224812,-0.7902685,0.66283035,1.1543899,-0.34211028,0.69804144,0.4502824,-0.24139401,0.59242487,-0.18341942,-0.11125776,0.25796846,1.189601,-0.60755116,0.22275785,2.0345366,-0.6172917,0.24036267,1.6120688,-0.43255854,0.099543124,-0.0073883026,-0.49472925
