frame,Ankle.R_x,Ankle.R_y,Ankle.R_z,Knee.R_x,Knee.R_y,Knee.R_z,Hip.R_x,Hip.R_y,Hip.R_z,Hip.L_x,Hip.L_y,Hip.L_z,Knee.L_x,Knee.L_y,Knee.L_z,Ankle.L_x,Ankle.L_y,Ankle.L_z,Wrist.R_x,Wrist.R_y,Wrist.R_z,Elbow.R_x,Elbow.R_y,Elbow.R_z,Shoulder.R_x,Shoulder.R_y,Shoulder.R_z,Shoulder.L_x,Shoulder.L_y,Shoulder.L_z,Elbow.L_x,Elbow.L_y,Elbow.L_z,Wrist.L_x,Wrist.L_y,Wrist.L_z,Neck_x,Neck_y,Neck_z,Head_x,Head_y,Head_z,Nose_x,Nose_y,Nose_z,hip.Center_x,hip.Center_y,hip.Center_z
0,0.18691796,-2.0289316,-0.10475433,0.26079673,-1.0315989,-0.39531702,0.33467454,-0.03426613,-0.42330176,-0.14552623,0.0026808847,-0.5865337,-0.33021384,-0.5144514,-1.2643275,-0.21940404,-1.105477,-1.0926163,0.6301872,0.0026808847,-1.1791815,0.6671187,0.5567595,-0.8637314,0.5193626,1.2216482,-0.3827039,-0.25633556,1.2216482,-0.55353624,-0.36716062,0.5567595,-0.7683083,-0.44102365,0.03961216,-1.149641,0.1315133,1.2216482,-0.5189295,0.39007968,1.9603996,-0.4704735,0.26079673,1.5910239,-0.7070902,0.09457415,-0.01579274,-0.4989017
