frame,Ankle.R_x,Ankle.R_y,Ankle.R_z,Knee.R_x,Knee.R_y,Knee.R_z,Hip.R_x,Hip.R_y,Hip.R_z,Hip.L_x,Hip.L_y,Hip.L_z,Knee.L_x,Knee.L_y,Knee.L_z,Ankle.L_x,Ankle.L_y,Ankle.L_z,Wrist.R_x,Wrist.R_y,Wrist.R_z,Elbow.R_x,Elbow.R_y,Elbow.R_z,Shoulder.R_x,Shoulder.R_y,Shoulder.R_z,Shoulder.L_x,Shoulder.L_y,Shoulder.L_z,Elbow.L_x,Elbow.L_y,Elbow.L_z,Wrist.L_x,Wrist.L_y,Wrist.L_z,Neck_x,Neck_y,Neck_z,Head_x,Head_y,Head_z,Nose_x,Nose_y,Nose_z,hip.Center_x,hip.Center_y,hip.Center_z
0,0.30849653,-1.8696079,-0.6241803,0.30849653,-0.9366479,-0.62642634,0.30849653,-0.03956961,-0.3728321,-0.122095056,-0.0036740247,-0.6297992,-0.15797609,-0.9366479,-1.1292632,-0.19385761,-1.8337264,-0.97747034,0.559681,-0.0036740247,-1.1767969,0.5955625,0.4986801,-0.78862864,0.48791796,1.1445886,-0.40669292,-0.22975296,1.1445886,-0.5795516,-0.301516,0.5345757,-0.7749577,-0.33739752,0.032207496,-1.1764195,0.12908226,1.1445886,-0.49590456,0.559702,1.8622456,-0.43054911,0.34439188,1.5034171,-0.5933026,0.09320121,-0.021621937,-0.5002029
