frame,Ankle.R_x,Ankle.R_y,Ankle.R_z,Knee.R_x,Knee.R_y,Knee.R_z,Hip.R_x,Hip.R_y,Hip.R_z,Hip.L_x,Hip.L_y,Hip.L_z,Knee.L_x,Knee.L_y,Knee.L_z,Ankle.L_x,Ankle.L_y,Ankle.L_z,Wrist.R_x,Wrist.R_y,Wrist.R_z,Elbow.R_x,Elbow.R_y,Elbow.R_z,Shoulder.R_x,Shoulder.R_y,Shoulder.R_z,Shoulder.L_x,Shoulder.L_y,Shoulder.L_z,Elbow.L_x,Elbow.L_y,Elbow.L_z,Wrist.L_x,Wrist.L_y,Wrist.L_z,Neck_x,Neck_y,Neck_z,Head_x,Head_y,Head_z,Nose_x,Nose_y,Nose_z,hip.Center_x,hip.Center_y,hip.Center_z
0,0.033212803,-2.1304605,0.03655821,0.15280786,-1.0939938,-0.12081349,0.11294808,-0.017651256,-0.43944576,0.033212803,-0.017651256,-0.5557904,0.47171846,-0.97439855,-0.80851924,0.11294808,-1.8514096,-0.84508336,0.23252788,-0.057526764,-0.5182493,-0.046522953,0.62016994,-0.37172592,0.0730721,1.2978663,-0.39344466,-0.16610274,1.2978663,-0.6025133,-0.28569826,0.62016994,-0.7758651,-0.046522953,0.062068526,-0.55424184,-0.046515323,1.2978663,-0.4993549,0.8304812,1.7762165,-0.6286376,0.39198318,1.5370413,-0.60977626,0.073080204,-0.017651256,-0.5026632
