frame,Ankle.R_x,Ankle.R_y,Ankle.R_z,Knee.R_x,Knee.R_y,Knee.R_z,Hip.R_x,Hip.R_y,Hip.R_z,Hip.L_x,Hip.L_y,Hip.L_z,Knee.L_x,Knee.L_y,Knee.L_z,Ankle.L_x,Ankle.L_y,Ankle.L_z,Wrist.R_x,Wrist.R_y,Wrist.R_z,Elbow.R_x,Elbow.R_y,Elbow.R_z,Shoulder.R_x,Shoulder.R_y,Shoulder.R_z,Shoulder.L_x,Shoulder.L_y,Shoulder.L_z,Elbow.L_x,Elbow.L_y,Elbow.L_z,Wrist.L_x,Wrist.L_y,Wrist.L_z,Neck_x,Neck_y,Neck_z,Head_x,Head_y,Head_z,Nose_x,Nose_y,Nose_z,hip.Center_x,hip.Center_y,hip.Center_z
0,0.13327639,-2.0631528,-0.13998246,0.091389105,-1.0579249,-0.3629045,0.21703474,-0.010794291,-0.5678114,-0.03427227,-0.010794291,-0.42300954,-0.20180519,-1.0998119,-0.66273546,-0.20180519,-2.1888142,-0.7927976,0.091389105,-0.010794291,-0.72160256,0.21703474,0.49181974,-0.72679436,0.25892204,1.2038691,-0.56974983,0.007615015,1.2038691,-0.3592806,-0.03427227,0.5337068,-0.21645528,-0.2855788,-0.052681334,-0.27211463,0.13326876,1.2038691,-0.4696682,-0.62065226,1.8740005,-0.4664195,-0.24369152,1.5389347,-0.56846553,0.091381475,-0.010794291,-0.49823442
