frame,Ankle.R_x,Ankle.R_y,Ankle.R_z,Knee.R_x,Knee.R_y,Knee.R_z,Hip.R_x,Hip.R_y,Hip.R_z,Hip.L_x,Hip.L_y,Hip.L_z,Knee.L_x,Knee.L_y,Knee.L_z,Ankle.L_x,Ankle.L_y,Ankle.L_z,Wrist.R_x,Wrist.R_y,Wrist.R_z,Elbow.R_x,Elbow.R_y,Elbow.R_z,Shoulder.R_x,Shoulder.R_y,Shoulder.R_z,Shoulder.L_x,Shoulder.L_y,Shoulder.L_z,Elbow.L_x,Elbow.L_y,Elbow.L_z,Wrist.L_x,Wrist.L_y,Wrist.L_z,Neck_x,Neck_y,Neck_z,Head_x,Head_y,Head_z,Nose_x,Nose_y,Nose_z,hip.Center_x,hip.Center_y,hip.Center_z
0,0.2765733,-1.9075897,0.059148133,0.15450537,-1.012404,-0.27934808,0.19519436,0.0048351157,-0.5637314,-0.04894244,-0.035854355,-0.43179214,-0.089632384,-1.0530934,-0.8278993,-0.008253448,-2.0703475,-0.90615696,0.113815434,-0.11723353,-0.8185959,0.23588431,0.49312544,-0.754969,0.15450537,1.2255374,-0.62059915,-0.089632384,1.1848478,-0.4015962,-0.17101133,0.5338149,-0.3575167,-0.45583808,-0.035854355,-0.38922656,0.032436498,1.2051927,-0.51298314,-0.6999754,1.896946,-0.56381476,-0.33376968,1.5510693,-0.65066624,0.073125966,-0.015509618,-0.49945858
