frame,Ankle.R_x,Ankle.R_y,Ankle.R_z,Knee.R_x,Knee.R_y,Knee.R_z,Hip.R_x,Hip.R_y,Hip.R_z,Hip.L_x,Hip.L_y,Hip.L_z,Knee.L_x,Knee.L_y,Knee.L_z,Ankle.L_x,Ankle.L_y,Ankle.L_z,Wrist.R_x,Wrist.R_y,Wrist.R_z,Elbow.R_x,Elbow.R_y,Elbow.R_z,Shoulder.R_x,Shoulder.R_y,Shoulder.R_z,Shoulder.L_x,Shoulder.L_y,Shoulder.L_z,Elbow.L_x,Elbow.L_y,Elbow.L_z,Wrist.L_x,Wrist.L_y,Wrist.L_z,Neck_x,Neck_y,Neck_z,Head_x,Head_y,Head_z,Nose_x,Nose_y,Nose_z,hip.Center_x,hip.Center_y,hip.Center_z
0,-0.08413895,-1.7099478,-0.3663577,0.06646434,-1.1242774,0.12872809,0.06646434,-0.019837108,-0.45134255,0.09992925,-0.019837108,-0.5474035,0.26727238,-1.0907962,-0.3453205,0.16686001,-1.6597569,-0.91507906,0.23379126,0.013628278,-0.59808683,-0.100879274,0.64950424,-0.46921992,0.03299848,1.3523269,-0.43406165,-0.033948503,1.3857925,-0.5566941,-0.033948503,0.71643525,-0.87467635,0.23379126,0.080559045,-0.83747756,-0.00047501177,1.3690597,-0.4179022,0.8027443,1.9380046,-0.54116404,0.40113488,1.6535323,-0.49556375,0.08319656,-0.019837108,-0.50383025
