frame,Ankle.R_x,Ankle.R_y,Ankle.R_z,Knee.R_x,Knee.R_y,Knee.R_z,Hip.R_x,Hip.R_y,Hip.R_z,Hip.L_x,Hip.L_y,Hip.L_z,Knee.L_x,Knee.L_y,Knee.L_z,Ankle.L_x,Ankle.L_y,Ankle.L_z,Wrist.R_x,Wrist.R_y,Wrist.R_z,Elbow.R_x,Elbow.R_y,Elbow.R_z,Shoulder.R_x,Shoulder.R_y,Shoulder.R_z,Shoulder.L_x,Shoulder.L_y,Shoulder.L_z,Elbow.L_x,Elbow.L_y,Elbow.L_z,Wrist.L_x,Wrist.L_y,Wrist.L_z,Neck_x,Neck_y,Neck_z,Head_x,Head_y,Head_z,Nose_x,Nose_y,Nose_z,hip.Center_x,hip.Center_y,hip.Center_z
0,-0.09165586,-1.702857,-1.4956747,-0.16224015,-0.8911965,-0.79321533,-0.126948,-0.008938093,-0.49659032,0.2612499,-0.044230003,-0.5050013,0.29654205,-0.92648816,-0.72906506,0.2612499,-1.7381487,-1.3595903,-0.37397826,0.13221596,0.05782914,-0.30339444,0.62627625,-0.30460298,-0.19753182,1.1556286,-0.41889516,0.472988,1.1556286,-0.62502146,0.6141423,0.555706,-0.38893852,0.64943445,-0.008938093,-0.22549781,0.13772762,1.1556286,-0.58030975,0.24360406,1.9320246,-0.71346134,0.1906656,1.5438266,-0.6216786,0.06715094,-0.026583929,-0.49666023
