frame,Ankle.R_x,Ankle.R_y,Ankle.R_z,Knee.R_x,Knee.R_y,Knee.R_z,Hip.R_x,Hip.R_y,Hip.R_z,Hip.L_x,Hip.L_y,Hip.L_z,Knee.L_x,Knee.L_y,Knee.L_z,Ankle.L_x,Ankle.L_y,Ankle.L_z,Wrist.R_x,Wrist.R_y,Wrist.R_z,Elbow.R_x,Elbow.R_y,Elbow.R_z,Shoulder.R_x,Shoulder.R_y,Shoulder.R_z,Shoulder.L_x,Shoulder.L_y,Shoulder.L_z,Elbow.L_x,Elbow.L_y,Elbow.L_z,Wrist.L_x,Wrist.L_y,Wrist.L_z,Neck_x,Neck_y,Neck_z,Head_x,Head_y,Head_z,Nose_x,Nose_y,Nose_z,hip.Center_x,hip.Center_y,hip.Center_z
0,0.0831117,-1.8489399,0.04739833,0.20394939,-1.0720851,-0.08412671,0.13489479,-0.036283735,-0.45571575,-0.0031986833,-0.0017564334,-0.54342663,0.03132862,-1.0030308,-0.87647283,-0.03772551,-1.7971573,-0.78053254,0.44563955,-0.0017564334,-0.7469131,0.100382745,0.585191,-0.50107723,0.13489479,1.2757356,-0.4590479,-0.14130741,1.2757356,-0.5282808,-0.24488932,0.6197181,-0.72717094,-0.10678059,0.03277063,-0.73914796,-0.0032063127,1.2757356,-0.49452996,0.75637716,1.9662802,-0.6055778,0.37658542,1.6210079,-0.59789187,0.065847814,-0.019020323,-0.500853
