frame,Ankle.R_x,Ankle.R_y,Ankle.R_z,Knee.R_x,Knee.R_y,Knee.R_z,Hip.R_x,Hip.R_y,Hip.R_z,Hip.L_x,Hip.L_y,Hip.L_z,Knee.L_x,Knee.L_y,Knee.L_z,Ankle.L_x,Ankle.L_y,Ankle.L_z,Wrist.R_x,Wrist.R_y,Wrist.R_z,Elbow.R_x,Elbow.R_y,Elbow.R_z,Shoulder.R_x,Shoulder.R_y,Shoulder.R_z,Shoulder.L_x,Shoulder.L_y,Shoulder.L_z,Elbow.L_x,Elbow.L_y,Elbow.L_z,Wrist.L_x,Wrist.L_y,Wrist.L_z,Neck_x,Neck_y,Neck_z,Head_x,Head_y,Head_z,Nose_x,Nose_y,Nose_z,hip.Center_x,hip.Center_y,hip.Center_z
0,0.21396387,-1.7959737,-0.78805435,0.2857126,-0.8990533,-0.6975339,0.32159364,-0.038028173,-0.3706687,-0.14480698,-0.0021471307,-0.6323446,-0.18067467,-0.8990533,-1.1509079,-0.21655571,-1.7959737,-0.90369636,0.64448345,0.03373415,-1.1819558,0.6086019,0.57188374,-0.80560815,0.46509063,1.1459004,-0.41493893,-0.25243723,1.1459004,-0.595254,-0.39593422,0.57188374,-0.824168,-0.360067,0.1413644,-1.2431984,0.106326945,1.1459004,-0.50405884,0.46509778,1.7916797,-0.43253112,0.2857126,1.46879,-0.5853401,0.08839358,-0.020087652,-0.49957085
