frame,Ankle.R_x,Ankle.R_y,Ankle.R_z,Knee.R_x,Knee.R_y,Knee.R_z,Hip.R_x,Hip.R_y,Hip.R_z,Hip.L_x,Hip.L_y,Hip.L_z,Knee.L_x,Knee.L_y,Knee.L_z,Ankle.L_x,Ankle.L_y,Ankle.L_z,Wrist.R_x,Wrist.R_y,Wrist.R_z,Elbow.R_x,Elbow.R_y,Elbow.R_z,Shoulder.R_x,Shoulder.R_y,Shoulder.R_z,Shoulder.L_x,Shoulder.L_y,Shoulder.L_z,Elbow.L_x,Elbow.L_y,Elbow.L_z,Wrist.L_x,Wrist.L_y,Wrist.L_z,Neck_x,Neck_y,Neck_z,Head_x,Head_y,Head_z,Nose_x,Nose_y,Nose_z,hip.Center_x,hip.Center_y,hip.Center_z
0,-0.023610324,-2.284369,-0.4052251,0.097937375,-1.1498138,-0.3106135,0.01690033,-0.055769302,-0.44577414,0.13846424,0.025268218,-0.5281535,0.70574164,-0.78513753,-0.35323465,0.3005388,-1.5955435,-1.1346965,0.17899063,-0.09629593,-0.495955,-0.104647845,0.6330563,-0.32498476,-0.023610324,1.321898,-0.3359306,-0.14517424,1.321898,-0.7297254,-0.14517424,0.6330563,-0.968637,0.17899063,-0.015258649,-0.70256424,-0.084392756,1.321898,-0.47995132,0.7665241,1.8081543,-0.56242025,0.34106568,1.5650262,-0.6069555,0.07768229,-0.015250543,-0.506119
