frame,Ankle.R_x,Ankle.R_y,Ankle.R_z,Knee.R_x,Knee.R_y,Knee.R_z,Hip.R_x,Hip.R_y,Hip.R_z,Hip.L_x,Hip.L_y,Hip.L_z,Knee.L_x,Knee.L_y,Knee.L_z,Ankle.L_x,Ankle.L_y,Ankle.L_z,Wrist.R_x,Wrist.R_y,Wrist.R_z,Elbow.R_x,Elbow.R_y,Elbow.R_z,Shoulder.R_x,Shoulder.R_y,Shoulder.R_z,Shoulder.L_x,Shoulder.L_y,Shoulder.L_z,Elbow.L_x,Elbow.L_y,Elbow.L_z,Wrist.L_x,Wrist.L_y,Wrist.L_z,Neck_x,Neck_y,Neck_z,Head_x,Head_y,Head_z,Nose_x,Nose_y,Nose_z,hip.Center_x,hip.Center_y,hip.Center_z
0,-0.45076728,-1.8324887,-0.38072458,0.03704048,-1.0659295,-0.021666884,0.03704048,-0.020618988,-0.44088042,0.14156795,-0.020618988,-0.56920123,0.071888216,-1.0310813,-0.46454293,0.10671974,-1.8324887,-0.9430741,0.03704048,0.014228987,-0.57263327,-0.20686316,0.64141196,-0.37805572,-0.06748795,1.303443,-0.4896311,0.071888216,1.303443,-0.6555964,0.071888216,0.536884,-0.75868833,0.31579185,0.04907696,-0.34993514,0.0022003725,1.303443,-0.5766369,0.6990473,2.0700018,-0.71744883,0.35062337,1.6867224,-0.6936202,0.089304216,-0.020618988,-0.50222
