frame,Ankle.R_x,Ankle.R_y,Ankle.R_z,Knee.R_x,Knee.R_y,Knee.R_z,Hip.R_x,Hip.R_y,Hip.R_z,Hip.L_x,Hip.L_y,Hip.L_z,Knee.L_x,Knee.L_y,Knee.L_z,Ankle.L_x,Ankle.L_y,Ankle.L_z,Wrist.R_x,Wrist.R_y,Wrist.R_z,Elbow.R_x,Elbow.R_y,Elbow.R_z,Shoulder.R_x,Shoulder.R_y,Shoulder.R_z,Shoulder.L_x,Shoulder.L_y,Shoulder.L_z,Elbow.L_x,Elbow.L_y,Elbow.L_z,Wrist.L_x,Wrist.L_y,Wrist.L_z,Neck_x,Neck_y,Neck_z,Head_x,Head_y,Head_z,Nose_x,Nose_y,Nose_z,hip.Center_x,hip.Center_y,hip.Center_z
0,0.35437766,-1.8776431,-0.54617107,0.31897488,-0.92180634,-0.5840911,0.28357163,-0.0013582557,-0.34533006,-0.14124927,-0.036761507,-0.65357363,-0.07044371,-0.92180634,-1.236178,-0.03504046,-1.8776431,-1.0600951,0.53137773,0.034030214,-1.1657428,0.4959754,0.5650599,-0.79005116,0.35437766,1.1668814,-0.40131497,-0.35365257,1.1314784,-0.6176225,-0.4244586,0.4942541,-0.80046964,-0.4244586,-0.0013582557,-1.119067,0.00036279112,1.14918,-0.5223711,0.4251689,1.8218073,-0.49184847,0.2127656,1.4854935,-0.648027,0.07116119,-0.019059882,-0.5002363
