frame,Ankle.R_x,Ankle.R_y,Ankle.R_z,Knee.R_x,Knee.R_y,Knee.R_z,Hip.R_x,Hip.R_y,Hip.R_z,Hip.L_x,Hip.L_y,Hip.L_z,Knee.L_x,Knee.L_y,Knee.L_z,Ankle.L_x,Ankle.L_y,Ankle.L_z,Wrist.R_x,Wrist.R_y,Wrist.R_z,Elbow.R_x,Elbow.R_y,Elbow.R_z,Shoulder.R_x,Shoulder.R_y,Shoulder.R_z,Shoulder.L_x,Shoulder.L_y,Shoulder.L_z,Elbow.L_x,Elbow.L_y,Elbow.L_z,Wrist.L_x,Wrist.L_y,Wrist.L_z,Neck_x,Neck_y,Neck_z,Head_x,Head_y,Head_z,Nose_x,Nose_y,Nose_z,hip.Center_x,hip.Center_y,hip.Center_z
0,-0.28508514,-1.8999759,-0.858287,-0.045440614,-0.98135626,-0.4060303,-0.045440614,-0.022807943,-0.39630955,0.23413187,-0.022807943,-0.59296185,0.23413187,-0.9414128,-0.7157545,0.1542607,-1.8999759,-1.3635585,-0.2051987,0.017135276,-0.4782079,-0.3649568,0.57629573,-0.447671,-0.16525549,1.2153279,-0.3437285,0.23413187,1.1753994,-0.6895805,0.3140188,0.57629573,-0.72494376,0.47377688,0.017135276,-0.47030568,0.034438193,1.1953636,-0.52621126,0.5935989,1.9542105,-0.6049693,0.3140188,1.5747871,-0.6305941,0.094346106,-0.022807943,-0.50168097
