frame,Ankle.R_x,Ankle.R_y,Ankle.R_z,Knee.R_x,Knee.R_y,Knee.R_z,Hip.R_x,Hip.R_y,Hip.R_z,Hip.L_x,Hip.L_y,Hip.L_z,Knee.L_x,Knee.L_y,Knee.L_z,Ankle.L_x,Ankle.L_y,Ankle.L_z,Wrist.R_x,Wrist.R_y,Wrist.R_z,Elbow.R_x,Elbow.R_y,Elbow.R_z,Shoulder.R_x,Shoulder.R_y,Shoulder.R_z,Shoulder.L_x,Shoulder.L_y,Shoulder.L_z,Elbow.L_x,Elbow.L_y,Elbow.L_z,Wrist.L_x,Wrist.L_y,Wrist.L_z,Neck_x,Neck_y,Neck_z,Head_x,Head_y,Head_z,Nose_x,Nose_y,Nose_z,hip.Center_x,hip.Center_y,hip.Center_z
0,-0.10882047,-1.7197398,-1.5420432,-0.1444731,-0.8996586,-0.8161373,-0.1444731,-0.008272104,-0.46966344,0.28338715,-0.04393857,-0.52850145,0.28338715,-0.93531126,-0.8165718,0.24773452,-1.755392,-1.4741418,-0.35840276,0.098686285,-0.024857849,-0.32275012,0.63351804,-0.34120005,-0.21579173,1.1683501,-0.41703472,0.49731728,1.1326975,-0.63490796,0.60428905,0.56221277,-0.42078748,0.6399417,-0.008272104,-0.22506931,0.14076278,1.1505238,-0.580566,0.21209571,1.8992857,-0.69278044,0.17642924,1.5249047,-0.592448,0.069457024,-0.026105337,-0.49729738
