frame,Ankle.R_x,Ankle.R_y,Ankle.R_z,Knee.R_x,Knee.R_y,Knee.R_z,Hip.R_x,Hip.R_y,Hip.R_z,Hip.L_x,Hip.L_y,Hip.L_z,Knee.L_x,Knee.L_y,Knee.L_z,Ankle.L_x,Ankle.L_y,Ankle.L_z,Wrist.R_x,Wrist.R_y,Wrist.R_z,Elbow.R_x,Elbow.R_y,Elbow.R_z,Shoulder.R_x,Shoulder.R_y,Shoulder.R_z,Shoulder.L_x,Shoulder.L_y,Shoulder.L_z,Elbow.L_x,Elbow.L_y,Elbow.L_z,Wrist.L_x,Wrist.L_y,Wrist.L_z,Neck_x,Neck_y,Neck_z,Head_x,Head_y,Head_z,Nose_x,Nose_y,Nose_z,hip.Center_x,hip.Center_y,hip.Center_z
0,-0.0704447,-1.7480505,-0.44367093,0.08253801,-1.1530769,0.03786224,0.08253801,-0.031135324,-0.4271111,0.08253801,0.0028588735,-0.57405037,0.08253801,-1.1530769,-0.5430408,-0.0024558306,-1.7480505,-0.71580213,0.25254238,-0.031135324,-0.44589624,-0.08744967,0.6148212,-0.41366372,0.014549136,1.3627769,-0.4719462,-0.08744967,1.3967711,-0.6340051,-0.019445062,0.580827,-0.8098498,0.25254238,0.0028588735,-0.6393993,-0.03645003,1.3797739,-0.50473565,0.8134879,1.8897535,-0.6079142,0.38851917,1.6347636,-0.58286947,0.08253801,-0.0141382255,-0.50193244
