frame,Ankle.R_x,Ankle.R_y,Ankle.R_z,Knee.R_x,Knee.R_y,Knee.R_z,Hip.R_x,Hip.R_y,Hip.R_z,Hip.L_x,Hip.L_y,Hip.L_z,Knee.L_x,Knee.L_y,Knee.L_z,Ankle.L_x,Ankle.L_y,Ankle.L_z,Wrist.R_x,Wrist.R_y,Wrist.R_z,Elbow.R_x,Elbow.R_y,Elbow.R_z,Shoulder.R_x,Shoulder.R_y,Shoulder.R_z,Shoulder.L_x,Shoulder.L_y,Shoulder.L_z,Elbow.L_x,Elbow.L_y,Elbow.L_z,Wrist.L_x,Wrist.L_y,Wrist.L_z,Neck_x,Neck_y,Neck_z,Head_x,Head_y,Head_z,Nose_x,Nose_y,Nose_z,hip.Center_x,hip.Center_y,hip.Center_z
0,0.015741047,-1.7062017,-1.0907722,-0.09864026,-0.90554726,-0.43082982,-0.17489415,-0.028639466,-0.5085475,0.28263015,-0.028639466,-0.49500316,0.28263015,-0.90554726,-0.5713227,0.3207571,-1.6680747,-1.2528467,-0.44178373,0.08574161,-0.11338234,-0.44178373,0.58139336,-0.44274572,-0.3274029,1.1532991,-0.45039248,0.3588845,1.191426,-0.5737213,0.47326535,0.61952055,-0.19546127,0.47326535,0.08574161,0.05500704,0.015741047,1.1723624,-0.57645106,0.015741047,1.9730026,-0.6911173,0.015741047,1.5726825,-0.6111779,0.053867515,-0.028639466,-0.49816245
