frame,Ankle.R_x,Ankle.R_y,Ankle.R_z,Knee.R_x,Knee.R_y,Knee.R_z,Hip.R_x,Hip.R_y,Hip.R_z,Hip.L_x,Hip.L_y,Hip.L_z,Knee.L_x,Knee.L_y,Knee.L_z,Ankle.L_x,Ankle.L_y,Ankle.L_z,Wrist.R_x,Wrist.R_y,Wrist.R_z,Elbow.R_x,Elbow.R_y,Elbow.R_z,Shoulder.R_x,Shoulder.R_y,Shoulder.R_z,Shoulder.L_x,Shoulder.L_y,Shoulder.L_z,Elbow.L_x,Elbow.L_y,Elbow.L_z,Wrist.L_x,Wrist.L_y,Wrist.L_z,Neck_x,Neck_y,Neck_z,Head_x,Head_y,Head_z,Nose_x,Nose_y,Nose_z,hip.Center_x,hip.Center_y,hip.Center_z
0,0.3053916,-1.8343621,-0.5430988,0.34166175,-0.9274975,-0.5819024,0.3053916,-0.020646913,-0.35733807,-0.12989207,-0.020646913,-0.64543486,-0.16617604,-0.9274975,-1.1767168,-0.20244618,-1.7980782,-0.90866786,0.5955804,0.051907435,-1.2153275,0.55931026,0.52346075,-0.80978906,0.41421586,1.1401227,-0.38834468,-0.23871632,1.1401227,-0.5845605,-0.38382453,0.52346075,-0.77553236,-0.38382453,0.015623229,-1.1391137,0.087749764,1.1401227,-0.49056402,0.52303344,1.8656087,-0.4367258,0.3053916,1.5028657,-0.58754927,0.087749764,-0.020646913,-0.49936622
