frame,Ankle.R_x,Ankle.R_y,Ankle.R_z,Knee.R_x,Knee.R_y,Knee.R_z,Hip.R_x,Hip.R_y,Hip.R_z,Hip.L_x,Hip.L_y,Hip.L_z,Knee.L_x,Knee.L_y,Knee.L_z,Ankle.L_x,Ankle.L_y,Ankle.L_z,Wrist.R_x,Wrist.R_y,Wrist.R_z,Elbow.R_x,Elbow.R_y,Elbow.R_z,Shoulder.R_x,Shoulder.R_y,Shoulder.R_z,Shoulder.L_x,Shoulder.L_y,Shoulder.L_z,Elbow.L_x,Elbow.L_y,Elbow.L_z,Wrist.L_x,Wrist.L_y,Wrist.L_z,Neck_x,Neck_y,Neck_z,Head_x,Head_y,Head_z,Nose_x,Nose_y,Nose_z,hip.Center_x,hip.Center_y,hip.Center_z
0,-0.061890133,-1.779657,-1.2807138,-0.1000619,-0.9400252,-0.6438929,-0.13821936,-0.024078498,-0.38089424,0.28159666,-0.024078498,-0.6159035,0.31975412,-0.90186775,-0.8118119,0.28159666,-1.779657,-1.3715982,-0.44354916,0.014093032,-0.30932003,-0.44354916,0.54839504,-0.47869852,-0.32904863,1.1590403,-0.34512973,0.35792542,1.1590403,-0.6697876,0.43425417,0.58656657,-0.28672767,0.5105834,0.09042179,0.005357504,0.014438622,1.1590403,-0.55651563,0.16709614,1.9223291,-0.61772454,0.090767376,1.5406846,-0.56073755,0.071688645,-0.024078498,-0.49942362
