frame,Ankle.R_x,Ankle.R_y,Ankle.R_z,Knee.R_x,Knee.R_y,Knee.R_z,Hip.R_x,Hip.R_y,Hip.R_z,Hip.L_x,Hip.L_y,Hip.L_z,Knee.L_x,Knee.L_y,Knee.L_z,Ankle.L_x,Ankle.L_y,Ankle.L_z,Wrist.R_x,Wrist.R_y,Wrist.R_z,Elbow.R_x,Elbow.R_y,Elbow.R_z,Shoulder.R_x,Shoulder.R_y,Shoulder.R_z,Shoulder.L_x,Shoulder.L_y,Shoulder.L_z,Elbow.L_x,Elbow.L_y,Elbow.L_z,Wrist.L_x,Wrist.L_y,Wrist.L_z,Neck_x,Neck_y,Neck_z,Head_x,Head_y,Head_z,Nose_x,Nose_y,Nose_z,hip.Center_x,hip.Center_y,hip.Center_z
0,-0.106925674,-1.8172649,-0.6226576,0.052274518,-1.198152,-0.37325513,0.016883187,-0.030690495,-0.54500854,0.15839607,0.004683193,-0.45827523,0.052274518,-1.1627778,-0.41028723,1.0074747,-1.3042911,-0.61654407,0.12302285,-0.066064656,-0.4164767,-0.2307517,0.6414837,-0.5087233,-0.0184905,1.3844225,-0.46711558,0.08764868,1.3844225,-0.51531565,-0.16000384,0.60610956,-0.7370057,0.15839607,-0.030690495,-0.83133245,0.034578614,1.3844225,-0.3970483,0.7775181,1.8797266,-0.45677578,0.4060486,1.6320746,-0.40614417,0.08763962,-0.013003413,-0.5006524
