frame,Ankle.R_x,Ankle.R_y,Ankle.R_z,Knee.R_x,Knee.R_y,Knee.R_z,Hip.R_x,Hip.R_y,Hip.R_z,Hip.L_x,Hip.L_y,Hip.L_z,Knee.L_x,Knee.L_y,Knee.L_z,Ankle.L_x,Ankle.L_y,Ankle.L_z,Wrist.R_x,Wrist.R_y,Wrist.R_z,Elbow.R_x,Elbow.R_y,Elbow.R_z,Shoulder.R_x,Shoulder.R_y,Shoulder.R_z,Shoulder.L_x,Shoulder.L_y,Shoulder.L_z,Elbow.L_x,Elbow.L_y,Elbow.L_z,Wrist.L_x,Wrist.L_y,Wrist.L_z,Neck_x,Neck_y,Neck_z,Head_x,Head_y,Head_z,Nose_x,Nose_y,Nose_z,hip.Center_x,hip.Center_y,hip.Center_z
0,-0.0278145,-1.9209461,0.22546512,0.1436323,-1.0294356,0.047908545,0.10934294,-0.03507184,-0.43771145,0.07505358,-0.0007824786,-0.563427,0.1436323,-0.9951613,-0.6771884,-0.0278145,-1.8866568,-1.0060549,0.4865116,0.13636018,-0.49482405,0.07505358,0.61639714,-0.388935,0.07505358,1.2678816,-0.47794685,-0.062104337,1.2335923,-0.55858046,0.04076422,0.58212304,-0.85069406,0.4865116,0.10207082,-0.693316,0.006474383,1.2507368,-0.5192909,0.76081216,1.9022363,-0.67671174,0.3836435,1.5764866,-0.6078112,0.09219826,-0.017927397,-0.5013269
