frame,Ankle.R_x,Ankle.R_y,Ankle.R_z,Knee.R_x,Knee.R_y,Knee.R_z,Hip.R_x,Hip.R_y,Hip.R_z,Hip.L_x,Hip.L_y,Hip.L_z,Knee.L_x,Knee.L_y,Knee.L_z,Ankle.L_x,Ankle.L_y,Ankle.L_z,Wrist.R_x,Wrist.R_y,Wrist.R_z,Elbow.R_x,Elbow.R_y,Elbow.R_z,Shoulder.R_x,Shoulder.R_y,Shoulder.R_z,Shoulder.L_x,Shoulder.L_y,Shoulder.L_z,Elbow.L_x,Elbow.L_y,Elbow.L_z,Wrist.L_x,Wrist.L_y,Wrist.L_z,Neck_x,Neck_y,Neck_z,Head_x,Head_y,Head_z,Nose_x,Nose_y,Nose_z,hip.Center_x,hip.Center_y,hip.Center_z
0,-0.082759745,-1.5368623,-0.10993284,-0.6384615,-0.6819318,-0.040985763,-0.040003188,0.0020062253,-0.6328121,0.17372954,-0.04073388,-0.3610747,0.1309725,-1.1948932,-0.55732083,0.25920928,-2.1780603,-0.69696844,-0.1254996,0.044762544,-0.2849697,0.08823263,0.5577077,-0.71559715,0.1309725,1.3271419,-0.8086272,0.30196536,1.3271419,-0.48461238,0.30196536,0.5577077,-0.3212536,0.0027366802,-0.0834902,-0.22005525,0.2164694,1.3271419,-0.6566777,-0.55298126,1.9255999,-0.68836105,-0.16825616,1.6263709,-0.7155798,0.06686317,-0.019363947,-0.49818948
