frame,Ankle.R_x,Ankle.R_y,Ankle.R_z,Knee.R_x,Knee.R_y,Knee.R_z,Hip.R_x,Hip.R_y,Hip.R_z,Hip.L_x,Hip.L_y,Hip.L_z,Knee.L_x,Knee.L_y,Knee.L_z,Ankle.L_x,Ankle.L_y,Ankle.L_z,Wrist.R_x,Wrist.R_y,Wrist.R_z,Elbow.R_x,Elbow.R_y,Elbow.R_z,Shoulder.R_x,Shoulder.R_y,Shoulder.R_z,Shoulder.L_x,Shoulder.L_y,Shoulder.L_z,Elbow.L_x,Elbow.L_y,Elbow.L_z,Wrist.L_x,Wrist.L_y,Wrist.L_z,Neck_x,Neck_y,Neck_z,Head_x,Head_y,Head_z,Nose_x,Nose_y,Nose_z,hip.Center_x,hip.Center_y,hip.Center_z
0,-0.14749044,-1.7136776,-1.2617412,-0.18258709,-0.9063134,-0.4709658,-0.14749044,-0.028741855,-0.49883866,0.27374035,-0.028741855,-0.50756204,0.27374035,-0.9063134,-0.60373074,0.27374035,-1.6785667,-1.3391778,-0.3932094,0.07656239,-0.08456853,-0.35809892,0.60309696,-0.37618718,-0.25279468,1.1647422,-0.40769655,0.44926554,1.1647422,-0.6298081,0.51945883,0.60309696,-0.29861826,0.51945883,0.041451674,-0.114522636,0.09823567,1.1647422,-0.5819085,0.16844326,2.007203,-0.69152486,0.13333899,1.5859727,-0.60518265,0.06312519,-0.028741855,-0.49792612
