frame,Ankle.R_x,Ankle.R_y,Ankle.R_z,Knee.R_x,Knee.R_y,Knee.R_z,Hip.R_x,Hip.R_y,Hip.R_z,Hip.L_x,Hip.L_y,Hip.L_z,Knee.L_x,Knee.L_y,Knee.L_z,Ankle.L_x,Ankle.L_y,Ankle.L_z,Wrist.R_x,Wrist.R_y,Wrist.R_z,Elbow.R_x,Elbow.R_y,Elbow.R_z,Shoulder.R_x,Shoulder.R_y,Shoulder.R_z,Shoulder.L_x,Shoulder.L_y,Shoulder.L_z,Elbow.L_x,Elbow.L_y,Elbow.L_z,Wrist.L_x,Wrist.L_y,Wrist.L_z,Neck_x,Neck_y,Neck_z,Head_x,Head_y,Head_z,Nose_x,Nose_y,Nose_z,hip.Center_x,hip.Center_y,hip.Center_z
0,-0.083998844,-1.718882,-0.35380757,0.06753476,-1.1969527,-0.027222037,0.06753476,-0.018372634,-0.41977406,0.10120709,-0.018372634,-0.58542377,0.10120709,-1.1295913,-0.6279665,0.033862904,-1.6683654,-0.67610073,0.23589642,-0.018372634,-0.47651488,-0.100826904,0.65508974,-0.41449276,0.00019009411,1.3622248,-0.47173703,-0.03348224,1.3622248,-0.6241302,-0.100826904,0.5877453,-0.84459406,0.23589642,0.082644366,-0.613928,-0.016646072,1.3622248,-0.4950338,0.75785,1.9683589,-0.5664034,0.37060195,1.6652919,-0.57457507,0.084370926,-0.018372634,-0.5025101
