frame,Ankle.R_x,Ankle.R_y,Ankle.R_z,Knee.R_x,Knee.R_y,Knee.R_z,Hip.R_x,Hip.R_y,Hip.R_z,Hip.L_x,Hip.L_y,Hip.L_z,Knee.L_x,Knee.L_y,Knee.L_z,Ankle.L_x,Ankle.L_y,Ankle.L_z,Wrist.R_x,Wrist.R_y,Wrist.R_z,Elbow.R_x,Elbow.R_y,Elbow.R_z,Shoulder.R_x,Shoulder.R_y,Shoulder.R_z,Shoulder.L_x,Shoulder.L_y,Shoulder.L_z,Elbow.L_x,Elbow.L_y,Elbow.L_z,Wrist.L_x,Wrist.L_y,Wrist.L_z,Neck_x,Neck_y,Neck_z,Head_x,Head_y,Head_z,Nose_x,Nose_y,Nose_z,hip.Center_x,hip.Center_y,hip.Center_z
0,-0.10185016,-1.7255799,-0.6454887,0.03649985,-1.241378,-0.04174286,0.0019167587,-0.030840497,-0.4181009,0.17483366,0.003743072,-0.58947945,0.03649985,-1.1721946,-0.35597622,-0.0326835,-1.6909963,-0.8626711,0.07108342,-0.06544051,-0.44550422,-0.24020112,0.626295,-0.48728257,-0.0326835,1.3526144,-0.4304478,0.03649985,1.3526144,-0.6843073,-0.20560086,0.59171164,-0.9061084,0.10566699,0.07290997,-0.63345176,0.0019081756,1.3526144,-0.46432102,0.7628273,1.9059829,-0.50297105,0.3823675,1.6292987,-0.40122673,0.088374965,-0.013548712,-0.50298613
