frame,Ankle.R_x,Ankle.R_y,Ankle.R_z,Knee.R_x,Knee.R_y,Knee.R_z,Hip.R_x,Hip.R_y,Hip.R_z,Hip.L_x,Hip.L_y,Hip.L_z,Knee.L_x,Knee.L_y,Knee.L_z,Ankle.L_x,Ankle.L_y,Ankle.L_z,Wrist.R_x,Wrist.R_y,Wrist.R_z,Elbow.R_x,Elbow.R_y,Elbow.R_z,Shoulder.R_x,Shoulder.R_y,Shoulder.R_z,Shoulder.L_x,Shoulder.L_y,Shoulder.L_z,Elbow.L_x,Elbow.L_y,Elbow.L_z,Wrist.L_x,Wrist.L_y,Wrist.L_z,Neck_x,Neck_y,Neck_z,Head_x,Head_y,Head_z,Nose_x,Nose_y,Nose_z,hip.Center_x,hip.Center_y,hip.Center_z
0,0.19975065,-1.8125322,-0.5862959,0.2720778,-0.94451,-0.65173745,0.2720778,-0.040331595,-0.30096725,-0.12575604,-0.004161114,-0.70454437,-0.053428903,-0.872169,-1.3066338,-0.08958556,-1.7401907,-0.9976165,0.7784226,0.03200961,-1.1811779,0.597584,0.53835464,-0.7431474,0.45291638,1.153197,-0.3770178,-0.198097,1.153197,-0.6740516,-0.3427651,0.5745251,-0.86006606,-0.3427651,0.06818009,-1.2108266,0.12740968,1.153197,-0.53290707,0.6337683,1.8042101,-0.49194774,0.38058925,1.4787035,-0.5972711,0.07316087,-0.022246355,-0.5002358
