frame,Ankle.R_x,Ankle.R_y,Ankle.R_z,Knee.R_x,Knee.R_y,Knee.R_z,Hip.R_x,Hip.R_y,Hip.R_z,Hip.L_x,Hip.L_y,Hip.L_z,Knee.L_x,Knee.L_y,Knee.L_z,Ankle.L_x,Ankle.L_y,Ankle.L_z,Wrist.R_x,Wrist.R_y,Wrist.R_z,Elbow.R_x,Elbow.R_y,Elbow.R_z,Shoulder.R_x,Shoulder.R_y,Shoulder.R_z,Shoulder.L_x,Shoulder.L_y,Shoulder.L_z,Elbow.L_x,Elbow.L_y,Elbow.L_z,Wrist.L_x,Wrist.L_y,Wrist.L_z,Neck_x,Neck_y,Neck_z,Head_x,Head_y,Head_z,Nose_x,Nose_y,Nose_z,hip.Center_x,hip.Center_y,hip.Center_z
0,0.07542054,-2.154836,0.13717103,-0.047137573,-1.174403,-0.026171446,-0.16969617,-0.07139541,-0.29174846,0.27968377,0.05116271,-0.67727137,0.4022419,-0.1122482,-0.68410826,0.4022419,-1.0109918,-0.84904516,-0.49650127,-0.15310074,-0.3988057,-0.49650127,0.45967388,-0.4132196,-0.41479617,1.154154,-0.12896276,0.36138934,1.2358594,-0.6133332,0.5248005,0.582232,0.0008250475,0.68819493,-0.030542862,0.24022013,-0.02670367,1.1950067,-0.35628366,-0.06757195,2.0937665,-0.4572408,-0.047137573,1.6443866,-0.5080506,0.054993793,-0.010116351,-0.5019285
