frame,Ankle.R_x,Ankle.R_y,Ankle.R_z,Knee.R_x,Knee.R_y,Knee.R_z,Hip.R_x,Hip.R_y,Hip.R_z,Hip.L_x,Hip.L_y,Hip.L_z,Knee.L_x,Knee.L_y,Knee.L_z,Ankle.L_x,Ankle.L_y,Ankle.L_z,Wrist.R_x,Wrist.R_y,Wrist.R_z,Elbow.R_x,Elbow.R_y,Elbow.R_z,Shoulder.R_x,Shoulder.R_y,Shoulder.R_z,Shoulder.L_x,Shoulder.L_y,Shoulder.L_z,Elbow.L_x,Elbow.L_y,Elbow.L_z,Wrist.L_x,Wrist.L_y,Wrist.L_z,Neck_x,Neck_y,Neck_z,Head_x,Head_y,Head_z,Nose_x,Nose_y,Nose_z,hip.Center_x,hip.Center_y,hip.Center_z
0,-0.04941217,-1.6801376,-0.4828403,0.06677016,-1.1324296,0.1338051,0.033564173,-0.037013564,-0.4557101,0.13315162,-0.0038071014,-0.54169357,0.2659298,-1.0992389,-0.268972,0.21614417,-1.6801376,-1.0040027,0.23273954,0.029383387,-0.64098835,-0.099213995,0.6600837,-0.4316372,0.033564173,1.3571655,-0.4160298,-0.03281728,1.3903561,-0.56817573,-0.03281728,0.69327444,-0.89201015,0.23273954,0.09576461,-0.83523494,0.00037344545,1.3737608,-0.40947294,0.7970424,1.8716829,-0.5189429,0.39870843,1.6227218,-0.45435217,0.08335789,-0.020410333,-0.5033699
