frame,Ankle.R_x,Ankle.R_y,Ankle.R_z,Knee.R_x,Knee.R_y,Knee.R_z,Hip.R_x,Hip.R_y,Hip.R_z,Hip.L_x,Hip.L_y,Hip.L_z,Knee.L_x,Knee.L_y,Knee.L_z,Ankle.L_x,Ankle.L_y,Ankle.L_z,Wrist.R_x,Wrist.R_y,Wrist.R_z,Elbow.R_x,Elbow.R_y,Elbow.R_z,Shoulder.R_x,Shoulder.R_y,Shoulder.R_z,Shoulder.L_x,Shoulder.L_y,Shoulder.L_z,Elbow.L_x,Elbow.L_y,Elbow.L_z,Wrist.L_x,Wrist.L_y,Wrist.L_z,Neck_x,Neck_y,Neck_z,Head_x,Head_y,Head_z,Nose_x,Nose_y,Nose_z,hip.Center_x,hip.Center_y,hip.Center_z
0,-0.20192131,-1.8700565,-1.1073935,-0.09323057,-0.96434945,-0.5617693,-0.09323057,-0.022417003,-0.35102427,0.2690517,-0.022417003,-0.64399195,0.23282686,-0.96434945,-0.9092938,0.19658676,-1.8338169,-1.5608895,-0.27437243,0.013808316,-0.3420999,-0.38306317,0.593458,-0.42929432,-0.23814711,1.2093332,-0.3149621,0.34150282,1.1368824,-0.691577,0.37772813,0.593458,-0.4778103,0.5226442,0.013808316,-0.28873456,0.05167786,1.1731079,-0.5210414,0.48642603,1.8976735,-0.5676196,0.2690517,1.5353906,-0.5289394,0.08791033,-0.022417003,-0.5001759
