frame,Ankle.R_x,Ankle.R_y,Ankle.R_z,Knee.R_x,Knee.R_y,Knee.R_z,Hip.R_x,Hip.R_y,Hip.R_z,Hip.L_x,Hip.L_y,Hip.L_z,Knee.L_x,Knee.L_y,Knee.L_z,Ankle.L_x,Ankle.L_y,Ankle.L_z,Wrist.R_x,Wrist.R_y,Wrist.R_z,Elbow.R_x,Elbow.R_y,Elbow.R_z,Shoulder.R_x,Shoulder.R_y,Shoulder.R_z,Shoulder.L_x,Shoulder.L_y,Shoulder.L_z,Elbow.L_x,Elbow.L_y,Elbow.L_z,Wrist.L_x,Wrist.L_y,Wrist.L_z,Neck_x,Neck_y,Neck_z,Head_x,Head_y,Head_z,Nose_x,Nose_y,Nose_z,hip.Center_x,hip.Center_y,hip.Center_z
0,0.20004103,-1.8090236,-0.15222597,0.27174398,-0.9486892,-0.2532195,0.3075883,-0.01666615,-0.4127897,-0.12257125,-0.01666615,-0.5875749,-0.1942747,-0.9486892,-0.99747396,-0.23011854,-1.8448675,-1.1805375,0.6302154,0.019178176,-1.2426116,0.6302154,0.5210409,-0.8999597,0.48682424,1.0945925,-0.49035466,-0.23011854,1.1304368,-0.4806251,-0.37351015,0.5210409,-0.74785507,-0.37351015,0.09086683,-1.1872079,0.12835285,1.1125146,-0.48204088,-0.3018072,1.8653018,-0.39249173,-0.0867274,1.4889082,-0.60335296,0.09250853,-0.01666615,-0.50045377
