frame,Ankle.R_x,Ankle.R_y,Ankle.R_z,Knee.R_x,Knee.R_y,Knee.R_z,Hip.R_x,Hip.R_y,Hip.R_z,Hip.L_x,Hip.L_y,Hip.L_z,Knee.L_x,Knee.L_y,Knee.L_z,Ankle.L_x,Ankle.L_y,Ankle.L_z,Wrist.R_x,Wrist.R_y,Wrist.R_z,Elbow.R_x,Elbow.R_y,Elbow.R_z,Shoulder.R_x,Shoulder.R_y,Shoulder.R_z,Shoulder.L_x,Shoulder.L_y,Shoulder.L_z,Elbow.L_x,Elbow.L_y,Elbow.L_z,Wrist.L_x,Wrist.L_y,Wrist.L_z,Neck_x,Neck_y,Neck_z,Head_x,Head_y,Head_z,Nose_x,Nose_y,Nose_z,hip.Center_x,hip.Center_y,hip.Center_z
0,-0.049846075,-1.7882093,-1.1072187,-0.088179015,-0.94461095,-0.4105289,-0.12652531,-0.024304995,-0.42511928,0.2569271,-0.024304995,-0.5762053,0.2569271,-0.9062642,-0.6023146,0.2569271,-1.7882093,-1.3058369,-0.31825867,0.05237376,-0.32146186,-0.47164527,0.589213,-0.43446228,-0.31825867,1.1643987,-0.34041,0.2569271,1.1643987,-0.6834484,0.33362016,0.6275598,-0.45671147,0.44864568,0.12906705,-0.1984263,-0.030665778,1.1643987,-0.5478436,0.39113292,2.0079968,-0.6703834,0.18023357,1.5861977,-0.58572733,0.0652009,-0.024304995,-0.49953896
