frame,Ankle.R_x,Ankle.R_y,Ankle.R_z,Knee.R_x,Knee.R_y,Knee.R_z,Hip.R_x,Hip.R_y,Hip.R_z,Hip.L_x,Hip.L_y,Hip.L_z,Knee.L_x,Knee.L_y,Knee.L_z,Ankle.L_x,Ankle.L_y,Ankle.L_z,Wrist.R_x,Wrist.R_y,Wrist.R_z,Elbow.R_x,Elbow.R_y,Elbow.R_z,Shoulder.R_x,Shoulder.R_y,Shoulder.R_z,Shoulder.L_x,Shoulder.L_y,Shoulder.L_z,Elbow.L_x,Elbow.L_y,Elbow.L_z,Wrist.L_x,Wrist.L_y,Wrist.L_z,Neck_x,Neck_y,Neck_z,Head_x,Head_y,Head_z,Nose_x,Nose_y,Nose_z,hip.Center_x,hip.Center_y,hip.Center_z
0,0.025772795,-1.7025775,-0.9701718,-0.083489195,-0.90137374,-0.43099755,-0.15632607,-0.06374469,-0.44950742,0.24428295,0.009092189,-0.54885644,0.31711936,-0.8649484,-0.7629354,0.38995624,-1.7025775,-1.2299614,-0.6297715,0.009092189,-0.31816262,-0.5205095,0.55537426,-0.48018128,-0.41126132,1.1016564,-0.37213045,0.24428295,1.1744932,-0.5397844,0.42636752,0.70104766,-0.10789913,0.38995624,0.11835394,0.14910597,-0.083489195,1.1380749,-0.47824454,-0.22916247,1.9392786,-0.50383806,-0.15632607,1.5386767,-0.48931757,0.043978438,-0.027326249,-0.499412
