frame,Ankle.R_x,Ankle.R_y,Ankle.R_z,Knee.R_x,Knee.R_y,Knee.R_z,Hip.R_x,Hip.R_y,Hip.R_z,Hip.L_x,Hip.L_y,Hip.L_z,Knee.L_x,Knee.L_y,Knee.L_z,Ankle.L_x,Ankle.L_y,Ankle.L_z,Wrist.R_x,Wrist.R_y,Wrist.R_z,Elbow.R_x,Elbow.R_y,Elbow.R_z,Shoulder.R_x,Shoulder.R_y,Shoulder.R_z,Shoulder.L_x,Shoulder.L_y,Shoulder.L_z,Elbow.L_x,Elbow.L_y,Elbow.L_z,Wrist.L_x,Wrist.L_y,Wrist.L_z,Neck_x,Neck_y,Neck_z,Head_x,Head_y,Head_z,Nose_x,Nose_y,Nose_z,hip.Center_x,hip.Center_y,hip.Center_z
0,-0.07103943,-1.7419367,-0.5470362,0.049346693,-1.0712595,0.08539945,0.049346693,-0.03945584,-0.5002676,0.15253043,-0.005066583,-0.5051727,0.08373619,-1.03687,-0.2817013,-0.019447558,-1.6903448,-0.8253571,0.08373619,-0.005066583,-0.5497276,-0.15702033,0.648408,-0.4284329,-0.053836577,1.3362714,-0.49297532,0.014957674,1.3362714,-0.62407523,0.049346693,0.5796135,-0.8136133,0.32449222,0.063711695,-0.41671276,-0.019439451,1.3362714,-0.4908322,0.7372024,2.1617079,-0.6967422,0.3588817,1.7489897,-0.55642503,0.100938566,-0.022261092,-0.50273865
