frame,Ankle.R_x,Ankle.R_y,Ankle.R_z,Knee.R_x,Knee.R_y,Knee.R_z,Hip.R_x,Hip.R_y,Hip.R_z,Hip.L_x,Hip.L_y,Hip.L_z,Knee.L_x,Knee.L_y,Knee.L_z,Ankle.L_x,Ankle.L_y,Ankle.L_z,Wrist.R_x,Wrist.R_y,Wrist.R_z,Elbow.R_x,Elbow.R_y,Elbow.R_z,Shoulder.R_x,Shoulder.R_y,Shoulder.R_z,Shoulder.L_x,Shoulder.L_y,Shoulder.L_z,Elbow.L_x,Elbow.L_y,Elbow.L_z,Wrist.L_x,Wrist.L_y,Wrist.L_z,Neck_x,Neck_y,Neck_z,Head_x,Head_y,Head_z,Nose_x,Nose_y,Nose_z,hip.Center_x,hip.Center_y,hip.Center_z
0,0.40736884,-1.8128974,-0.7999638,0.33563584,-0.9160821,-0.71844214,0.29976195,-0.01925225,-0.39173442,-0.16659719,-0.01925225,-0.6067844,-0.09484989,-0.95195574,-1.0896695,-0.023102112,-1.8128974,-0.71480167,0.51499003,0.088368945,-1.1851327,0.51499003,0.55471355,-0.8477606,0.33563584,1.1645532,-0.46787602,-0.34595186,1.1286794,-0.5178944,-0.41769916,0.482966,-0.75074613,-0.45357305,-0.01925225,-1.0663261,-0.005157776,1.1466163,-0.48770106,-0.39978343,1.8281891,-0.41437346,-0.20247108,1.4874027,-0.6074769,0.066582374,-0.01925225,-0.49962136
