frame,Ankle.R_x,Ankle.R_y,Ankle.R_z,Knee.R_x,Knee.R_y,Knee.R_z,Hip.R_x,Hip.R_y,Hip.R_z,Hip.L_x,Hip.L_y,Hip.L_z,Knee.L_x,Knee.L_y,Knee.L_z,Ankle.L_x,Ankle.L_y,Ankle.L_z,Wrist.R_x,Wrist.R_y,Wrist.R_z,Elbow.R_x,Elbow.R_y,Elbow.R_z,Shoulder.R_x,Shoulder.R_y,Shoulder.R_z,Shoulder.L_x,Shoulder.L_y,Shoulder.L_z,Elbow.L_x,Elbow.L_y,Elbow.L_z,Wrist.L_x,Wrist.L_y,Wrist.L_z,Neck_x,Neck_y,Neck_z,Head_x,Head_y,Head_z,Nose_x,Nose_y,Nose_z,hip.Center_x,hip.Center_y,hip.Center_z
0,-0.0637829,-1.784181,-1.2047329,-0.10009262,-0.949243,-0.5005493,-0.13638756,-0.041700535,-0.39028996,0.26291922,-0.005404884,-0.6082566,0.26291922,-0.9129476,-0.8315035,0.26291922,-1.7478708,-1.523199,-0.39049885,0.03089053,-0.3249905,-0.4993994,0.57542163,-0.43924233,-0.35420343,1.1562486,-0.32196134,0.26291922,1.1562486,-0.63993806,0.33552387,0.648027,-0.3428171,0.48073414,0.10349543,-0.116241276,-0.045642108,1.1562486,-0.5045141,0.3536785,1.9548622,-0.5689422,0.15401867,1.5555553,-0.5021007,0.06326559,-0.023552591,-0.49976826
