frame,Ankle.R_x,Ankle.R_y,Ankle.R_z,Knee.R_x,Knee.R_y,Knee.R_z,Hip.R_x,Hip.R_y,Hip.R_z,Hip.L_x,Hip.L_y,Hip.L_z,Knee.L_x,Knee.L_y,Knee.L_z,Ankle.L_x,Ankle.L_y,Ankle.L_z,Wrist.R_x,Wrist.R_y,Wrist.R_z,Elbow.R_x,Elbow.R_y,Elbow.R_z,Shoulder.R_x,Shoulder.R_y,Shoulder.R_z,Shoulder.L_x,Shoulder.L_y,Shoulder.L_z,Elbow.L_x,Elbow.L_y,Elbow.L_z,Wrist.L_x,Wrist.L_y,Wrist.L_z,Neck_x,Neck_y,Neck_z,Head_x,Head_y,Head_z,Nose_x,Nose_y,Nose_z,hip.Center_x,hip.Center_y,hip.Center_z
0,0.33931684,-1.4631696,-0.1657077,1.0364146,-0.61114836,-0.08718157,0.106939785,0.0084958365,-0.23210904,0.06822156,-0.030239314,-0.7726426,0.06822156,-1.1146207,-0.86006796,-0.08670188,-2.2377205,-0.81612587,0.106939785,0.04723099,-0.300731,-0.28032684,0.6668749,-0.24823621,-0.047966488,1.3639725,-0.31566525,0.06822156,1.3252542,-0.91069967,0.106939785,0.58942175,-0.88109016,0.2618637,0.04723099,-0.5107695,0.010127537,1.3446134,-0.6018432,0.8234134,1.8480859,-0.6646918,0.41677046,1.5963496,-0.56567025,0.08758067,-0.010871858,-0.5004359
