frame,Ankle.R_x,Ankle.R_y,Ankle.R_z,Knee.R_x,Knee.R_y,Knee.R_z,Hip.R_x,Hip.R_y,Hip.R_z,Hip.L_x,Hip.L_y,Hip.L_z,Knee.L_x,Knee.L_y,Knee.L_z,Ankle.L_x,Ankle.L_y,Ankle.L_z,Wrist.R_x,Wrist.R_y,Wrist.R_z,Elbow.R_x,Elbow.R_y,Elbow.R_z,Shoulder.R_x,Shoulder.R_y,Shoulder.R_z,Shoulder.L_x,Shoulder.L_y,Shoulder.L_z,Elbow.L_x,Elbow.L_y,Elbow.L_z,Wrist.L_x,Wrist.L_y,Wrist.L_z,Neck_x,Neck_y,Neck_z,Head_x,Head_y,Head_z,Nose_x,Nose_y,Nose_z,hip.Center_x,hip.Center_y,hip.Center_z
0,-0.4162798,-1.9559845,-0.19074786,0.07329702,-1.089805,-0.0171355,0.07329702,-0.035347342,-0.47826248,0.11094903,0.0023051482,-0.5197241,0.07329702,-1.089805,-0.41475075,0.03562879,-2.0689578,-0.9199711,0.14861727,-0.035347342,-0.48620233,-0.0773449,0.6425227,-0.5333984,-0.0020237043,1.2827247,-0.55690426,-0.0020237043,1.2827247,-0.6039248,-0.0020237043,0.6048547,-0.76965,0.18626976,-0.035347342,-0.4933924,-0.0020237043,1.2827247,-0.5554265,0.6758461,1.960595,-0.7461185,0.3369112,1.6216599,-0.6218306,0.092123024,-0.016521098,-0.5025978
