frame,Ankle.R_x,Ankle.R_y,Ankle.R_z,Knee.R_x,Knee.R_y,Knee.R_z,Hip.R_x,Hip.R_y,Hip.R_z,Hip.L_x,Hip.L_y,Hip.L_z,Knee.L_x,Knee.L_y,Knee.L_z,Ankle.L_x,Ankle.L_y,Ankle.L_z,Wrist.R_x,Wrist.R_y,Wrist.R_z,Elbow.R_x,Elbow.R_y,Elbow.R_z,Shoulder.R_x,Shoulder.R_y,Shoulder.R_z,Shoulder.L_x,Shoulder.L_y,Shoulder.L_z,Elbow.L_x,Elbow.L_y,Elbow.L_z,Wrist.L_x,Wrist.L_y,Wrist.L_z,Neck_x,Neck_y,Neck_z,Head_x,Head_y,Head_z,Nose_x,Nose_y,Nose_z,hip.Center_x,hip.Center_y,hip.Center_z
0,0.19256763,-2.077886,-0.39015,0.020857617,-1.0476257,-0.5106745,0.020857617,-0.017365808,-0.6731704,0.10672073,-0.017365808,-0.3161977,-0.4084093,-0.96177876,-0.5083364,0.10672073,-1.9490992,-0.18130195,-0.1508524,0.06848133,-0.47011855,0.06378107,0.6265348,-0.45178485,0.10672073,1.3133749,-0.68259877,0.14964418,1.3133749,-0.5120121,0.23549108,0.6265348,-0.29916862,-0.06498928,-0.017365808,-0.22089922,0.1281827,1.3133749,-0.60460746,-0.6874606,1.7426417,-0.6203257,-0.27963895,1.5280083,-0.7131784,0.063789174,-0.017365808,-0.49697313
