frame,Ankle.R_x,Ankle.R_y,Ankle.R_z,Knee.R_x,Knee.R_y,Knee.R_z,Hip.R_x,Hip.R_y,Hip.R_z,Hip.L_x,Hip.L_y,Hip.L_z,Knee.L_x,Knee.L_y,Knee.L_z,Ankle.L_x,Ankle.L_y,Ankle.L_z,Wrist.R_x,Wrist.R_y,Wrist.R_z,Elbow.R_x,Elbow.R_y,Elbow.R_z,Shoulder.R_x,Shoulder.R_y,Shoulder.R_z,Shoulder.L_x,Shoulder.L_y,Shoulder.L_z,Elbow.L_x,Elbow.L_y,Elbow.L_z,Wrist.L_x,Wrist.L_y,Wrist.L_z,Neck_x,Neck_y,Neck_z,Head_x,Head_y,Head_z,Nose_x,Nose_y,Nose_z,hip.Center_x,hip.Center_y,hip.Center_z
0,-0.113148145,-1.7785599,-1.1113713,-0.15133423,-0.90032476,-0.54318506,-0.15133423,-0.022089668,-0.51918644,0.30688292,-0.022089668,-0.48171118,0.26869732,-0.93851084,-0.72783035,0.26869732,-1.7785599,-1.312278,-0.38043636,0.05428224,-0.00036361814,-0.3422503,0.58885795,-0.3322534,-0.26587814,1.1616191,-0.46453634,0.4596129,1.1616191,-0.5848191,0.53598505,0.5506719,-0.26169503,0.53598505,0.016096406,-0.008278489,0.09686715,1.1616191,-0.58547634,0.05866725,1.9253106,-0.73030657,0.07776696,1.5434648,-0.6019708,0.07777459,-0.022089668,-0.49740678
