frame,Ankle.R_x,Ankle.R_y,Ankle.R_z,Knee.R_x,Knee.R_y,Knee.R_z,Hip.R_x,Hip.R_y,Hip.R_z,Hip.L_x,Hip.L_y,Hip.L_z,Knee.L_x,Knee.L_y,Knee.L_z,Ankle.L_x,Ankle.L_y,Ankle.L_z,Wrist.R_x,Wrist.R_y,Wrist.R_z,Elbow.R_x,Elbow.R_y,Elbow.R_z,Shoulder.R_x,Shoulder.R_y,Shoulder.R_z,Shoulder.L_x,Shoulder.L_y,Shoulder.L_z,Elbow.L_x,Elbow.L_y,Elbow.L_z,Wrist.L_x,Wrist.L_y,Wrist.L_z,Neck_x,Neck_y,Neck_z,Head_x,Head_y,Head_z,Nose_x,Nose_y,Nose_z,hip.Center_x,hip.Center_y,hip.Center_z
0,0.21855903,-1.8901879,-0.39912632,0.29264283,-0.96415293,-0.4917924,0.29264283,-0.038118258,-0.3213934,-0.15186048,-0.0010763537,-0.68198013,-0.07777619,-0.927111,-1.1404315,-0.07777619,-1.7790619,-0.9600962,0.7001045,0.07300769,-1.2502599,0.5889785,0.517511,-0.8133138,0.44081092,1.1101681,-0.37267864,-0.26297212,1.1101681,-0.6213526,-0.37409806,0.517511,-0.8285902,-0.37409806,-0.0010763537,-1.1789123,0.0889194,1.1101681,-0.50184476,0.49636674,1.8510071,-0.4555893,0.29264283,1.4805876,-0.5845386,0.07039094,-0.019597424,-0.4996707
