frame,Ankle.R_x,Ankle.R_y,Ankle.R_z,Knee.R_x,Knee.R_y,Knee.R_z,Hip.R_x,Hip.R_y,Hip.R_z,Hip.L_x,Hip.L_y,Hip.L_z,Knee.L_x,Knee.L_y,Knee.L_z,Ankle.L_x,Ankle.L_y,Ankle.L_z,Wrist.R_x,Wrist.R_y,Wrist.R_z,Elbow.R_x,Elbow.R_y,Elbow.R_z,Shoulder.R_x,Shoulder.R_y,Shoulder.R_z,Shoulder.L_x,Shoulder.L_y,Shoulder.L_z,Elbow.L_x,Elbow.L_y,Elbow.L_z,Wrist.L_x,Wrist.L_y,Wrist.L_z,Neck_x,Neck_y,Neck_z,Head_x,Head_y,Head_z,Nose_x,Nose_y,Nose_z,hip.Center_x,hip.Center_y,hip.Center_z
0,-0.09454784,-1.7248856,-1.6087809,-0.1684967,-0.9114198,-0.7948657,-0.13152942,-0.024005584,-0.47878063,0.27521077,-0.024005584,-0.5233044,0.27521077,-0.98536867,-0.8509842,0.23822919,-1.7988344,-1.4681584,-0.353376,0.12390644,0.072995305,-0.27942714,0.6415625,-0.2761491,-0.1684967,1.1592187,-0.4420785,0.49705735,1.1222512,-0.6513753,0.6079873,0.5306321,-0.43671098,0.6079873,-0.024005584,-0.23641491,0.16428033,1.1407349,-0.6024526,0.23824301,1.9172192,-0.74060607,0.20126191,1.528977,-0.62151206,0.07184067,-0.024005584,-0.4970864
