frame,Ankle.R_x,Ankle.R_y,Ankle.R_z,Knee.R_x,Knee.R_y,Knee.R_z,Hip.R_x,Hip.R_y,Hip.R_z,Hip.L_x,Hip.L_y,Hip.L_z,Knee.L_x,Knee.L_y,Knee.L_z,Ankle.L_x,Ankle.L_y,Ankle.L_z,Wrist.R_x,Wrist.R_y,Wrist.R_z,Elbow.R_x,Elbow.R_y,Elbow.R_z,Shoulder.R_x,Shoulder.R_y,Shoulder.R_z,Shoulder.L_x,Shoulder.L_y,Shoulder.L_z,Elbow.L_x,Elbow.L_y,Elbow.L_z,Wrist.L_x,Wrist.L_y,Wrist.L_z,Neck_x,Neck_y,Neck_z,Head_x,Head_y,Head_z,Nose_x,Nose_y,Nose_z,hip.Center_x,hip.Center_y,hip.Center_z
0,-0.133156,-2.013021,-0.5440585,0.06591779,-1.090014,-0.18220115,0.029721081,-0.040326867,-0.44211477,0.13831073,-0.0041301586,-0.54368716,0.53647405,-0.90903074,-0.2599651,0.17450792,-1.8501439,-0.8416631,0.06591779,-0.040326867,-0.52590823,-0.2236554,0.64740986,-0.3437496,-0.078869045,1.3351306,-0.3450911,0.029721081,1.3351306,-0.74368227,-0.078869045,0.61121315,-0.89058894,0.17450792,-0.040326867,-0.62604904,-0.024573982,1.3351306,-0.52212256,0.7355564,1.9142771,-0.6386642,0.35549098,1.6247039,-0.54430765,0.08401567,-0.022228513,-0.5049045
