frame,Ankle.R_x,Ankle.R_y,Ankle.R_z,Knee.R_x,Knee.R_y,Knee.R_z,Hip.R_x,Hip.R_y,Hip.R_z,Hip.L_x,Hip.L_y,Hip.L_z,Knee.L_x,Knee.L_y,Knee.L_z,Ankle.L_x,Ankle.L_y,Ankle.L_z,Wrist.R_x,Wrist.R_y,Wrist.R_z,Elbow.R_x,Elbow.R_y,Elbow.R_z,Shoulder.R_x,Shoulder.R_y,Shoulder.R_z,Shoulder.L_x,Shoulder.L_y,Shoulder.L_z,Elbow.L_x,Elbow.L_y,Elbow.L_z,Wrist.L_x,Wrist.L_y,Wrist.L_z,Neck_x,Neck_y,Neck_z,Head_x,Head_y,Head_z,Nose_x,Nose_y,Nose_z,hip.Center_x,hip.Center_y,hip.Center_z
0,0.45462012,-1.0660077,-0.215702,1.2377837,-0.20452462,-0.10876638,0.06302095,-0.008724791,-0.18067983,0.1021812,-0.008724791,-0.82575047,0.06302095,-1.1443278,-0.921975,-0.093600504,-2.1624508,-0.7795042,0.14134097,0.10875501,-0.13094151,-0.28940082,0.6569766,-0.09122601,-0.093600504,1.4009978,-0.3485672,0.1021812,1.3618376,-1.0104148,0.14134097,0.6569766,-0.85356313,0.25882077,0.10875501,-0.63672143,0.004289873,1.3814178,-0.71643347,0.8266313,1.8904614,-0.7718557,0.41546035,1.6359396,-0.6544694,0.08260084,-0.008724791,-0.50201714
