frame,Ankle.R_x,Ankle.R_y,Ankle.R_z,Knee.R_x,Knee.R_y,Knee.R_z,Hip.R_x,Hip.R_y,Hip.R_z,Hip.L_x,Hip.L_y,Hip.L_z,Knee.L_x,Knee.L_y,Knee.L_z,Ankle.L_x,Ankle.L_y,Ankle.L_z,Wrist.R_x,Wrist.R_y,Wrist.R_z,Elbow.R_x,Elbow.R_y,Elbow.R_z,Shoulder.R_x,Shoulder.R_y,Shoulder.R_z,Shoulder.L_x,Shoulder.L_y,Shoulder.L_z,Elbow.L_x,Elbow.L_y,Elbow.L_z,Wrist.L_x,Wrist.L_y,Wrist.L_z,Neck_x,Neck_y,Neck_z,Head_x,Head_y,Head_z,Nose_x,Nose_y,Nose_z,hip.Center_x,hip.Center_y,hip.Center_z
0,0.35851806,-1.2840858,-0.25827143,1.1132951,-0.4895895,-0.09286481,0.080451444,-0.012877754,-0.21261176,0.080451444,-0.012877754,-0.79798603,0.080451444,-1.1251936,-0.8805992,-0.038722083,-2.197773,-0.76907384,0.15988965,0.10629601,-0.14677495,-0.23735051,0.66244525,-0.10831645,-0.07845788,1.3377686,-0.3036211,0.12017055,1.3377686,-0.92549884,0.12017055,0.66244525,-0.82621646,0.31879896,0.10629601,-0.6248611,0.020855859,1.3377686,-0.6308936,0.7756509,1.8939347,-0.66024965,0.39825338,1.6158515,-0.57677937,0.080451444,-0.012877754,-0.5005046
