frame,Ankle.R_x,Ankle.R_y,Ankle.R_z,Knee.R_x,Knee.R_y,Knee.R_z,Hip.R_x,Hip.R_y,Hip.R_z,Hip.L_x,Hip.L_y,Hip.L_z,Knee.L_x,Knee.L_y,Knee.L_z,Ankle.L_x,Ankle.L_y,Ankle.L_z,Wrist.R_x,Wrist.R_y,Wrist.R_z,Elbow.R_x,Elbow.R_y,Elbow.R_z,Shoulder.R_x,Shoulder.R_y,Shoulder.R_z,Shoulder.L_x,Shoulder.L_y,Shoulder.L_z,Elbow.L_x,Elbow.L_y,Elbow.L_z,Wrist.L_x,Wrist.L_y,Wrist.L_z,Neck_x,Neck_y,Neck_z,Head_x,Head_y,Head_z,Nose_x,Nose_y,Nose_z,hip.Center_x,hip.Center_y,hip.Center_z
0,-0.0063033104,-1.8208352,-0.009180605,0.11171579,-1.0621423,0.106796145,0.11171579,-0.016833695,-0.46115306,0.07800293,-0.016833695,-0.5390107,0.11171579,-1.0621423,-0.5942114,0.07800293,-1.7702423,-0.8751727,0.34775448,0.050608248,-0.4636926,-0.02316761,0.65756875,-0.4956859,0.07800293,1.2982424,-0.52808166,-0.02316761,1.2982424,-0.5413437,-0.056880474,0.62384015,-0.86970305,0.38146782,0.15176305,-0.71852684,0.027418137,1.2982424,-0.4980451,0.735518,1.9726294,-0.65346575,0.38146782,1.6354359,-0.6362845,0.0948596,-0.016833695,-0.5022306
