frame,Ankle.R_x,Ankle.R_y,Ankle.R_z,Knee.R_x,Knee.R_y,Knee.R_z,Hip.R_x,Hip.R_y,Hip.R_z,Hip.L_x,Hip.L_y,Hip.L_z,Knee.L_x,Knee.L_y,Knee.L_z,Ankle.L_x,Ankle.L_y,Ankle.L_z,Wrist.R_x,Wrist.R_y,Wrist.R_z,Elbow.R_x,Elbow.R_y,Elbow.R_z,Shoulder.R_x,Shoulder.R_y,Shoulder.R_z,Shoulder.L_x,Shoulder.L_y,Shoulder.L_z,Elbow.L_x,Elbow.L_y,Elbow.L_z,Wrist.L_x,Wrist.L_y,Wrist.L_z,Neck_x,Neck_y,Neck_z,Head_x,Head_y,Head_z,Nose_x,Nose_y,Nose_z,hip.Center_x,hip.Center_y,hip.Center_z
0,0.03439267,-1.7350464,-1.2658544,-0.07946794,-0.9380066,-0.5670101,-0.15537517,-0.02709122,-0.4201486,0.26212865,-0.02709122,-0.5808325,0.3000825,-0.9000527,-0.6904925,0.3000825,-1.697093,-1.3180432,-0.42105073,0.04881601,-0.25789285,-0.4590041,0.58018094,-0.4825998,-0.34514302,1.1494993,-0.35734832,0.33803588,1.1874529,-0.64457476,0.45189697,0.61813456,-0.27142075,0.48985034,0.086769626,-0.019857883,-0.0035540313,1.1684762,-0.5568109,0.14824708,1.9655025,-0.63398254,0.07234652,1.5669894,-0.5751143,0.05337651,-0.02709122,-0.49872524
