frame,Ankle.R_x,Ankle.R_y,Ankle.R_z,Knee.R_x,Knee.R_y,Knee.R_z,Hip.R_x,Hip.R_y,Hip.R_z,Hip.L_x,Hip.L_y,Hip.L_z,Knee.L_x,Knee.L_y,Knee.L_z,Ankle.L_x,Ankle.L_y,Ankle.L_z,Wrist.R_x,Wrist.R_y,Wrist.R_z,Elbow.R_x,Elbow.R_y,Elbow.R_z,Shoulder.R_x,Shoulder.R_y,Shoulder.R_z,Shoulder.L_x,Shoulder.L_y,Shoulder.L_z,Elbow.L_x,Elbow.L_y,Elbow.L_z,Wrist.L_x,Wrist.L_y,Wrist.L_z,Neck_x,Neck_y,Neck_z,Head_x,Head_y,Head_z,Nose_x,Nose_y,Nose_z,hip.Center_x,hip.Center_y,hip.Center_z
0,0.13682716,-1.9428636,0.098395586,0.224425,-1.0843807,-0.08896148,0.15434949,-0.033180345,-0.47979438,-0.020860508,0.0018648021,-0.51791656,0.049229786,-1.0142905,-0.7926564,-0.055890396,-1.8902956,-0.81704134,0.4346649,-0.033180345,-0.73209745,0.11930482,0.56251013,-0.48137927,0.11930482,1.2282599,-0.5035508,-0.1610101,1.2282599,-0.56091183,-0.2311004,0.56251013,-0.78920585,-0.12598069,0.17705955,-0.6665473,-0.020852879,1.2282599,-0.5400135,0.7500326,1.9290704,-0.6606804,0.36458987,1.5786651,-0.6510304,0.06674449,-0.015657771,-0.50133574
