frame,Ankle.R_x,Ankle.R_y,Ankle.R_z,Knee.R_x,Knee.R_y,Knee.R_z,Hip.R_x,Hip.R_y,Hip.R_z,Hip.L_x,Hip.L_y,Hip.L_z,Knee.L_x,Knee.L_y,Knee.L_z,Ankle.L_x,Ankle.L_y,Ankle.L_z,Wrist.R_x,Wrist.R_y,Wrist.R_z,Elbow.R_x,Elbow.R_y,Elbow.R_z,Shoulder.R_x,Shoulder.R_y,Shoulder.R_z,Shoulder.L_x,Shoulder.L_y,Shoulder.L_z,Elbow.L_x,Elbow.L_y,Elbow.L_z,Wrist.L_x,Wrist.L_y,Wrist.L_z,Neck_x,Neck_y,Neck_z,Head_x,Head_y,Head_z,Nose_x,Nose_y,Nose_z,hip.Center_x,hip.Center_y,hip.Center_z
0,0.44394916,-1.839531,-0.9888733,0.40678638,-0.9105613,-0.79182506,0.29531235,-0.018754266,-0.36525875,-0.1505843,-0.018754266,-0.63341326,-0.07627256,-0.9848869,-1.0047611,-0.03910978,-1.9138565,-0.73129094,0.5554232,0.05555675,-1.1292851,0.5182604,0.5386162,-0.8095901,0.40678638,1.1703265,-0.45119342,-0.29922062,1.1331637,-0.55638677,-0.41069466,0.46430466,-0.75454086,-0.37354618,-0.018754266,-1.094386,0.053782865,1.1517451,-0.5055268,-0.280654,1.7834265,-0.44596756,-0.11343534,1.4675858,-0.6363845,0.072364256,-0.018754266,-0.49929607
