frame,Ankle.R_x,Ankle.R_y,Ankle.R_z,Knee.R_x,Knee.R_y,Knee.R_z,Hip.R_x,Hip.R_y,Hip.R_z,Hip.L_x,Hip.L_y,Hip.L_z,Knee.L_x,Knee.L_y,Knee.L_z,Ankle.L_x,Ankle.L_y,Ankle.L_z,Wrist.R_x,Wrist.R_y,Wrist.R_z,Elbow.R_x,Elbow.R_y,Elbow.R_z,Shoulder.R_x,Shoulder.R_y,Shoulder.R_z,Shoulder.L_x,Shoulder.L_y,Shoulder.L_z,Elbow.L_x,Elbow.L_y,Elbow.L_z,Wrist.L_x,Wrist.L_y,Wrist.L_z,Neck_x,Neck_y,Neck_z,Head_x,Head_y,Head_z,Nose_x,Nose_y,Nose_z,hip.Center_x,hip.Center_y,hip.Center_z
0,-0.041934617,-1.7609742,-1.4265883,-0.110047944,-0.9437008,-0.75747085,-0.14409745,-0.024278622,-0.44760934,0.2645396,-0.024278622,-0.5501755,0.2985891,-0.9437008,-0.8035907,0.2985891,-1.7609742,-1.3649602,-0.41652167,0.07788421,-0.054228812,-0.34840882,0.58866954,-0.3719406,-0.24626029,1.1335187,-0.39667165,0.43480098,1.1675683,-0.6484589,0.53695047,0.58866954,-0.33441335,0.53695047,0.009770889,-0.1245268,0.09427058,1.1505435,-0.5743928,0.09425675,1.9337674,-0.69466376,0.09426343,1.5421555,-0.5958258,0.06022107,-0.024278622,-0.49777183
