frame,Ankle.R_x,Ankle.R_y,Ankle.R_z,Knee.R_x,Knee.R_y,Knee.R_z,Hip.R_x,Hip.R_y,Hip.R_z,Hip.L_x,Hip.L_y,Hip.L_z,Knee.L_x,Knee.L_y,Knee.L_z,Ankle.L_x,Ankle.L_y,Ankle.L_z,Wrist.R_x,Wrist.R_y,Wrist.R_z,Elbow.R_x,Elbow.R_y,Elbow.R_z,Shoulder.R_x,Shoulder.R_y,Shoulder.R_z,Shoulder.L_x,Shoulder.L_y,Shoulder.L_z,Elbow.L_x,Elbow.L_y,Elbow.L_z,Wrist.L_x,Wrist.L_y,Wrist.L_z,Neck_x,Neck_y,Neck_z,Head_x,Head_y,Head_z,Nose_x,Nose_y,Nose_z,hip.Center_x,hip.Center_y,hip.Center_z
0,0.12694962,-1.9678274,-0.24230558,-0.08707301,-1.0261489,-0.41014808,-0.0014707297,0.0011333209,-0.6283196,0.12694962,-0.041668296,-0.36008286,0.08414872,-1.0689498,-0.6076627,0.25535423,-2.0962317,-0.51318604,-0.08707301,-0.12727082,-0.38144627,0.12694962,0.60038507,-0.47348323,0.12694962,1.3280408,-0.70848155,0.12694962,1.2852395,-0.5848541,0.169751,0.55758345,-0.4081891,-0.044271633,-0.12727082,-0.2800816,0.12694962,1.3066403,-0.6565062,-0.72914284,1.7774878,-0.7175485,-0.30109662,1.542064,-0.7245711,0.062739685,-0.020267608,-0.499171
