frame,Ankle.R_x,Ankle.R_y,Ankle.R_z,Knee.R_x,Knee.R_y,Knee.R_z,Hip.R_x,Hip.R_y,Hip.R_z,Hip.L_x,Hip.L_y,Hip.L_z,Knee.L_x,Knee.L_y,Knee.L_z,Ankle.L_x,Ankle.L_y,Ankle.L_z,Wrist.R_x,Wrist.R_y,Wrist.R_z,Elbow.R_x,Elbow.R_y,Elbow.R_z,Shoulder.R_x,Shoulder.R_y,Shoulder.R_z,Shoulder.L_x,Shoulder.L_y,Shoulder.L_z,Elbow.L_x,Elbow.L_y,Elbow.L_z,Wrist.L_x,Wrist.L_y,Wrist.L_z,Neck_x,Neck_y,Neck_z,Head_x,Head_y,Head_z,Nose_x,Nose_y,Nose_z,hip.Center_x,hip.Center_y,hip.Center_z
0,0.18324089,-1.8769039,-0.4342207,0.2546115,-0.94895136,-0.54200375,0.32599735,-0.020999068,-0.3744404,-0.13798618,-0.020999068,-0.6272594,-0.2450571,-0.80619514,-1.2778066,-0.20935678,-1.6270765,-1.0152706,0.57582426,0.014686232,-1.1926706,0.57582426,0.5500406,-0.8288873,0.4687538,1.1924803,-0.4223081,-0.28074217,1.1924803,-0.5746444,-0.35212803,0.5500406,-0.76038945,-0.3878131,0.050386317,-1.136687,0.094005585,1.1924803,-0.50588775,0.48661804,1.8349055,-0.46026915,0.2903118,1.5136929,-0.6622646,0.094005585,-0.020999068,-0.50125915
