frame,Ankle.R_x,Ankle.R_y,Ankle.R_z,Knee.R_x,Knee.R_y,Knee.R_z,Hip.R_x,Hip.R_y,Hip.R_z,Hip.L_x,Hip.L_y,Hip.L_z,Knee.L_x,Knee.L_y,Knee.L_z,Ankle.L_x,Ankle.L_y,Ankle.L_z,Wrist.R_x,Wrist.R_y,Wrist.R_z,Elbow.R_x,Elbow.R_y,Elbow.R_z,Shoulder.R_x,Shoulder.R_y,Shoulder.R_z,Shoulder.L_x,Shoulder.L_y,Shoulder.L_z,Elbow.L_x,Elbow.L_y,Elbow.L_z,Wrist.L_x,Wrist.L_y,Wrist.L_z,Neck_x,Neck_y,Neck_z,Head_x,Head_y,Head_z,Nose_x,Nose_y,Nose_z,hip.Center_x,hip.Center_y,hip.Center_z
0,0.1724073,-1.9882107,-0.13991064,0.0011526719,-1.0462761,-0.3555857,0.043965973,-0.018698419,-0.62063074,0.08677975,-0.018698419,-0.36977905,0.08677975,-1.0890899,-0.5958692,0.21522108,-2.0738378,-0.41819984,-0.1273044,0.02411536,-0.46285203,0.129594,0.6235238,-0.5447052,0.08677975,1.3085756,-0.68167734,0.08677975,1.3085756,-0.48224422,0.08677975,0.58071023,-0.38675144,-0.1273044,-0.061511956,-0.2880837,0.08677975,1.3085756,-0.5781419,-0.7695268,1.7367132,-0.6095239,-0.34137377,1.5226443,-0.6155069,0.0653731,-0.018698419,-0.49832416
