frame,Ankle.R_x,Ankle.R_y,Ankle.R_z,Knee.R_x,Knee.R_y,Knee.R_z,Hip.R_x,Hip.R_y,Hip.R_z,Hip.L_x,Hip.L_y,Hip.L_z,Knee.L_x,Knee.L_y,Knee.L_z,Ankle.L_x,Ankle.L_y,Ankle.L_z,Wrist.R_x,Wrist.R_y,Wrist.R_z,Elbow.R_x,Elbow.R_y,Elbow.R_z,Shoulder.R_x,Shoulder.R_y,Shoulder.R_z,Shoulder.L_x,Shoulder.L_y,Shoulder.L_z,Elbow.L_x,Elbow.L_y,Elbow.L_z,Wrist.L_x,Wrist.L_y,Wrist.L_z,Neck_x,Neck_y,Neck_z,Head_x,Head_y,Head_z,Nose_x,Nose_y,Nose_z,hip.Center_x,hip.Center_y,hip.Center_z
0,0.19948232,-1.85959,-0.54581314,0.27234733,-0.9488208,-0.5708273,0.27234733,-0.038051628,-0.31671846,-0.12839186,-0.0016117301,-0.68786794,-0.091965795,-0.9123812,-1.1898339,-0.091965795,-1.7867246,-0.9958014,0.7095121,0.07123945,-1.2308067,0.60022104,0.54484415,-0.7825101,0.41806448,1.1277398,-0.37614608,-0.27412283,1.1277398,-0.63400966,-0.3834139,0.5084183,-0.8438067,-0.34697402,0.03481386,-1.199343,0.07197082,1.1277398,-0.5141156,0.5455755,1.8563383,-0.4704122,0.3087734,1.492039,-0.5781327,0.07197797,-0.019831678,-0.49968088
