frame,Ankle.R_x,Ankle.R_y,Ankle.R_z,Knee.R_x,Knee.R_y,Knee.R_z,Hip.R_x,Hip.R_y,Hip.R_z,Hip.L_x,Hip.L_y,Hip.L_z,Knee.L_x,Knee.L_y,Knee.L_z,Ankle.L_x,Ankle.L_y,Ankle.L_z,Wrist.R_x,Wrist.R_y,Wrist.R_z,Elbow.R_x,Elbow.R_y,Elbow.R_z,Shoulder.R_x,Shoulder.R_y,Shoulder.R_z,Shoulder.L_x,Shoulder.L_y,Shoulder.L_z,Elbow.L_x,Elbow.L_y,Elbow.L_z,Wrist.L_x,Wrist.L_y,Wrist.L_z,Neck_x,Neck_y,Neck_z,Head_x,Head_y,Head_z,Nose_x,Nose_y,Nose_z,hip.Center_x,hip.Center_y,hip.Center_z
0,-0.036292348,-1.8951826,0.23816198,-0.0783284,-0.970465,-0.045770526,0.0057289265,-0.0037114993,-0.641134,0.08980104,-0.045747556,-0.3500139,0.08980104,-1.0125008,-0.6328832,0.21589395,-1.9792542,-0.70371354,-0.16240051,-0.045747556,-0.5635788,0.08980104,0.58474797,-0.55613726,0.13183662,1.2993006,-0.665534,0.1738579,1.2572644,-0.56224173,0.08980104,0.58474797,-0.32733506,-0.16240051,-0.0037114993,-0.12696475,0.1528475,1.2782825,-0.6316208,-0.5617202,2.0769072,-0.70684934,-0.2044361,1.6775948,-0.66769665,0.047764506,-0.02472929,-0.50101924
