frame,Ankle.R_x,Ankle.R_y,Ankle.R_z,Knee.R_x,Knee.R_y,Knee.R_z,Hip.R_x,Hip.R_y,Hip.R_z,Hip.L_x,Hip.L_y,Hip.L_z,Knee.L_x,Knee.L_y,Knee.L_z,Ankle.L_x,Ankle.L_y,Ankle.L_z,Wrist.R_x,Wrist.R_y,Wrist.R_z,Elbow.R_x,Elbow.R_y,Elbow.R_z,Shoulder.R_x,Shoulder.R_y,Shoulder.R_z,Shoulder.L_x,Shoulder.L_y,Shoulder.L_z,Elbow.L_x,Elbow.L_y,Elbow.L_z,Wrist.L_x,Wrist.L_y,Wrist.L_z,Neck_x,Neck_y,Neck_z,Head_x,Head_y,Head_z,Nose_x,Nose_y,Nose_z,hip.Center_x,hip.Center_y,hip.Center_z
0,0.124385804,-1.8745553,-0.6845135,-0.0020346902,-1.0317218,-0.5857877,-0.08632997,-0.020311821,-0.65605307,0.2086663,-0.020311821,-0.34477448,0.124385804,-1.0317218,-0.4954438,0.2508063,-2.0009916,-0.79800147,-0.25489095,0.021828186,-0.07649842,-0.21275094,0.5696657,-0.3366745,-0.17061046,1.1596584,-0.55086267,0.33510205,1.2439387,-0.5458584,0.46152255,0.6118057,-0.43597555,0.33510205,0.021828186,-0.3593681,0.0822458,1.2017984,-0.5580388,-0.33918622,1.8760717,-0.67991424,-0.12847045,1.5389351,-0.62234485,0.061168168,-0.020311821,-0.49579707
