frame,Ankle.R_x,Ankle.R_y,Ankle.R_z,Knee.R_x,Knee.R_y,Knee.R_z,Hip.R_x,Hip.R_y,Hip.R_z,Hip.L_x,Hip.L_y,Hip.L_z,Knee.L_x,Knee.L_y,Knee.L_z,Ankle.L_x,Ankle.L_y,Ankle.L_z,Wrist.R_x,Wrist.R_y,Wrist.R_z,Elbow.R_x,Elbow.R_y,Elbow.R_z,Shoulder.R_x,Shoulder.R_y,Shoulder.R_z,Shoulder.L_x,Shoulder.L_y,Shoulder.L_z,Elbow.L_x,Elbow.L_y,Elbow.L_z,Wrist.L_x,Wrist.L_y,Wrist.L_z,Neck_x,Neck_y,Neck_z,Head_x,Head_y,Head_z,Nose_x,Nose_y,Nose_z,hip.Center_x,hip.Center_y,hip.Center_z
0,-0.17178074,-2.0964706,-0.116698086,0.032118164,-1.0769924,-0.046313167,-0.008661903,-0.016749922,-0.47986537,0.19523653,-0.016749922,-0.5162809,0.19523653,-1.0362128,-0.5578235,0.113677345,-2.014911,-1.2100291,-0.008661903,-0.016749922,-0.49636385,-0.2125608,0.5949461,-0.38029578,-0.049441494,1.2474066,-0.4788443,0.15445694,1.2066269,-0.62767583,0.15445694,0.47260708,-0.67217505,0.39912018,-0.057529513,-0.38931865,0.05250772,1.2270168,-0.568814,0.7457326,1.9202416,-0.75516826,0.39912018,1.5736291,-0.6560279,0.09328731,-0.016749922,-0.50174916
