frame,Ankle.R_x,Ankle.R_y,Ankle.R_z,Knee.R_x,Knee.R_y,Knee.R_z,Hip.R_x,Hip.R_y,Hip.R_z,Hip.L_x,Hip.L_y,Hip.L_z,Knee.L_x,Knee.L_y,Knee.L_z,Ankle.L_x,Ankle.L_y,Ankle.L_z,Wrist.R_x,Wrist.R_y,Wrist.R_z,Elbow.R_x,Elbow.R_y,Elbow.R_z,Shoulder.R_x,Shoulder.R_y,Shoulder.R_z,Shoulder.L_x,Shoulder.L_y,Shoulder.L_z,Elbow.L_x,Elbow.L_y,Elbow.L_z,Wrist.L_x,Wrist.L_y,Wrist.L_z,Neck_x,Neck_y,Neck_z,Head_x,Head_y,Head_z,Nose_x,Nose_y,Nose_z,hip.Center_x,hip.Center_y,hip.Center_z
0,0.06846912,-1.6721425,-0.80127054,-0.12253849,-0.9080713,-0.40049946,-0.12253849,-0.029387217,-0.6602256,0.25949055,-0.029387217,-0.34791195,0.25949055,-0.9462757,-0.37128454,0.25949055,-1.7485514,-0.88745207,-0.35176414,0.19983841,0.06489539,-0.23715107,0.65827537,-0.3224925,-0.16074221,1.193121,-0.5660481,0.45051152,1.2313253,-0.5009916,0.5269204,0.6200712,-0.33765477,0.45051152,0.008816976,-0.28197622,0.14488466,1.212223,-0.57953584,0.06846197,1.9381043,-0.7340544,0.10667284,1.5751637,-0.68046963,0.0684758,-0.029387217,-0.49666283
