frame,Ankle.R_x,Ankle.R_y,Ankle.R_z,Knee.R_x,Knee.R_y,Knee.R_z,Hip.R_x,Hip.R_y,Hip.R_z,Hip.L_x,Hip.L_y,Hip.L_z,Knee.L_x,Knee.L_y,Knee.L_z,Ankle.L_x,Ankle.L_y,Ankle.L_z,Wrist.R_x,Wrist.R_y,Wrist.R_z,Elbow.R_x,Elbow.R_y,Elbow.R_z,Shoulder.R_x,Shoulder.R_y,Shoulder.R_z,Shoulder.L_x,Shoulder.L_y,Shoulder.L_z,Elbow.L_x,Elbow.L_y,Elbow.L_z,Wrist.L_x,Wrist.L_y,Wrist.L_z,Neck_x,Neck_y,Neck_z,Head_x,Head_y,Head_z,Nose_x,Nose_y,Nose_z,hip.Center_x,hip.Center_y,hip.Center_z
0,-0.075400226,-1.8381139,-0.46679512,0.046641476,-1.0535012,0.04318285,0.046641476,-0.04224342,-0.50541335,0.15125954,-0.0073654037,-0.49547783,0.15125954,-1.0186385,-0.33341202,0.046641476,-1.7509347,-0.8911526,0.011778958,-0.0073654037,-0.53538257,-0.16257942,0.6900528,-0.43643,-0.023098819,1.3177311,-0.51040906,0.046641476,1.3177311,-0.629674,0.11638177,0.58543473,-0.81542736,0.3604809,0.13211519,-0.35908931,0.011771329,1.3177311,-0.5363777,0.70919,2.0151649,-0.7506808,0.3604809,1.6664481,-0.61824703,0.09895051,-0.02480453,-0.5032089
