frame,Ankle.R_x,Ankle.R_y,Ankle.R_z,Knee.R_x,Knee.R_y,Knee.R_z,Hip.R_x,Hip.R_y,Hip.R_z,Hip.L_x,Hip.L_y,Hip.L_z,Knee.L_x,Knee.L_y,Knee.L_z,Ankle.L_x,Ankle.L_y,Ankle.L_z,Wrist.R_x,Wrist.R_y,Wrist.R_z,Elbow.R_x,Elbow.R_y,Elbow.R_z,Shoulder.R_x,Shoulder.R_y,Shoulder.R_z,Shoulder.L_x,Shoulder.L_y,Shoulder.L_z,Elbow.L_x,Elbow.L_y,Elbow.L_z,Wrist.L_x,Wrist.L_y,Wrist.L_z,Neck_x,Neck_y,Neck_z,Head_x,Head_y,Head_z,Nose_x,Nose_y,Nose_z,hip.Center_x,hip.Center_y,hip.Center_z
0,0.3742535,-1.8672928,-0.51658094,0.3742535,-0.9521378,-0.5121348,0.30104995,-0.036983375,-0.36673123,-0.13823009,-0.0003744401,-0.6340793,-0.13823009,-0.9521378,-1.041374,-0.10162043,-1.8672928,-1.0348701,0.5572846,0.036234733,-1.2171588,0.5572846,0.5121094,-0.81327385,0.44747186,1.13442,-0.39854977,-0.28465152,1.13442,-0.5767449,-0.35786986,0.47550023,-0.7775965,-0.35786986,-0.0003744401,-1.163732,0.08141018,1.13442,-0.4905602,0.44747186,1.8665437,-0.42225543,0.26444077,1.5004818,-0.5854682,0.08141018,-0.018679027,-0.5000162
