frame,Ankle.R_x,Ankle.R_y,Ankle.R_z,Knee.R_x,Knee.R_y,Knee.R_z,Hip.R_x,Hip.R_y,Hip.R_z,Hip.L_x,Hip.L_y,Hip.L_z,Knee.L_x,Knee.L_y,Knee.L_z,Ankle.L_x,Ankle.L_y,Ankle.L_z,Wrist.R_x,Wrist.R_y,Wrist.R_z,Elbow.R_x,Elbow.R_y,Elbow.R_z,Shoulder.R_x,Shoulder.R_y,Shoulder.R_z,Shoulder.L_x,Shoulder.L_y,Shoulder.L_z,Elbow.L_x,Elbow.L_y,Elbow.L_z,Wrist.L_x,Wrist.L_y,Wrist.L_z,Neck_x,Neck_y,Neck_z,Head_x,Head_y,Head_z,Nose_x,Nose_y,Nose_z,hip.Center_x,hip.Center_y,hip.Center_z
0,-0.0019507632,-1.8766942,-0.12368554,-0.084436916,-0.969316,0.015640795,-0.16692355,-0.061937544,-0.33060724,0.28677365,0.020548847,-0.6551407,0.3280091,-0.6806066,-0.52863765,0.3280091,-1.3405266,-1.2447646,-0.49688342,-0.061937544,-0.38324988,-0.49688342,0.51548123,-0.45903036,-0.414382,1.1341504,-0.22094312,0.3280091,1.2166367,-0.61273265,0.45174596,0.6392181,-0.06199622,0.53423214,0.061784532,0.24048895,-0.04318621,1.1753935,-0.4162632,-0.12568763,2.082772,-0.4677871,-0.084436916,1.6290828,-0.47827965,0.059925534,-0.02069423,-0.5015301
