frame,Ankle.R_x,Ankle.R_y,Ankle.R_z,Knee.R_x,Knee.R_y,Knee.R_z,Hip.R_x,Hip.R_y,Hip.R_z,Hip.L_x,Hip.L_y,Hip.L_z,Knee.L_x,Knee.L_y,Knee.L_z,Ankle.L_x,Ankle.L_y,Ankle.L_z,Wrist.R_x,Wrist.R_y,Wrist.R_z,Elbow.R_x,Elbow.R_y,Elbow.R_z,Shoulder.R_x,Shoulder.R_y,Shoulder.R_z,Shoulder.L_x,Shoulder.L_y,Shoulder.L_z,Elbow.L_x,Elbow.L_y,Elbow.L_z,Wrist.L_x,Wrist.L_y,Wrist.L_z,Neck_x,Neck_y,Neck_z,Head_x,Head_y,Head_z,Nose_x,Nose_y,Nose_z,hip.Center_x,hip.Center_y,hip.Center_z
0,0.11333816,-1.8690997,0.2157628,0.19673507,-1.0183681,-0.110230565,0.23010223,-0.05085714,-0.4017511,-0.07016118,0.015863108,-0.603078,0.02992694,-0.9516476,-0.94538677,-0.003426388,-1.7857028,-0.96095294,0.69717425,-0.05085714,-0.94695306,0.46364516,0.5163023,-0.5698451,0.39691085,1.1835349,-0.45992655,-0.13688166,1.2169024,-0.6141295,-0.20360167,0.54965514,-0.86514777,-0.036793545,0.18267123,-1.0508628,0.13001458,1.2002186,-0.5424095,0.7972767,1.9008187,-0.5516928,0.46364516,1.5505188,-0.58960664,0.07997052,-0.017496897,-0.5012382
