frame,Ankle.R_x,Ankle.R_y,Ankle.R_z,Knee.R_x,Knee.R_y,Knee.R_z,Hip.R_x,Hip.R_y,Hip.R_z,Hip.L_x,Hip.L_y,Hip.L_z,Knee.L_x,Knee.L_y,Knee.L_z,Ankle.L_x,Ankle.L_y,Ankle.L_z,Wrist.R_x,Wrist.R_y,Wrist.R_z,Elbow.R_x,Elbow.R_y,Elbow.R_z,Shoulder.R_x,Shoulder.R_y,Shoulder.R_z,Shoulder.L_x,Shoulder.L_y,Shoulder.L_z,Elbow.L_x,Elbow.L_y,Elbow.L_z,Wrist.L_x,Wrist.L_y,Wrist.L_z,Neck_x,Neck_y,Neck_z,Head_x,Head_y,Head_z,Nose_x,Nose_y,Nose_z,hip.Center_x,hip.Center_y,hip.Center_z
0,0.048495688,-1.7882401,-0.45645893,0.20131484,-1.092086,0.11693597,0.06547729,-0.039379988,-0.4454783,0.09944049,-0.0054167844,-0.5472843,0.06547729,-1.092086,-0.39529255,-0.087342344,-1.7882401,-0.90185106,0.20131484,0.028546657,-0.52413666,-0.070360266,0.67375547,-0.4676528,0.03151361,1.3529277,-0.4615973,-0.070360266,1.3529277,-0.594543,-0.070360266,0.67375547,-0.85316586,0.2352623,0.062509865,-0.7105277,-0.01942309,1.3529277,-0.45518708,0.7616233,1.8962783,-0.6065105,0.37109986,1.6246029,-0.5268331,0.08245889,-0.022398386,-0.50326484
