frame,Ankle.R_x,Ankle.R_y,Ankle.R_z,Knee.R_x,Knee.R_y,Knee.R_z,Hip.R_x,Hip.R_y,Hip.R_z,Hip.L_x,Hip.L_y,Hip.L_z,Knee.L_x,Knee.L_y,Knee.L_z,Ankle.L_x,Ankle.L_y,Ankle.L_z,Wrist.R_x,Wrist.R_y,Wrist.R_z,Elbow.R_x,Elbow.R_y,Elbow.R_z,Shoulder.R_x,Shoulder.R_y,Shoulder.R_z,Shoulder.L_x,Shoulder.L_y,Shoulder.L_z,Elbow.L_x,Elbow.L_y,Elbow.L_z,Wrist.L_x,Wrist.L_y,Wrist.L_z,Neck_x,Neck_y,Neck_z,Head_x,Head_y,Head_z,Nose_x,Nose_y,Nose_z,hip.Center_x,hip.Center_y,hip.Center_z
0,-0.29063803,-1.2402865,-0.9387733,-0.3274203,-0.35758126,-0.47888827,-0.14352566,0.047005303,-0.6907617,0.33460897,-0.063340776,-0.32231414,0.22426265,-1.2035047,-0.7426162,0.15071434,-2.049428,-1.2859563,-0.40098435,0.047005303,0.041475415,-0.3274203,0.5619062,-0.45033377,-0.106743395,1.1871692,-0.7535267,0.6656155,1.1136051,-0.36162302,0.7023973,0.45157588,-0.25001082,0.62884897,-0.17367113,-0.1333502,0.27943605,1.150387,-0.58341706,0.31621784,2.0330927,-0.6312733,0.2978267,1.5917399,-0.45618206,0.09554142,-0.008167856,-0.49485803
