frame,Ankle.R_x,Ankle.R_y,Ankle.R_z,Knee.R_x,Knee.R_y,Knee.R_z,Hip.R_x,Hip.R_y,Hip.R_z,Hip.L_x,Hip.L_y,Hip.L_z,Knee.L_x,Knee.L_y,Knee.L_z,Ankle.L_x,Ankle.L_y,Ankle.L_z,Wrist.R_x,Wrist.R_y,Wrist.R_z,Elbow.R_x,Elbow.R_y,Elbow.R_z,Shoulder.R_x,Shoulder.R_y,Shoulder.R_z,Shoulder.L_x,Shoulder.L_y,Shoulder.L_z,Elbow.L_x,Elbow.L_y,Elbow.L_z,Wrist.L_x,Wrist.L_y,Wrist.L_z,Neck_x,Neck_y,Neck_z,Head_x,Head_y,Head_z,Nose_x,Nose_y,Nose_z,hip.Center_x,hip.Center_y,hip.Center_z
0,0.16638549,-2.311463,-0.17184848,0.085375145,-1.2989495,-0.6052034,0.044879273,-0.0029444618,-0.7515064,0.085375145,-0.0029444618,-0.23008612,-1.0081311,-0.043440573,-0.89685863,-0.4006154,-1.136946,-0.8088092,0.0043829232,-0.083936684,-0.6508751,-0.076627895,0.5235603,-0.61253804,-0.03611295,1.3335752,-0.7294282,0.24737771,1.414567,-0.3851077,0.40938073,0.60457134,0.09040797,0.24737771,-0.1649475,0.011734247,0.10563214,1.3740711,-0.6179141,-0.8258702,1.779069,-0.7132111,-0.36011904,1.57657,-0.8458889,0.06512721,-0.0029444618,-0.5015622
