frame,Ankle.R_x,Ankle.R_y,Ankle.R_z,Knee.R_x,Knee.R_y,Knee.R_z,Hip.R_x,Hip.R_y,Hip.R_z,Hip.L_x,Hip.L_y,Hip.L_z,Knee.L_x,Knee.L_y,Knee.L_z,Ankle.L_x,Ankle.L_y,Ankle.L_z,Wrist.R_x,Wrist.R_y,Wrist.R_z,Elbow.R_x,Elbow.R_y,Elbow.R_z,Shoulder.R_x,Shoulder.R_y,Shoulder.R_z,Shoulder.L_x,Shoulder.L_y,Shoulder.L_z,Elbow.L_x,Elbow.L_y,Elbow.L_z,Wrist.L_x,Wrist.L_y,Wrist.L_z,Neck_x,Neck_y,Neck_z,Head_x,Head_y,Head_z,Nose_x,Nose_y,Nose_z,hip.Center_x,hip.Center_y,hip.Center_z
0,-0.011257,-1.9195822,-0.22559851,0.6663615,-0.98786956,-0.27032834,0.11579817,-0.013799256,-0.28724486,0.0734412,-0.013799256,-0.71342283,0.031099968,-1.0302104,-0.8433794,-0.13831216,-2.173693,-0.83557737,0.031099968,0.02855795,-0.44857597,-0.2653678,0.6214616,-0.40527025,-0.13831216,1.2990797,-0.40519762,-0.011257,1.2990797,-0.76872116,-0.011257,0.57912034,-0.6580626,0.24285382,0.070898704,-0.36075532,-0.07478506,1.2990797,-0.5997088,0.7298891,1.8073014,-0.5771392,0.32755202,1.5531905,-0.4970848,0.09461992,-0.013799256,-0.5004633
