frame,Ankle.R_x,Ankle.R_y,Ankle.R_z,Knee.R_x,Knee.R_y,Knee.R_z,Hip.R_x,Hip.R_y,Hip.R_z,Hip.L_x,Hip.L_y,Hip.L_z,Knee.L_x,Knee.L_y,Knee.L_z,Ankle.L_x,Ankle.L_y,Ankle.L_z,Wrist.R_x,Wrist.R_y,Wrist.R_z,Elbow.R_x,Elbow.R_y,Elbow.R_z,Shoulder.R_x,Shoulder.R_y,Shoulder.R_z,Shoulder.L_x,Shoulder.L_y,Shoulder.L_z,Elbow.L_x,Elbow.L_y,Elbow.L_z,Wrist.L_x,Wrist.L_y,Wrist.L_z,Neck_x,Neck_y,Neck_z,Head_x,Head_y,Head_z,Nose_x,Nose_y,Nose_z,hip.Center_x,hip.Center_y,hip.Center_z
0,0.24339144,-1.4007573,-0.39541668,0.9338302,-0.62910366,-0.14881498,0.12155335,-0.01989606,-0.21896395,0.04032223,-0.01989606,-0.79186356,0.08094542,-1.0758495,-0.8841803,-0.00028522313,-2.091196,-0.8395893,0.16217653,0.14256594,-0.3504352,-0.20335443,0.71116614,-0.2725384,-0.040892676,1.3609815,-0.26559466,0.08094542,1.3609815,-0.8370759,0.04032223,0.67054296,-0.7836672,0.36524576,0.18317315,-0.61171854,0.02002661,1.3609815,-0.56197524,0.7104654,1.7671199,-0.60387105,0.36524576,1.5640507,-0.5022263,0.08093779,-0.01989606,-0.50051403
