frame,Ankle.R_x,Ankle.R_y,Ankle.R_z,Knee.R_x,Knee.R_y,Knee.R_z,Hip.R_x,Hip.R_y,Hip.R_z,Hip.L_x,Hip.L_y,Hip.L_z,Knee.L_x,Knee.L_y,Knee.L_z,Ankle.L_x,Ankle.L_y,Ankle.L_z,Wrist.R_x,Wrist.R_y,Wrist.R_z,Elbow.R_x,Elbow.R_y,Elbow.R_z,Shoulder.R_x,Shoulder.R_y,Shoulder.R_z,Shoulder.L_x,Shoulder.L_y,Shoulder.L_z,Elbow.L_x,Elbow.L_y,Elbow.L_z,Wrist.L_x,Wrist.L_y,Wrist.L_z,Neck_x,Neck_y,Neck_z,Head_x,Head_y,Head_z,Nose_x,Nose_y,Nose_z,hip.Center_x,hip.Center_y,hip.Center_z
0,0.024622608,-1.722889,-1.1685512,-0.086089924,-0.91100764,-0.61198497,-0.1598986,-0.0622084,-0.44577166,0.24604861,0.011600271,-0.5500863,0.31985778,-0.87410355,-0.80537856,0.39366597,-1.722889,-1.2835691,-0.6027506,0.011600271,-0.24523407,-0.5289419,0.5651512,-0.44492313,-0.41822892,1.0818117,-0.3760556,0.24604861,1.1925247,-0.543152,0.4305703,0.6758642,-0.1553762,0.4305703,0.08540894,0.111558676,-0.086089924,1.1371683,-0.48715734,-0.1598986,1.912159,-0.5110809,-0.122994736,1.5246636,-0.48673463,0.043074775,-0.025304064,-0.49911526
