frame,Ankle.R_x,Ankle.R_y,Ankle.R_z,Knee.R_x,Knee.R_y,Knee.R_z,Hip.R_x,Hip.R_y,Hip.R_z,Hip.L_x,Hip.L_y,Hip.L_z,Knee.L_x,Knee.L_y,Knee.L_z,Ankle.L_x,Ankle.L_y,Ankle.L_z,Wrist.R_x,Wrist.R_y,Wrist.R_z,Elbow.R_x,Elbow.R_y,Elbow.R_z,Shoulder.R_x,Shoulder.R_y,Shoulder.R_z,Shoulder.L_x,Shoulder.L_y,Shoulder.L_z,Elbow.L_x,Elbow.L_y,Elbow.L_z,Wrist.L_x,Wrist.L_y,Wrist.L_z,Neck_x,Neck_y,Neck_z,Head_x,Head_y,Head_z,Nose_x,Nose_y,Nose_z,hip.Center_x,hip.Center_y,hip.Center_z
0,0.29156163,-1.993076,-0.12270141,0.11968138,-1.0047997,-0.38666406,0.11968138,-0.016523425,-0.59417874,0.033749126,-0.016523425,-0.39323318,-0.0951576,-1.0477737,-0.66911733,-0.052198865,-2.0790238,-0.3449152,-0.13813159,0.02645057,-0.58053726,0.033749126,0.58504957,-0.59833634,0.033749126,1.2725395,-0.59976786,0.076707385,1.2725395,-0.44786364,0.11968138,0.62800807,-0.26389217,-0.052198865,-0.016523425,-0.21963555,0.05522778,1.2725395,-0.53549653,-0.761168,1.8741127,-0.50718594,-0.3529701,1.5733261,-0.5651338,0.076715015,-0.016523425,-0.49799323
