frame,Ankle.R_x,Ankle.R_y,Ankle.R_z,Knee.R_x,Knee.R_y,Knee.R_z,Hip.R_x,Hip.R_y,Hip.R_z,Hip.L_x,Hip.L_y,Hip.L_z,Knee.L_x,Knee.L_y,Knee.L_z,Ankle.L_x,Ankle.L_y,Ankle.L_z,Wrist.R_x,Wrist.R_y,Wrist.R_z,Elbow.R_x,Elbow.R_y,Elbow.R_z,Shoulder.R_x,Shoulder.R_y,Shoulder.R_z,Shoulder.L_x,Shoulder.L_y,Shoulder.L_z,Elbow.L_x,Elbow.L_y,Elbow.L_z,Wrist.L_x,Wrist.L_y,Wrist.L_z,Neck_x,Neck_y,Neck_z,Head_x,Head_y,Head_z,Nose_x,Nose_y,Nose_z,hip.Center_x,hip.Center_y,hip.Center_z
0,-0.11380779,-1.7105182,-1.1277406,-0.11380779,-0.8896441,-0.39031446,-0.11380779,-0.029680422,-0.45268363,0.2770847,-0.029680422,-0.5478892,0.2770847,-0.8896441,-0.5595381,0.2379955,-1.7105182,-1.3115385,-0.3874327,0.048497982,-0.33532697,-0.4265219,0.63483673,-0.4448244,-0.2701646,1.2211614,-0.33645082,0.3161739,1.1820722,-0.5894451,0.39435232,0.63483673,-0.34331518,0.5116204,0.087587185,-0.15521654,0.02300442,1.2016169,-0.49184248,0.2966293,1.9443125,-0.53589106,0.1598171,1.5729645,-0.50672436,0.081638224,-0.029680422,-0.49994868
