frame,Ankle.R_x,Ankle.R_y,Ankle.R_z,Knee.R_x,Knee.R_y,Knee.R_z,Hip.R_x,Hip.R_y,Hip.R_z,Hip.L_x,Hip.L_y,Hip.L_z,Knee.L_x,Knee.L_y,Knee.L_z,Ankle.L_x,Ankle.L_y,Ankle.L_z,Wrist.R_x,Wrist.R_y,Wrist.R_z,Elbow.R_x,Elbow.R_y,Elbow.R_z,Shoulder.R_x,Shoulder.R_y,Shoulder.R_z,Shoulder.L_x,Shoulder.L_y,Shoulder.L_z,Elbow.L_x,Elbow.L_y,Elbow.L_z,Wrist.L_x,Wrist.L_y,Wrist.L_z,Neck_x,Neck_y,Neck_z,Head_x,Head_y,Head_z,Nose_x,Nose_y,Nose_z,hip.Center_x,hip.Center_y,hip.Center_z
0,-0.13561085,-2.1335697,-0.17866904,0.03032323,-1.0964668,-0.041273713,-0.0111601725,-0.017880857,-0.5024924,0.19625685,-0.017880857,-0.49280405,0.19625685,-1.0549836,-0.43070596,0.15477344,-2.0091195,-1.1174638,0.03032323,-0.017880857,-0.5161932,-0.17709425,0.6043871,-0.37057725,-0.0111601725,1.2681229,-0.50264394,0.113290034,1.2266395,-0.62684536,0.113290034,0.47993666,-0.68288386,0.36220667,-0.017880857,-0.3603425,0.051064692,1.2473812,-0.56353486,0.75631493,1.8696644,-0.77408904,0.40369007,1.5585227,-0.65506434,0.092548095,-0.017880857,-0.5022483
