frame,Ankle.R_x,Ankle.R_y,Ankle.R_z,Knee.R_x,Knee.R_y,Knee.R_z,Hip.R_x,Hip.R_y,Hip.R_z,Hip.L_x,Hip.L_y,Hip.L_z,Knee.L_x,Knee.L_y,Knee.L_z,Ankle.L_x,Ankle.L_y,Ankle.L_z,Wrist.R_x,Wrist.R_y,Wrist.R_z,Elbow.R_x,Elbow.R_y,Elbow.R_z,Shoulder.R_x,Shoulder.R_y,Shoulder.R_z,Shoulder.L_x,Shoulder.L_y,Shoulder.L_z,Elbow.L_x,Elbow.L_y,Elbow.L_z,Wrist.L_x,Wrist.L_y,Wrist.L_z,Neck_x,Neck_y,Neck_z,Head_x,Head_y,Head_z,Nose_x,Nose_y,Nose_z,hip.Center_x,hip.Center_y,hip.Center_z
0,0.42432454,-1.8109543,-0.62476903,0.35273126,-0.91613024,-0.5940865,0.28115228,-0.021306237,-0.38016093,-0.14836499,-0.021306237,-0.6174457,-0.112575494,-0.95191973,-1.0766604,-0.040981732,-1.7751501,-0.7802644,0.49590352,0.12185196,-1.2084094,0.49590352,0.551369,-0.8665644,0.35273126,1.1598482,-0.4537255,-0.32732674,1.1240586,-0.4914869,-0.43470952,0.47979,-0.7125872,-0.43470952,-0.021306237,-1.0315974,0.012702502,1.1419533,-0.46417558,-0.45258996,1.8935907,-0.38579705,-0.21994397,1.5177721,-0.5868801,0.06639389,-0.021306237,-0.49968925
