frame,Ankle.R_x,Ankle.R_y,Ankle.R_z,Knee.R_x,Knee.R_y,Knee.R_z,Hip.R_x,Hip.R_y,Hip.R_z,Hip.L_x,Hip.L_y,Hip.L_z,Knee.L_x,Knee.L_y,Knee.L_z,Ankle.L_x,Ankle.L_y,Ankle.L_z,Wrist.R_x,Wrist.R_y,Wrist.R_z,Elbow.R_x,Elbow.R_y,Elbow.R_z,Shoulder.R_x,Shoulder.R_y,Shoulder.R_z,Shoulder.L_x,Shoulder.L_y,Shoulder.L_z,Elbow.L_x,Elbow.L_y,Elbow.L_z,Wrist.L_x,Wrist.L_y,Wrist.L_z,Neck_x,Neck_y,Neck_z,Head_x,Head_y,Head_z,Nose_x,Nose_y,Nose_z,hip.Center_x,hip.Center_y,hip.Center_z
0,0.05767763,-1.7575499,-1.2433808,-0.09475815,-0.95731366,-0.52016556,-0.17096198,-0.042744063,-0.36758727,0.28631628,-0.0046421513,-0.6299353,0.4006356,-0.919212,-0.9020487,0.36253393,-1.6813465,-1.5660311,-0.4377166,-0.0046421513,-0.19500574,-0.4377166,0.5669552,-0.40959662,-0.36149895,1.1385525,-0.34774923,0.36253393,1.1385525,-0.65450794,0.47685325,0.5669552,-0.27022666,0.5149554,0.03345952,0.03899485,0.00051772967,1.1385525,-0.5498173,0.038605098,1.9769047,-0.6582399,0.019561175,1.5577286,-0.57595646,0.05767763,-0.023692988,-0.4993495
