frame,Ankle.R_x,Ankle.R_y,Ankle.R_z,Knee.R_x,Knee.R_y,Knee.R_z,Hip.R_x,Hip.R_y,Hip.R_z,Hip.L_x,Hip.L_y,Hip.L_z,Knee.L_x,Knee.L_y,Knee.L_z,Ankle.L_x,Ankle.L_y,Ankle.L_z,Wrist.R_x,Wrist.R_y,Wrist.R_z,Elbow.R_x,Elbow.R_y,Elbow.R_z,Shoulder.R_x,Shoulder.R_y,Shoulder.R_z,Shoulder.L_x,Shoulder.L_y,Shoulder.L_z,Elbow.L_x,Elbow.L_y,Elbow.L_z,Wrist.L_x,Wrist.L_y,Wrist.L_z,Neck_x,Neck_y,Neck_z,Head_x,Head_y,Head_z,Nose_x,Nose_y,Nose_z,hip.Center_x,hip.Center_y,hip.Center_z
0,0.3617675,-1.903003,-0.5667305,0.32552597,-0.92423683,-0.58429027,0.28927013,-0.017967733,-0.34180075,-0.14572933,-0.017967733,-0.65839434,-0.073231496,-0.92423683,-1.1754928,-0.03699044,-1.8667471,-0.99038446,0.5430185,0.054529876,-1.1898887,0.506777,0.52578515,-0.7737675,0.3617675,1.14205,-0.3741581,-0.3269942,1.14205,-0.60393435,-0.39949206,0.48952934,-0.7897227,-0.39949206,-0.017967733,-1.1129551,0.017386638,1.14205,-0.49733883,0.41615888,1.8670536,-0.4634471,0.21677229,1.5045518,-0.6148081,0.07177087,-0.017967733,-0.49970713
