frame,Ankle.R_x,Ankle.R_y,Ankle.R_z,Knee.R_x,Knee.R_y,Knee.R_z,Hip.R_x,Hip.R_y,Hip.R_z,Hip.L_x,Hip.L_y,Hip.L_z,Knee.L_x,Knee.L_y,Knee.L_z,Ankle.L_x,Ankle.L_y,Ankle.L_z,Wrist.R_x,Wrist.R_y,Wrist.R_z,Elbow.R_x,Elbow.R_y,Elbow.R_z,Shoulder.R_x,Shoulder.R_y,Shoulder.R_z,Shoulder.L_x,Shoulder.L_y,Shoulder.L_z,Elbow.L_x,Elbow.L_y,Elbow.L_z,Wrist.L_x,Wrist.L_y,Wrist.L_z,Neck_x,Neck_y,Neck_z,Head_x,Head_y,Head_z,Nose_x,Nose_y,Nose_z,hip.Center_x,hip.Center_y,hip.Center_z
0,-0.3125755,-1.0031323,-0.7889856,-0.48381487,-0.04420754,-0.31185484,-0.14133611,0.058536325,-0.7277719,0.33813462,-0.07845518,-0.29301453,0.20114264,-1.2086196,-0.65469664,0.20114264,-1.7223382,-1.1670775,-0.41531911,0.12703207,-0.017260939,-0.34682384,0.64075047,-0.47733673,-0.17558399,1.2572126,-0.82412654,0.64634925,1.1887169,-0.36039037,0.68059665,0.50375897,-0.2709977,0.6121009,-0.18119904,-0.16090861,0.23538241,1.2229649,-0.6590158,0.2353991,2.11341,-0.6210719,0.23539099,1.6681875,-0.40690106,0.098399006,-0.009959665,-0.49473378
