frame,Ankle.R_x,Ankle.R_y,Ankle.R_z,Knee.R_x,Knee.R_y,Knee.R_z,Hip.R_x,Hip.R_y,Hip.R_z,Hip.L_x,Hip.L_y,Hip.L_z,Knee.L_x,Knee.L_y,Knee.L_z,Ankle.L_x,Ankle.L_y,Ankle.L_z,Wrist.R_x,Wrist.R_y,Wrist.R_z,Elbow.R_x,Elbow.R_y,Elbow.R_z,Shoulder.R_x,Shoulder.R_y,Shoulder.R_z,Shoulder.L_x,Shoulder.L_y,Shoulder.L_z,Elbow.L_x,Elbow.L_y,Elbow.L_z,Wrist.L_x,Wrist.L_y,Wrist.L_z,Neck_x,Neck_y,Neck_z,Head_x,Head_y,Head_z,Nose_x,Nose_y,Nose_z,hip.Center_x,hip.Center_y,hip.Center_z
0,0.04076892,-1.7085426,-0.9630096,-0.07254046,-0.9153361,-0.2992655,-0.14808005,-0.046603635,-0.37261698,0.26740104,-0.008833842,-0.6288559,0.38071042,-0.9153361,-0.7876378,0.34294063,-1.6707728,-1.4553912,-0.45025223,0.028935952,-0.27707988,-0.45025223,0.59551007,-0.46524215,-0.33694237,1.1620703,-0.31589854,0.34294063,1.1620703,-0.6348475,0.45625,0.59551007,-0.22476786,0.4940198,0.06670551,0.024572015,0.002999127,1.1620703,-0.515121,0.002999127,1.9930606,-0.614702,0.002999127,1.5775654,-0.5502102,0.059660256,-0.02771874,-0.4996959
