frame,Ankle.R_x,Ankle.R_y,Ankle.R_z,Knee.R_x,Knee.R_y,Knee.R_z,Hip.R_x,Hip.R_y,Hip.R_z,Hip.L_x,Hip.L_y,Hip.L_z,Knee.L_x,Knee.L_y,Knee.L_z,Ankle.L_x,Ankle.L_y,Ankle.L_z,Wrist.R_x,Wrist.R_y,Wrist.R_z,Elbow.R_x,Elbow.R_y,Elbow.R_z,Shoulder.R_x,Shoulder.R_y,Shoulder.R_z,Shoulder.L_x,Shoulder.L_y,Shoulder.L_z,Elbow.L_x,Elbow.L_y,Elbow.L_z,Wrist.L_x,Wrist.L_y,Wrist.L_z,Neck_x,Neck_y,Neck_z,Head_x,Head_y,Head_z,Nose_x,Nose_y,Nose_z,hip.Center_x,hip.Center_y,hip.Center_z
0,0.15535237,-1.6456413,-0.32748097,0.82358575,-0.7686077,-0.1460526,0.1135986,-0.01685076,-0.25727513,0.071829095,-0.01685076,-0.7477921,0.030059114,-1.1027164,-0.8313404,-0.09523319,-2.1468124,-0.80861485,0.071829095,0.06667251,-0.38030747,-0.30404925,0.69313663,-0.37860003,-0.09523319,1.3613541,-0.3305813,-0.011693701,1.3195844,-0.825741,0.030059114,0.60959715,-0.82145804,0.23889185,0.108442254,-0.50635445,-0.053463683,1.3404692,-0.58450955,0.78183293,1.7998708,-0.5831739,0.36418414,1.57017,-0.48767254,0.092714086,-0.01685076,-0.5001994
