frame,Ankle.R_x,Ankle.R_y,Ankle.R_z,Knee.R_x,Knee.R_y,Knee.R_z,Hip.R_x,Hip.R_y,Hip.R_z,Hip.L_x,Hip.L_y,Hip.L_z,Knee.L_x,Knee.L_y,Knee.L_z,Ankle.L_x,Ankle.L_y,Ankle.L_z,Wrist.R_x,Wrist.R_y,Wrist.R_z,Elbow.R_x,Elbow.R_y,Elbow.R_z,Shoulder.R_x,Shoulder.R_y,Shoulder.R_z,Shoulder.L_x,Shoulder.L_y,Shoulder.L_z,Elbow.L_x,Elbow.L_y,Elbow.L_z,Wrist.L_x,Wrist.L_y,Wrist.L_z,Neck_x,Neck_y,Neck_z,Head_x,Head_y,Head_z,Nose_x,Nose_y,Nose_z,hip.Center_x,hip.Center_y,hip.Center_z
0,0.16729736,-1.8425539,-0.4443284,0.20417261,-0.9206772,-0.39910102,0.27792406,-0.03566172,-0.38859963,-0.09083224,0.0012137648,-0.61128914,-0.23833466,-0.9575529,-0.97402537,-0.3120861,-1.8794291,-1.0653541,0.4991784,0.03808973,-1.2310215,0.5729294,0.517473,-0.9246272,0.4623022,1.1074834,-0.49694654,-0.12770796,1.18122,-0.4515987,-0.27521038,0.55434847,-0.63263196,-0.42269802,0.03808973,-0.96046454,0.16729736,1.1443517,-0.47375506,-0.4227128,1.88185,-0.44563514,-0.12770796,1.5131009,-0.61142796,0.09354638,-0.01722386,-0.49981147
