frame,Ankle.R_x,Ankle.R_y,Ankle.R_z,Knee.R_x,Knee.R_y,Knee.R_z,Hip.R_x,Hip.R_y,Hip.R_z,Hip.L_x,Hip.L_y,Hip.L_z,Knee.L_x,Knee.L_y,Knee.L_z,Ankle.L_x,Ankle.L_y,Ankle.L_z,Wrist.R_x,Wrist.R_y,Wrist.R_z,Elbow.R_x,Elbow.R_y,Elbow.R_z,Shoulder.R_x,Shoulder.R_y,Shoulder.R_z,Shoulder.L_x,Shoulder.L_y,Shoulder.L_z,Elbow.L_x,Elbow.L_y,Elbow.L_z,Wrist.L_x,Wrist.L_y,Wrist.L_z,Neck_x,Neck_y,Neck_z,Head_x,Head_y,Head_z,Nose_x,Nose_y,Nose_z,hip.Center_x,hip.Center_y,hip.Center_z
0,-0.27829537,-1.6957135,-1.3461468,-0.20730528,-0.87922573,-0.64118636,-0.13630041,0.008237829,-0.46158236,0.32517877,-0.06275249,-0.54217315,0.2186934,-0.9502306,-0.71943176,0.14768901,-1.7312088,-1.4851019,-0.31379065,0.07924222,-0.07755104,-0.31379065,0.61172605,-0.40900186,-0.1717957,1.1797053,-0.4523427,0.53817815,1.14421,-0.6545447,0.60918254,0.54072165,-0.36456668,0.53817815,0.008237829,-0.15872198,0.18319145,1.1619576,-0.6266552,0.25419536,1.978431,-0.7398607,0.2186934,1.5701944,-0.64442134,0.094439186,-0.027257213,-0.4972658
