frame,Ankle.R_x,Ankle.R_y,Ankle.R_z,Knee.R_x,Knee.R_y,Knee.R_z,Hip.R_x,Hip.R_y,Hip.R_z,Hip.L_x,Hip.L_y,Hip.L_z,Knee.L_x,Knee.L_y,Knee.L_z,Ankle.L_x,Ankle.L_y,Ankle.L_z,Wrist.R_x,Wrist.R_y,Wrist.R_z,Elbow.R_x,Elbow.R_y,Elbow.R_z,Shoulder.R_x,Shoulder.R_y,Shoulder.R_z,Shoulder.L_x,Shoulder.L_y,Shoulder.L_z,Elbow.L_x,Elbow.L_y,Elbow.L_z,Wrist.L_x,Wrist.L_y,Wrist.L_z,Neck_x,Neck_y,Neck_z,Head_x,Head_y,Head_z,Nose_x,Nose_y,Nose_z,hip.Center_x,hip.Center_y,hip.Center_z
0,-0.044201598,-1.7062427,-1.5810533,-0.15141653,-0.91994697,-0.75435495,-0.15141653,-0.026422588,-0.49298066,0.27746987,-0.026422588,-0.50860816,0.27746987,-0.9556847,-0.78263867,0.27746987,-1.7419811,-1.4004428,-0.40161157,0.08079186,-0.027798533,-0.3658731,0.6169066,-0.36501148,-0.22290634,1.153021,-0.42614263,0.4561746,1.153021,-0.6205079,0.5276511,0.58116835,-0.36569685,0.56338906,0.009315642,-0.16312164,0.11663367,1.153021,-0.5768224,0.15237214,1.9393167,-0.69479895,0.13450314,1.5461689,-0.5921016,0.06302668,-0.026422588,-0.4973991
