frame,Ankle.R_x,Ankle.R_y,Ankle.R_z,Knee.R_x,Knee.R_y,Knee.R_z,Hip.R_x,Hip.R_y,Hip.R_z,Hip.L_x,Hip.L_y,Hip.L_z,Knee.L_x,Knee.L_y,Knee.L_z,Ankle.L_x,Ankle.L_y,Ankle.L_z,Wrist.R_x,Wrist.R_y,Wrist.R_z,Elbow.R_x,Elbow.R_y,Elbow.R_z,Shoulder.R_x,Shoulder.R_y,Shoulder.R_z,Shoulder.L_x,Shoulder.L_y,Shoulder.L_z,Elbow.L_x,Elbow.L_y,Elbow.L_z,Wrist.L_x,Wrist.L_y,Wrist.L_z,Neck_x,Neck_y,Neck_z,Head_x,Head_y,Head_z,Nose_x,Nose_y,Nose_z,hip.Center_x,hip.Center_y,hip.Center_z
0,-0.07431165,-1.9535234,-0.2177042,0.049768053,-1.0495803,0.0003285408,0.049768053,-0.021573069,-0.51156014,0.15610847,-0.021573069,-0.49123028,0.12066182,-1.0141332,-0.41247097,-0.021141447,-1.8649056,-0.99466074,-0.05658809,-0.021573069,-0.65845406,-0.19837609,0.61650276,-0.43231964,-0.05658809,1.2900405,-0.5035589,0.014320932,1.2900405,-0.61186916,0.08521517,0.5456085,-0.7334851,0.33335885,0.08478308,-0.30694327,-0.02113334,1.2900405,-0.55964476,0.6878515,1.9990101,-0.7747265,0.33335885,1.6445252,-0.6671088,0.10293826,-0.021573069,-0.5024227
