frame,Ankle.R_x,Ankle.R_y,Ankle.R_z,Knee.R_x,Knee.R_y,Knee.R_z,Hip.R_x,Hip.R_y,Hip.R_z,Hip.L_x,Hip.L_y,Hip.L_z,Knee.L_x,Knee.L_y,Knee.L_z,Ankle.L_x,Ankle.L_y,Ankle.L_z,Wrist.R_x,Wrist.R_y,Wrist.R_z,Elbow.R_x,Elbow.R_y,Elbow.R_z,Shoulder.R_x,Shoulder.R_y,Shoulder.R_z,Shoulder.L_x,Shoulder.L_y,Shoulder.L_z,Elbow.L_x,Elbow.L_y,Elbow.L_z,Wrist.L_x,Wrist.L_y,Wrist.L_z,Neck_x,Neck_y,Neck_z,Head_x,Head_y,Head_z,Nose_x,Nose_y,Nose_z,hip.Center_x,hip.Center_y,hip.Center_z
0,0.017332312,-1.7227973,-1.3171916,-0.09332967,-0.9113492,-0.58348733,-0.16709542,-0.026135588,-0.432808,0.2755115,-0.026135588,-0.5693393,0.31239438,-0.9113492,-0.69188946,0.31239438,-1.6859144,-1.3476901,-0.4252746,0.04762969,-0.1966168,-0.46217132,0.60088503,-0.4344689,-0.35150933,1.1541537,-0.376636,0.34927678,1.1910365,-0.6401269,0.4599254,0.60088503,-0.27244747,0.49682164,0.08451257,0.009958327,-0.0011160411,1.1725951,-0.5687381,0.109545946,1.9471604,-0.65046215,0.054214712,1.5598778,-0.5769245,0.054208037,-0.026135588,-0.49834815
