frame,Ankle.R_x,Ankle.R_y,Ankle.R_z,Knee.R_x,Knee.R_y,Knee.R_z,Hip.R_x,Hip.R_y,Hip.R_z,Hip.L_x,Hip.L_y,Hip.L_z,Knee.L_x,Knee.L_y,Knee.L_z,Ankle.L_x,Ankle.L_y,Ankle.L_z,Wrist.R_x,Wrist.R_y,Wrist.R_z,Elbow.R_x,Elbow.R_y,Elbow.R_z,Shoulder.R_x,Shoulder.R_y,Shoulder.R_z,Shoulder.L_x,Shoulder.L_y,Shoulder.L_z,Elbow.L_x,Elbow.L_y,Elbow.L_z,Wrist.L_x,Wrist.L_y,Wrist.L_z,Neck_x,Neck_y,Neck_z,Head_x,Head_y,Head_z,Nose_x,Nose_y,Nose_z,hip.Center_x,hip.Center_y,hip.Center_z
0,0.32215983,-1.8585768,-0.5337144,0.32215983,-0.93987554,-0.58127785,0.32215983,-0.021174371,-0.36347196,-0.13718359,-0.021174371,-0.63851696,-0.13718359,-0.90453833,-1.2032757,-0.24319546,-1.7879162,-0.95026267,0.6048446,0.014163077,-1.2000399,0.6048446,0.5088578,-0.8022784,0.46350914,1.1448743,-0.4167286,-0.24319546,1.1448743,-0.6017526,-0.3491935,0.5088578,-0.80359524,-0.3491935,0.014163077,-1.1957359,0.11015661,1.1448743,-0.51346457,0.53416353,1.8515654,-0.4677414,0.32215983,1.49822,-0.63097167,0.09248836,-0.021174371,-0.49995676
