frame,Ankle.R_x,Ankle.R_y,Ankle.R_z,Knee.R_x,Knee.R_y,Knee.R_z,Hip.R_x,Hip.R_y,Hip.R_z,Hip.L_x,Hip.L_y,Hip.L_z,Knee.L_x,Knee.L_y,Knee.L_z,Ankle.L_x,Ankle.L_y,Ankle.L_z,Wrist.R_x,Wrist.R_y,Wrist.R_z,Elbow.R_x,Elbow.R_y,Elbow.R_z,Shoulder.R_x,Shoulder.R_y,Shoulder.R_z,Shoulder.L_x,Shoulder.L_y,Shoulder.L_z,Elbow.L_x,Elbow.L_y,Elbow.L_z,Wrist.L_x,Wrist.L_y,Wrist.L_z,Neck_x,Neck_y,Neck_z,Head_x,Head_y,Head_z,Nose_x,Nose_y,Nose_z,hip.Center_x,hip.Center_y,hip.Center_z
0,0.08602594,-1.7531343,-0.5674855,-0.03448178,-0.94972306,-0.34111047,-0.11481549,-0.0258036,-0.6610786,0.24670814,-0.0258036,-0.3386764,0.1663749,-0.94972306,-0.4787146,0.28688264,-1.8736429,-0.7819216,-0.31567216,0.09470436,-0.06581369,-0.23532368,0.61692566,-0.34093353,-0.19516398,1.1793064,-0.5612432,0.36723113,1.259655,-0.5055537,0.44756484,0.6570999,-0.28471807,0.32705712,0.05454513,-0.23391616,0.08603357,1.2194808,-0.57092905,-0.23534562,1.9425585,-0.72595966,-0.07465626,1.5810196,-0.71478,0.065946326,-0.0258036,-0.49713644
