frame,Ankle.R_x,Ankle.R_y,Ankle.R_z,Knee.R_x,Knee.R_y,Knee.R_z,Hip.R_x,Hip.R_y,Hip.R_z,Hip.L_x,Hip.L_y,Hip.L_z,Knee.L_x,Knee.L_y,Knee.L_z,Ankle.L_x,Ankle.L_y,Ankle.L_z,Wrist.R_x,Wrist.R_y,Wrist.R_z,Elbow.R_x,Elbow.R_y,Elbow.R_z,Shoulder.R_x,Shoulder.R_y,Shoulder.R_z,Shoulder.L_x,Shoulder.L_y,Shoulder.L_z,Elbow.L_x,Elbow.L_y,Elbow.L_z,Wrist.L_x,Wrist.L_y,Wrist.L_z,Neck_x,Neck_y,Neck_z,Head_x,Head_y,Head_z,Nose_x,Nose_y,Nose_z,hip.Center_x,hip.Center_y,hip.Center_z
0,0.07550435,-2.1221344,0.026899517,-0.085449174,-1.156429,-0.037474155,-0.16590972,-0.07000894,-0.26973972,0.27669674,0.050690465,-0.7012965,0.3974114,-0.029770562,-0.7200223,0.3974114,-0.9954755,-0.8457538,-0.48781675,-0.15048547,-0.33612126,-0.52805513,0.49331242,-0.3425007,-0.40734,1.1773487,-0.13213879,0.35717303,1.2175872,-0.6273649,0.5583649,0.5737894,-0.00050473213,0.67906386,-0.029770562,0.25611818,-0.025083493,1.197468,-0.37165317,-0.06533809,2.1229184,-0.4965949,-0.04521079,1.6601932,-0.52590173,0.055393267,-0.009659478,-0.5010493
