frame,Ankle.R_x,Ankle.R_y,Ankle.R_z,Knee.R_x,Knee.R_y,Knee.R_z,Hip.R_x,Hip.R_y,Hip.R_z,Hip.L_x,Hip.L_y,Hip.L_z,Knee.L_x,Knee.L_y,Knee.L_z,Ankle.L_x,Ankle.L_y,Ankle.L_z,Wrist.R_x,Wrist.R_y,Wrist.R_z,Elbow.R_x,Elbow.R_y,Elbow.R_z,Shoulder.R_x,Shoulder.R_y,Shoulder.R_z,Shoulder.L_x,Shoulder.L_y,Shoulder.L_z,Elbow.L_x,Elbow.L_y,Elbow.L_z,Wrist.L_x,Wrist.L_y,Wrist.L_z,Neck_x,Neck_y,Neck_z,Head_x,Head_y,Head_z,Nose_x,Nose_y,Nose_z,hip.Center_x,hip.Center_y,hip.Center_z
0,0.25193202,-1.9256071,0.2863202,0.11911,-0.99585336,-0.14203036,0.11911,-0.021835247,-0.61944294,0.030551806,-0.021835247,-0.37108427,-0.013712034,-1.0401324,-0.65467465,-0.013712034,-2.1027083,-0.5936293,-0.14653407,0.022443851,-0.5473762,0.074830905,0.553732,-0.50600743,0.11911,1.306385,-0.6050724,0.11911,1.2621058,-0.4860866,0.16337384,0.5979956,-0.25536874,0.074830905,-0.066099085,-0.2642172,0.11911,1.2842454,-0.57712483,-0.58929455,2.0368984,-0.6011379,-0.23509227,1.6605719,-0.647874,0.074830905,-0.021835247,-0.5002605
