frame,Ankle.R_x,Ankle.R_y,Ankle.R_z,Knee.R_x,Knee.R_y,Knee.R_z,Hip.R_x,Hip.R_y,Hip.R_z,Hip.L_x,Hip.L_y,Hip.L_z,Knee.L_x,Knee.L_y,Knee.L_z,Ankle.L_x,Ankle.L_y,Ankle.L_z,Wrist.R_x,Wrist.R_y,Wrist.R_z,Elbow.R_x,Elbow.R_y,Elbow.R_z,Shoulder.R_x,Shoulder.R_y,Shoulder.R_z,Shoulder.L_x,Shoulder.L_y,Shoulder.L_z,Elbow.L_x,Elbow.L_y,Elbow.L_z,Wrist.L_x,Wrist.L_y,Wrist.L_z,Neck_x,Neck_y,Neck_z,Head_x,Head_y,Head_z,Nose_x,Nose_y,Nose_z,hip.Center_x,hip.Center_y,hip.Center_z
0,0.11217131,-1.8721136,-0.25922853,0.22041859,-0.9700614,-0.2898795,0.29258406,-0.03191199,-0.4012415,-0.10432468,0.0041705165,-0.5991134,-0.21257292,-0.9700614,-0.94228476,-0.28473842,-1.9081968,-1.1681037,0.5451628,0.0041705165,-1.2455373,0.6173283,0.5093137,-0.9278126,0.47299778,1.0866363,-0.49901447,-0.17649017,1.1227189,-0.49011338,-0.28473842,0.5453962,-0.72237885,-0.42906892,0.0041705165,-1.0472424,0.14825357,1.1046777,-0.48939073,-0.3569039,1.8624138,-0.42555818,-0.10432468,1.4835457,-0.60917974,0.0941297,-0.013870617,-0.5000124
