frame,Ankle.R_x,Ankle.R_y,Ankle.R_z,Knee.R_x,Knee.R_y,Knee.R_z,Hip.R_x,Hip.R_y,Hip.R_z,Hip.L_x,Hip.L_y,Hip.L_z,Knee.L_x,Knee.L_y,Knee.L_z,Ankle.L_x,Ankle.L_y,Ankle.L_z,Wrist.R_x,Wrist.R_y,Wrist.R_z,Elbow.R_x,Elbow.R_y,Elbow.R_z,Shoulder.R_x,Shoulder.R_y,Shoulder.R_z,Shoulder.L_x,Shoulder.L_y,Shoulder.L_z,Elbow.L_x,Elbow.L_y,Elbow.L_z,Wrist.L_x,Wrist.L_y,Wrist.L_z,Neck_x,Neck_y,Neck_z,Head_x,Head_y,Head_z,Nose_x,Nose_y,Nose_z,hip.Center_x,hip.Center_y,hip.Center_z
0,0.19953129,-2.062201,-0.24933228,0.27198288,-1.0116067,-0.6523467,0.34443447,-0.033463504,-0.5162955,-0.1627424,0.002762054,-0.49109644,-0.45256403,-0.32328537,-1.3345468,-0.30766085,-1.0116067,-1.0448225,0.67048234,0.002762054,-1.2985898,0.74293345,0.54616475,-0.97743994,0.56180495,1.2344859,-0.56473166,-0.19896773,1.2344859,-0.50512975,-0.30766085,0.54616475,-0.7167424,-0.48878983,0.038988087,-1.1028067,0.18141863,1.2344859,-0.59638476,-0.2895477,1.8865812,-0.52738917,-0.05406455,1.5605335,-0.7815695,0.09084626,-0.015350605,-0.49915415
