frame,Ankle.R_x,Ankle.R_y,Ankle.R_z,Knee.R_x,Knee.R_y,Knee.R_z,Hip.R_x,Hip.R_y,Hip.R_z,Hip.L_x,Hip.L_y,Hip.L_z,Knee.L_x,Knee.L_y,Knee.L_z,Ankle.L_x,Ankle.L_y,Ankle.L_z,Wrist.R_x,Wrist.R_y,Wrist.R_z,Elbow.R_x,Elbow.R_y,Elbow.R_z,Shoulder.R_x,Shoulder.R_y,Shoulder.R_z,Shoulder.L_x,Shoulder.L_y,Shoulder.L_z,Elbow.L_x,Elbow.L_y,Elbow.L_z,Wrist.L_x,Wrist.L_y,Wrist.L_z,Neck_x,Neck_y,Neck_z,Head_x,Head_y,Head_z,Nose_x,Nose_y,Nose_z,hip.Center_x,hip.Center_y,hip.Center_z
0,0.0866319,-1.7612447,-0.8054241,-0.06949603,-0.94158804,-0.6265457,-0.10852801,-0.0048502833,-0.6334075,0.24274457,-0.043882266,-0.36952826,0.24274457,-0.98062027,-0.5038085,0.28177702,-1.8392943,-0.8725067,-0.34270513,0.15127765,0.016269088,-0.26465595,0.65867865,-0.30217412,-0.18659198,1.1660794,-0.55761915,0.39887297,1.2441434,-0.55775493,0.51596844,0.61964643,-0.32424578,0.359841,0.034181938,-0.2462506,0.10614026,1.2051114,-0.5981398,-0.08900439,1.9076575,-0.7626252,0.008567937,1.5563844,-0.7008611,0.06710828,-0.024366274,-0.49610227
