frame,Ankle.R_x,Ankle.R_y,Ankle.R_z,Knee.R_x,Knee.R_y,Knee.R_z,Hip.R_x,Hip.R_y,Hip.R_z,Hip.L_x,Hip.L_y,Hip.L_z,Knee.L_x,Knee.L_y,Knee.L_z,Ankle.L_x,Ankle.L_y,Ankle.L_z,Wrist.R_x,Wrist.R_y,Wrist.R_z,Elbow.R_x,Elbow.R_y,Elbow.R_z,Shoulder.R_x,Shoulder.R_y,Shoulder.R_z,Shoulder.L_x,Shoulder.L_y,Shoulder.L_z,Elbow.L_x,Elbow.L_y,Elbow.L_z,Wrist.L_x,Wrist.L_y,Wrist.L_z,Neck_x,Neck_y,Neck_z,Head_x,Head_y,Head_z,Nose_x,Nose_y,Nose_z,hip.Center_x,hip.Center_y,hip.Center_z
0,0.25358728,-1.8979356,0.03300923,0.13337901,-1.0163665,-0.2518887,0.21350768,-0.014588892,-0.5487748,-0.06698844,-0.014588892,-0.4465387,-0.06698844,-1.0564308,-0.7107378,-0.026909322,-2.0582235,-0.8225414,-0.026909322,0.02549094,-0.89917576,0.2936516,0.5063397,-0.8398903,0.17344335,1.1875563,-0.6323829,-0.10705325,1.1875563,-0.35764003,-0.18719718,0.5063397,-0.32651424,-0.46769378,-0.054653227,-0.35918283,0.03319505,1.1875563,-0.50319993,-0.7281656,1.9088376,-0.5532928,-0.34748504,1.548197,-0.6251315,0.07325938,-0.014588892,-0.49836603
