frame,Ankle.R_x,Ankle.R_y,Ankle.R_z,Knee.R_x,Knee.R_y,Knee.R_z,Hip.R_x,Hip.R_y,Hip.R_z,Hip.L_x,Hip.L_y,Hip.L_z,Knee.L_x,Knee.L_y,Knee.L_z,Ankle.L_x,Ankle.L_y,Ankle.L_z,Wrist.R_x,Wrist.R_y,Wrist.R_z,Elbow.R_x,Elbow.R_y,Elbow.R_z,Shoulder.R_x,Shoulder.R_y,Shoulder.R_z,Shoulder.L_x,Shoulder.L_y,Shoulder.L_z,Elbow.L_x,Elbow.L_y,Elbow.L_z,Wrist.L_x,Wrist.L_y,Wrist.L_z,Neck_x,Neck_y,Neck_z,Head_x,Head_y,Head_z,Nose_x,Nose_y,Nose_z,hip.Center_x,hip.Center_y,hip.Center_z
0,0.2632866,-1.9742289,-0.030503333,0.419775,-0.9570536,-0.23198318,0.22416449,-0.018122867,-0.4255464,-0.088812344,-0.018122867,-0.5804746,-0.0105681345,-0.9570536,-0.92881763,-0.088812344,-1.9351068,-0.8419966,0.5371413,0.020999238,-0.99965596,0.3024087,0.5687085,-0.5725099,0.18504238,1.1946476,-0.39534163,-0.28442287,1.1555254,-0.5731019,-0.28442287,0.5295864,-0.8517188,-0.12793398,0.13836555,-1.0062674,-0.04969024,1.1750865,-0.4947094,0.65450764,1.9184065,-0.49799022,0.3024087,1.5467465,-0.5253613,0.067676075,-0.018122867,-0.49920815
