frame,Ankle.R_x,Ankle.R_y,Ankle.R_z,Knee.R_x,Knee.R_y,Knee.R_z,Hip.R_x,Hip.R_y,Hip.R_z,Hip.L_x,Hip.L_y,Hip.L_z,Knee.L_x,Knee.L_y,Knee.L_z,Ankle.L_x,Ankle.L_y,Ankle.L_z,Wrist.R_x,Wrist.R_y,Wrist.R_z,Elbow.R_x,Elbow.R_y,Elbow.R_z,Shoulder.R_x,Shoulder.R_y,Shoulder.R_z,Shoulder.L_x,Shoulder.L_y,Shoulder.L_z,Elbow.L_x,Elbow.L_y,Elbow.L_z,Wrist.L_x,Wrist.L_y,Wrist.L_z,Neck_x,Neck_y,Neck_z,Head_x,Head_y,Head_z,Nose_x,Nose_y,Nose_z,hip.Center_x,hip.Center_y,hip.Center_z
0,0.27441153,-2.2501464,-0.41895977,0.1020554,-1.1298078,-0.49183577,-0.027224213,-0.009469438,-0.71496445,0.14513144,-0.009469438,-0.28265965,-0.4150292,-0.8712658,-0.3557218,0.058962196,-1.948511,-0.15616643,-0.11339393,-0.052562643,-0.29788926,-0.027224213,0.5507081,-0.28804755,-0.07031742,1.1970556,-0.5965534,0.31750426,1.283225,-0.5198371,0.44676718,0.59378463,-0.23828629,0.31750426,-0.095638916,-0.19735923,0.12359318,1.2401402,-0.58815503,-0.52275383,1.7572079,-0.6625976,-0.19958034,1.498674,-0.6906698,0.058953613,-0.009469438,-0.4970739
