frame,Ankle.R_x,Ankle.R_y,Ankle.R_z,Knee.R_x,Knee.R_y,Knee.R_z,Hip.R_x,Hip.R_y,Hip.R_z,Hip.L_x,Hip.L_y,Hip.L_z,Knee.L_x,Knee.L_y,Knee.L_z,Ankle.L_x,Ankle.L_y,Ankle.L_z,Wrist.R_x,Wrist.R_y,Wrist.R_z,Elbow.R_x,Elbow.R_y,Elbow.R_z,Shoulder.R_x,Shoulder.R_y,Shoulder.R_z,Shoulder.L_x,Shoulder.L_y,Shoulder.L_z,Elbow.L_x,Elbow.L_y,Elbow.L_z,Wrist.L_x,Wrist.L_y,Wrist.L_z,Neck_x,Neck_y,Neck_z,Head_x,Head_y,Head_z,Nose_x,Nose_y,Nose_z,hip.Center_x,hip.Center_y,hip.Center_z
0,0.18434449,-2.0475824,-0.23094249,0.23835726,-1.0211806,-0.61245096,0.346399,-0.048823334,-0.5384459,-0.15779476,0.023204347,-0.47053513,-0.4819191,-0.26490638,-1.1942079,-0.33786374,-0.8771255,-1.207653,0.67052287,-0.0128094945,-1.3460078,0.7065365,0.5634115,-1.0561311,0.5624811,1.247674,-0.58336246,-0.26583606,1.247674,-0.5328322,-0.37387782,0.52739763,-0.7246164,-0.5179332,-0.0128094945,-1.1051373,0.14832278,1.247674,-0.6469416,-0.31985694,1.8959228,-0.57250494,-0.085767075,1.5717983,-0.84489787,0.094301894,-0.0128094945,-0.49853784
