frame,Ankle.R_x,Ankle.R_y,Ankle.R_z,Knee.R_x,Knee.R_y,Knee.R_z,Hip.R_x,Hip.R_y,Hip.R_z,Hip.L_x,Hip.L_y,Hip.L_z,Knee.L_x,Knee.L_y,Knee.L_z,Ankle.L_x,Ankle.L_y,Ankle.L_z,Wrist.R_x,Wrist.R_y,Wrist.R_z,Elbow.R_x,Elbow.R_y,Elbow.R_z,Shoulder.R_x,Shoulder.R_y,Shoulder.R_z,Shoulder.L_x,Shoulder.L_y,Shoulder.L_z,Elbow.L_x,Elbow.L_y,Elbow.L_z,Wrist.L_x,Wrist.L_y,Wrist.L_z,Neck_x,Neck_y,Neck_z,Head_x,Head_y,Head_z,Nose_x,Nose_y,Nose_z,hip.Center_x,hip.Center_y,hip.Center_z
0,-0.08640489,-1.7416022,-0.28128424,0.06577435,-1.2174299,-0.014496803,0.09958449,-0.03379461,-0.41707787,0.06577435,1.5525147e-05,-0.5847647,0.09958449,-1.1497929,-0.6709496,0.031948,-1.6908872,-0.63254917,0.2686843,-0.03379461,-0.45577213,-0.10332593,0.6087465,-0.44004807,0.031948,1.3527505,-0.46411827,-0.035688967,1.3527505,-0.609781,-0.06949958,0.6425729,-0.86484796,0.2686843,0.067652255,-0.7316265,-0.0018707216,1.3527505,-0.48221603,0.7421335,1.8938123,-0.5502832,0.3701314,1.6232815,-0.5813867,0.08267918,-0.016889544,-0.50256425
