frame,Ankle.R_x,Ankle.R_y,Ankle.R_z,Knee.R_x,Knee.R_y,Knee.R_z,Hip.R_x,Hip.R_y,Hip.R_z,Hip.L_x,Hip.L_y,Hip.L_z,Knee.L_x,Knee.L_y,Knee.L_z,Ankle.L_x,Ankle.L_y,Ankle.L_z,Wrist.R_x,Wrist.R_y,Wrist.R_z,Elbow.R_x,Elbow.R_y,Elbow.R_z,Shoulder.R_x,Shoulder.R_y,Shoulder.R_z,Shoulder.L_x,Shoulder.L_y,Shoulder.L_z,Elbow.L_x,Elbow.L_y,Elbow.L_z,Wrist.L_x,Wrist.L_y,Wrist.L_z,Neck_x,Neck_y,Neck_z,Head_x,Head_y,Head_z,Nose_x,Nose_y,Nose_z,hip.Center_x,hip.Center_y,hip.Center_z
0,-0.1831361,-1.6901044,-1.2910992,-0.1831361,-0.88616765,-0.5613066,-0.14659703,-0.009138931,-0.4416452,0.29192388,-0.04567801,-0.5614877,0.25537145,-0.92270625,-0.7496245,0.1822933,-1.6535658,-1.5191317,-0.4389354,0.10049118,-0.10253206,-0.3293053,0.6121038,-0.4138682,-0.1831361,1.1602414,-0.3881388,0.51117074,1.1602414,-0.6358398,0.62080085,0.57555115,-0.29957256,0.5477232,0.06395234,-0.06397,0.16401708,1.1602414,-0.576294,0.20056951,1.9641784,-0.67841846,0.1822933,1.5622098,-0.6224625,0.072663665,-0.02740847,-0.4978765
