frame,Ankle.R_x,Ankle.R_y,Ankle.R_z,Knee.R_x,Knee.R_y,Knee.R_z,Hip.R_x,Hip.R_y,Hip.R_z,Hip.L_x,Hip.L_y,Hip.L_z,Knee.L_x,Knee.L_y,Knee.L_z,Ankle.L_x,Ankle.L_y,Ankle.L_z,Wrist.R_x,Wrist.R_y,Wrist.R_z,Elbow.R_x,Elbow.R_y,Elbow.R_z,Shoulder.R_x,Shoulder.R_y,Shoulder.R_z,Shoulder.L_x,Shoulder.L_y,Shoulder.L_z,Elbow.L_x,Elbow.L_y,Elbow.L_z,Wrist.L_x,Wrist.L_y,Wrist.L_z,Neck_x,Neck_y,Neck_z,Head_x,Head_y,Head_z,Nose_x,Nose_y,Nose_z,hip.Center_x,hip.Center_y,hip.Center_z
0,-0.13214138,-1.9336574,-0.53160286,-0.004775308,-1.1876171,-0.3631745,-0.004775308,-0.059462808,-0.35164022,0.17718765,0.013322568,-0.6270971,0.90502334,-0.42338875,-0.46848288,0.35915062,-1.260402,-0.717087,0.03161738,-0.023070121,-0.61619747,-0.25952366,0.66837287,-0.16463569,-0.1139529,1.3962085,-0.18634212,-0.1139529,1.4326011,-0.80805117,-0.1503456,0.66837287,-1.0160809,0.10440276,0.04971502,-0.7216191,-0.1139529,1.4144047,-0.46498463,0.7594693,1.9602938,-0.46131015,0.32275793,1.6873493,-0.59235704,0.086206175,-0.023070121,-0.50467
