frame,Ankle.R_x,Ankle.R_y,Ankle.R_z,Knee.R_x,Knee.R_y,Knee.R_z,Hip.R_x,Hip.R_y,Hip.R_z,Hip.L_x,Hip.L_y,Hip.L_z,Knee.L_x,Knee.L_y,Knee.L_z,Ankle.L_x,Ankle.L_y,Ankle.L_z,Wrist.R_x,Wrist.R_y,Wrist.R_z,Elbow.R_x,Elbow.R_y,Elbow.R_z,Shoulder.R_x,Shoulder.R_y,Shoulder.R_z,Shoulder.L_x,Shoulder.L_y,Shoulder.L_z,Elbow.L_x,Elbow.L_y,Elbow.L_z,Wrist.L_x,Wrist.L_y,Wrist.L_z,Neck_x,Neck_y,Neck_z,Head_x,Head_y,Head_z,Nose_x,Nose_y,Nose_z,hip.Center_x,hip.Center_y,hip.Center_z
0,0.01341185,-1.7344841,-0.36089015,0.13135037,-1.1448082,0.012279153,0.09765372,-0.032867562,-0.4257891,0.063957065,0.00082908943,-0.5730553,0.09765372,-1.1448082,-0.572898,-0.053981453,-1.7344841,-0.7022982,0.26613697,-0.032867562,-0.4436252,-0.07083002,0.64103305,-0.44023192,0.063957065,1.3486301,-0.46884215,-0.07083002,1.3823267,-0.6031686,-0.0034367144,0.6747297,-0.848166,0.23244032,0.03452574,-0.7402081,-0.0034367144,1.3654784,-0.46926767,0.805251,1.8708957,-0.5603858,0.40090737,1.6181872,-0.5423052,0.08080515,-0.016019236,-0.5032367
