frame,Ankle.R_x,Ankle.R_y,Ankle.R_z,Knee.R_x,Knee.R_y,Knee.R_z,Hip.R_x,Hip.R_y,Hip.R_z,Hip.L_x,Hip.L_y,Hip.L_z,Knee.L_x,Knee.L_y,Knee.L_z,Ankle.L_x,Ankle.L_y,Ankle.L_z,Wrist.R_x,Wrist.R_y,Wrist.R_z,Elbow.R_x,Elbow.R_y,Elbow.R_z,Shoulder.R_x,Shoulder.R_y,Shoulder.R_z,Shoulder.L_x,Shoulder.L_y,Shoulder.L_z,Elbow.L_x,Elbow.L_y,Elbow.L_z,Wrist.L_x,Wrist.L_y,Wrist.L_z,Neck_x,Neck_y,Neck_z,Head_x,Head_y,Head_z,Nose_x,Nose_y,Nose_z,hip.Center_x,hip.Center_y,hip.Center_z
0,-0.009099435,-1.7025847,-1.203564,-0.08274312,-0.89242095,-0.66910505,-0.15640064,-0.045434657,-0.41286147,0.24868111,-0.008612815,-0.5839705,0.32233864,-0.85559887,-0.8989553,0.35916096,-1.6657629,-1.3814313,-0.63512653,0.028209027,-0.33784908,-0.56148285,0.5806063,-0.4987011,-0.45100302,1.096154,-0.3450172,0.24868111,1.1698115,-0.5743177,0.3959828,0.65424997,-0.20465302,0.4696403,0.10186678,0.03938842,-0.10116096,1.1329827,-0.48561528,-0.13796945,1.9431607,-0.4959576,-0.11956544,1.5380716,-0.5060197,0.046140242,-0.027023736,-0.49887925
