frame,Ankle.R_x,Ankle.R_y,Ankle.R_z,Knee.R_x,Knee.R_y,Knee.R_z,Hip.R_x,Hip.R_y,Hip.R_z,Hip.L_x,Hip.L_y,Hip.L_z,Knee.L_x,Knee.L_y,Knee.L_z,Ankle.L_x,Ankle.L_y,Ankle.L_z,Wrist.R_x,Wrist.R_y,Wrist.R_z,Elbow.R_x,Elbow.R_y,Elbow.R_z,Shoulder.R_x,Shoulder.R_y,Shoulder.R_z,Shoulder.L_x,Shoulder.L_y,Shoulder.L_z,Elbow.L_x,Elbow.L_y,Elbow.L_z,Wrist.L_x,Wrist.L_y,Wrist.L_z,Neck_x,Neck_y,Neck_z,Head_x,Head_y,Head_z,Nose_x,Nose_y,Nose_z,hip.Center_x,hip.Center_y,hip.Center_z
0,0.18041053,-1.8045704,-0.5556249,0.2516581,-0.9140126,-0.5772238,0.2516581,-0.023454856,-0.29234913,-0.10456737,-0.023454856,-0.7142268,-0.068943344,-0.87838835,-1.290308,-0.10456737,-1.6976984,-0.943936,0.7859904,0.04779296,-1.2227001,0.6078841,0.54650074,-0.7318189,0.46538845,1.1520941,-0.37412164,-0.21143898,1.1520941,-0.6762746,-0.35392126,0.58212477,-0.8635,-0.31829724,0.08341698,-1.1678733,0.12697425,1.1520941,-0.5378965,0.66130656,1.8645182,-0.50371504,0.39414087,1.5083061,-0.6105168,0.07354561,-0.023454856,-0.50001794
