frame,Ankle.R_x,Ankle.R_y,Ankle.R_z,Knee.R_x,Knee.R_y,Knee.R_z,Hip.R_x,Hip.R_y,Hip.R_z,Hip.L_x,Hip.L_y,Hip.L_z,Knee.L_x,Knee.L_y,Knee.L_z,Ankle.L_x,Ankle.L_y,Ankle.L_z,Wrist.R_x,Wrist.R_y,Wrist.R_z,Elbow.R_x,Elbow.R_y,Elbow.R_z,Shoulder.R_x,Shoulder.R_y,Shoulder.R_z,Shoulder.L_x,Shoulder.L_y,Shoulder.L_z,Elbow.L_x,Elbow.L_y,Elbow.L_z,Wrist.L_x,Wrist.L_y,Wrist.L_z,Neck_x,Neck_y,Neck_z,Head_x,Head_y,Head_z,Nose_x,Nose_y,Nose_z,hip.Center_x,hip.Center_y,hip.Center_z
0,-0.034760684,-1.7521715,-1.1226962,-0.071908206,-0.8978464,-0.44709998,-0.14618942,-0.043507054,-0.36383763,0.2623923,-0.006359292,-0.6351438,0.29953983,-0.8978464,-0.86189395,0.29953983,-1.715024,-1.5376103,-0.44335625,0.030774163,-0.30444908,-0.5176375,0.550813,-0.44567662,-0.3690612,1.1451328,-0.3072757,0.29953983,1.1822662,-0.6290405,0.41098335,0.62509423,-0.24705604,0.52241206,0.10506944,-0.0044162273,-0.034760684,1.1636995,-0.5002591,0.2623923,1.9437294,-0.5512065,0.11381605,1.5537145,-0.5113164,0.058101922,-0.024933292,-0.5006304
