frame,Ankle.R_x,Ankle.R_y,Ankle.R_z,Knee.R_x,Knee.R_y,Knee.R_z,Hip.R_x,Hip.R_y,Hip.R_z,Hip.L_x,Hip.L_y,Hip.L_z,Knee.L_x,Knee.L_y,Knee.L_z,Ankle.L_x,Ankle.L_y,Ankle.L_z,Wrist.R_x,Wrist.R_y,Wrist.R_z,Elbow.R_x,Elbow.R_y,Elbow.R_z,Shoulder.R_x,Shoulder.R_y,Shoulder.R_z,Shoulder.L_x,Shoulder.L_y,Shoulder.L_z,Elbow.L_x,Elbow.L_y,Elbow.L_z,Wrist.L_x,Wrist.L_y,Wrist.L_z,Neck_x,Neck_y,Neck_z,Head_x,Head_y,Head_z,Nose_x,Nose_y,Nose_z,hip.Center_x,hip.Center_y,hip.Center_z
0,0.12911819,-2.044116,0.12277371,0.33817077,-1.0406814,-0.10196793,0.17093204,-0.03724628,-0.46128565,-0.038121,0.0045673344,-0.53859395,0.0036928505,-0.95706946,-0.84072566,-0.038121,-2.002318,-0.9912688,0.50541043,-0.03724628,-0.8704845,0.21273015,0.54809827,-0.5321809,0.17093204,1.2170552,-0.4614764,-0.20536019,1.175257,-0.5780849,-0.28898692,0.54809827,-0.9035418,-0.07993437,0.08819456,-0.63220096,-0.017214075,1.196156,-0.5336664,0.69355655,1.9069417,-0.61691225,0.33817077,1.5515488,-0.60118425,0.06640552,-0.01633959,-0.50027055
