frame,Ankle.R_x,Ankle.R_y,Ankle.R_z,Knee.R_x,Knee.R_y,Knee.R_z,Hip.R_x,Hip.R_y,Hip.R_z,Hip.L_x,Hip.L_y,Hip.L_z,Knee.L_x,Knee.L_y,Knee.L_z,Ankle.L_x,Ankle.L_y,Ankle.L_z,Wrist.R_x,Wrist.R_y,Wrist.R_z,Elbow.R_x,Elbow.R_y,Elbow.R_z,Shoulder.R_x,Shoulder.R_y,Shoulder.R_z,Shoulder.L_x,Shoulder.L_y,Shoulder.L_z,Elbow.L_x,Elbow.L_y,Elbow.L_z,Wrist.L_x,Wrist.L_y,Wrist.L_z,Neck_x,Neck_y,Neck_z,Head_x,Head_y,Head_z,Nose_x,Nose_y,Nose_z,hip.Center_x,hip.Center_y,hip.Center_z
0,0.3002082,-1.7905009,-0.5671094,0.3002082,-0.9052887,-0.5686805,0.3002082,-0.020076016,-0.37011746,-0.14239776,-0.020076016,-0.6323211,-0.14239776,-0.9052887,-1.1596626,-0.14239776,-1.8273804,-1.0037296,0.6321627,0.09057548,-1.2150823,0.55839026,0.57006097,-0.8208251,0.4108597,1.1601976,-0.40169734,-0.2899288,1.1233186,-0.56408286,-0.4005803,0.5331819,-0.78608215,-0.4005803,0.09057548,-1.1810715,0.060465455,1.1417581,-0.48610494,0.39240563,1.8425467,-0.43883824,0.22643578,1.4921525,-0.60250103,0.07890475,-0.020076016,-0.49986812
