frame,Ankle.R_x,Ankle.R_y,Ankle.R_z,Knee.R_x,Knee.R_y,Knee.R_z,Hip.R_x,Hip.R_y,Hip.R_z,Hip.L_x,Hip.L_y,Hip.L_z,Knee.L_x,Knee.L_y,Knee.L_z,Ankle.L_x,Ankle.L_y,Ankle.L_z,Wrist.R_x,Wrist.R_y,Wrist.R_z,Elbow.R_x,Elbow.R_y,Elbow.R_z,Shoulder.R_x,Shoulder.R_y,Shoulder.R_z,Shoulder.L_x,Shoulder.L_y,Shoulder.L_z,Elbow.L_x,Elbow.L_y,Elbow.L_z,Wrist.L_x,Wrist.L_y,Wrist.L_z,Neck_x,Neck_y,Neck_z,Head_x,Head_y,Head_z,Nose_x,Nose_y,Nose_z,hip.Center_x,hip.Center_y,hip.Center_z
0,0.23131281,-1.8547083,-0.6327668,0.26730353,-0.9190074,-0.62281525,0.30329424,-0.019297238,-0.36084753,-0.12856573,-0.019297238,-0.64122266,-0.12856573,-0.9190074,-1.1896079,-0.12856573,-1.8547083,-1.0193033,0.55521446,0.05268419,-1.1990583,0.55521446,0.5205349,-0.78133625,0.41125208,1.1683245,-0.40297595,-0.30851883,1.1683245,-0.5882678,-0.38048595,0.5205349,-0.7711724,-0.38048595,0.016693715,-1.125567,0.05136639,1.1683245,-0.50606954,0.48324066,1.8161284,-0.45867682,0.26730353,1.4922264,-0.6255945,0.08736426,-0.019297238,-0.5001674
