frame,Ankle.R_x,Ankle.R_y,Ankle.R_z,Knee.R_x,Knee.R_y,Knee.R_z,Hip.R_x,Hip.R_y,Hip.R_z,Hip.L_x,Hip.L_y,Hip.L_z,Knee.L_x,Knee.L_y,Knee.L_z,Ankle.L_x,Ankle.L_y,Ankle.L_z,Wrist.R_x,Wrist.R_y,Wrist.R_z,Elbow.R_x,Elbow.R_y,Elbow.R_z,Shoulder.R_x,Shoulder.R_y,Shoulder.R_z,Shoulder.L_x,Shoulder.L_y,Shoulder.L_z,Elbow.L_x,Elbow.L_y,Elbow.L_z,Wrist.L_x,Wrist.L_y,Wrist.L_z,Neck_x,Neck_y,Neck_z,Head_x,Head_y,Head_z,Nose_x,Nose_y,Nose_z,hip.Center_x,hip.Center_y,hip.Center_z
0,0.58083636,-1.11565,-0.45786947,1.3212291,-0.04618891,-0.40712428,0.087254114,-0.005069811,-0.13605961,0.087254114,-0.005069811,-0.8887544,0.046115465,-1.3213028,-0.9748621,0.7865086,-1.2801841,-1.1608081,0.046115465,0.03606836,-0.2680928,-0.36521,0.69418496,-0.11253086,-0.11841815,1.4757164,-0.35863218,0.087254114,1.4757164,-1.2631592,-0.2006759,0.6119277,-0.7672763,0.21064955,0.03606836,-0.6047698,-0.015582018,1.4757164,-0.9145727,0.8481875,1.969299,-0.85667,0.41630274,1.7225077,-0.5696779,0.087254114,-0.005069811,-0.49853876
