frame,Ankle.R_x,Ankle.R_y,Ankle.R_z,Knee.R_x,Knee.R_y,Knee.R_z,Hip.R_x,Hip.R_y,Hip.R_z,Hip.L_x,Hip.L_y,Hip.L_z,Knee.L_x,Knee.L_y,Knee.L_z,Ankle.L_x,Ankle.L_y,Ankle.L_z,Wrist.R_x,Wrist.R_y,Wrist.R_z,Elbow.R_x,Elbow.R_y,Elbow.R_z,Shoulder.R_x,Shoulder.R_y,Shoulder.R_z,Shoulder.L_x,Shoulder.L_y,Shoulder.L_z,Elbow.L_x,Elbow.L_y,Elbow.L_z,Wrist.L_x,Wrist.L_y,Wrist.L_z,Neck_x,Neck_y,Neck_z,Head_x,Head_y,Head_z,Nose_x,Nose_y,Nose_z,hip.Center_x,hip.Center_y,hip.Center_z
0,0.03796722,-2.0697618,0.1724866,-0.08415602,-1.0927894,-0.020304263,-0.16557215,-0.07512527,-0.27924845,0.28219795,0.046982475,-0.6829734,0.40432167,-0.4007879,-0.6051957,0.36361408,-1.1334972,-1.0136105,-0.49121904,-0.115833096,-0.5089494,-0.53192663,0.49475282,-0.49047914,-0.4098034,1.1460623,-0.11349696,0.36361408,1.2274778,-0.70211804,0.48573732,0.5761685,-0.11870921,0.60786057,0.006274647,0.22357523,-0.02309464,1.18677,-0.3620082,-0.14521788,2.0823107,-0.4041806,-0.08415602,1.6345403,-0.51420254,0.058312908,-0.014071518,-0.5043308
