frame,Ankle.R_x,Ankle.R_y,Ankle.R_z,Knee.R_x,Knee.R_y,Knee.R_z,Hip.R_x,Hip.R_y,Hip.R_z,Hip.L_x,Hip.L_y,Hip.L_z,Knee.L_x,Knee.L_y,Knee.L_z,Ankle.L_x,Ankle.L_y,Ankle.L_z,Wrist.R_x,Wrist.R_y,Wrist.R_z,Elbow.R_x,Elbow.R_y,Elbow.R_z,Shoulder.R_x,Shoulder.R_y,Shoulder.R_z,Shoulder.L_x,Shoulder.L_y,Shoulder.L_z,Elbow.L_x,Elbow.L_y,Elbow.L_z,Wrist.L_x,Wrist.L_y,Wrist.L_z,Neck_x,Neck_y,Neck_z,Head_x,Head_y,Head_z,Nose_x,Nose_y,Nose_z,hip.Center_x,hip.Center_y,hip.Center_z
0,0.22132154,-1.9271752,-0.63929486,0.22132154,-0.9516116,-0.65007186,0.29635805,-0.013588272,-0.45375842,-0.11637978,-0.013588272,-0.5444084,-0.15389065,-0.9516116,-1.0434453,-0.15389065,-1.9647003,-1.0393358,0.5214824,-0.013588272,-1.1386743,0.5590076,0.51171154,-0.85272586,0.40892023,1.1495881,-0.5115083,-0.3039785,1.1120626,-0.4798497,-0.34150416,0.51171154,-0.7021978,-0.41654068,-0.013588272,-1.0374594,0.052471116,1.1308253,-0.50577044,-0.43530375,1.7686728,-0.48034468,-0.19141631,1.4497491,-0.6663482,0.08998914,-0.013588272,-0.50028265
