frame,Ankle.R_x,Ankle.R_y,Ankle.R_z,Knee.R_x,Knee.R_y,Knee.R_z,Hip.R_x,Hip.R_y,Hip.R_z,Hip.L_x,Hip.L_y,Hip.L_z,Knee.L_x,Knee.L_y,Knee.L_z,Ankle.L_x,Ankle.L_y,Ankle.L_z,Wrist.R_x,Wrist.R_y,Wrist.R_z,Elbow.R_x,Elbow.R_y,Elbow.R_z,Shoulder.R_x,Shoulder.R_y,Shoulder.R_z,Shoulder.L_x,Shoulder.L_y,Shoulder.L_z,Elbow.L_x,Elbow.L_y,Elbow.L_z,Wrist.L_x,Wrist.L_y,Wrist.L_z,Neck_x,Neck_y,Neck_z,Head_x,Head_y,Head_z,Nose_x,Nose_y,Nose_z,hip.Center_x,hip.Center_y,hip.Center_z
0,0.05710363,-1.9621582,-0.18836263,-0.100152016,-1.0186377,-0.09844309,-0.17878056,-0.07511738,-0.30018145,0.29298735,0.04282448,-0.67635083,0.41091442,-0.7041259,-0.6498988,0.37160063,-1.3724632,-1.4080216,-0.45397806,-0.07511738,-0.29122627,-0.49329233,0.5145922,-0.32485157,-0.37535,1.1436006,-0.16910964,0.33230114,1.1829146,-0.60838664,0.489542,0.55390596,-0.053512454,0.60748386,0.003510449,0.2813856,-0.021524433,1.1632575,-0.36687773,-0.021524433,1.9888508,-0.43401092,-0.021524433,1.5760542,-0.44637725,0.05710363,-0.016146448,-0.5027184
