frame,Ankle.R_x,Ankle.R_y,Ankle.R_z,Knee.R_x,Knee.R_y,Knee.R_z,Hip.R_x,Hip.R_y,Hip.R_z,Hip.L_x,Hip.L_y,Hip.L_z,Knee.L_x,Knee.L_y,Knee.L_z,Ankle.L_x,Ankle.L_y,Ankle.L_z,Wrist.R_x,Wrist.R_y,Wrist.R_z,Elbow.R_x,Elbow.R_y,Elbow.R_z,Shoulder.R_x,Shoulder.R_y,Shoulder.R_z,Shoulder.L_x,Shoulder.L_y,Shoulder.L_z,Elbow.L_x,Elbow.L_y,Elbow.L_z,Wrist.L_x,Wrist.L_y,Wrist.L_z,Neck_x,Neck_y,Neck_z,Head_x,Head_y,Head_z,Nose_x,Nose_y,Nose_z,hip.Center_x,hip.Center_y,hip.Center_z
0,0.44101426,-0.7403233,-1.1638192,0.5424614,-0.030211475,-1.2367675,0.3057632,0.037414525,-0.31401014,-0.16765073,-0.064032346,-0.6912379,-0.10002473,-1.078485,-0.88727045,-0.066203624,-1.7209711,-0.47391003,0.6439085,0.10504028,-1.2431126,0.47483537,0.64607954,-0.7867825,0.27194163,1.3223867,-0.65399224,-0.53961754,1.2547611,-0.81036365,-0.60725975,0.510828,-1.0317616,-0.57343817,-0.064032346,-1.3013501,-0.13383773,1.288574,-0.726284,0.33957574,2.100133,-0.7001217,0.102869004,1.6943533,-0.81482065,0.069056004,-0.013309029,-0.5017256
