frame,Ankle.R_x,Ankle.R_y,Ankle.R_z,Knee.R_x,Knee.R_y,Knee.R_z,Hip.R_x,Hip.R_y,Hip.R_z,Hip.L_x,Hip.L_y,Hip.L_z,Knee.L_x,Knee.L_y,Knee.L_z,Ankle.L_x,Ankle.L_y,Ankle.L_z,Wrist.R_x,Wrist.R_y,Wrist.R_z,Elbow.R_x,Elbow.R_y,Elbow.R_z,Shoulder.R_x,Shoulder.R_y,Shoulder.R_z,Shoulder.L_x,Shoulder.L_y,Shoulder.L_z,Elbow.L_x,Elbow.L_y,Elbow.L_z,Wrist.L_x,Wrist.L_y,Wrist.L_z,Neck_x,Neck_y,Neck_z,Head_x,Head_y,Head_z,Nose_x,Nose_y,Nose_z,hip.Center_x,hip.Center_y,hip.Center_z
0,0.26333448,-1.9515681,-0.124227166,-0.04117755,-1.0380156,-0.40522557,0.08932086,0.0060355775,-0.6645986,0.04582139,-0.03746413,-0.32907683,0.0023214445,-1.0815308,-0.6307754,0.04582139,-2.0820823,-0.43067807,-0.21519116,-0.0809636,-0.59280133,0.08932086,0.52806115,-0.5805163,0.17633507,1.2676151,-0.6382414,0.04582139,1.2241004,-0.50151724,0.04582139,0.52806115,-0.34758583,-0.12819222,-0.16797803,-0.26134259,0.11107846,1.2458578,-0.57005984,-0.6284602,1.9853966,-0.5829048,-0.2586911,1.6156272,-0.6230751,0.067571364,-0.015714396,-0.49867654
