frame,Ankle.R_x,Ankle.R_y,Ankle.R_z,Knee.R_x,Knee.R_y,Knee.R_z,Hip.R_x,Hip.R_y,Hip.R_z,Hip.L_x,Hip.L_y,Hip.L_z,Knee.L_x,Knee.L_y,Knee.L_z,Ankle.L_x,Ankle.L_y,Ankle.L_z,Wrist.R_x,Wrist.R_y,Wrist.R_z,Elbow.R_x,Elbow.R_y,Elbow.R_z,Shoulder.R_x,Shoulder.R_y,Shoulder.R_z,Shoulder.L_x,Shoulder.L_y,Shoulder.L_z,Elbow.L_x,Elbow.L_y,Elbow.L_z,Wrist.L_x,Wrist.L_y,Wrist.L_z,Neck_x,Neck_y,Neck_z,Head_x,Head_y,Head_z,Nose_x,Nose_y,Nose_z,hip.Center_x,hip.Center_y,hip.Center_z
0,0.07655868,-1.7205958,-0.2763508,0.1935645,-1.2024307,0.00092482567,0.09326658,-0.03235486,-0.4053996,0.059834093,0.0010778606,-0.59739023,0.12669954,-1.1355658,-0.6629718,0.009693712,-1.7205958,-0.73494613,0.2938467,-0.03235486,-0.44762766,-0.04046336,0.6362648,-0.41023046,0.09326658,1.3383172,-0.44902235,-0.04046336,1.3383172,-0.58517855,0.026402086,0.6696973,-0.86148125,0.2938467,0.034510583,-0.80444586,0.026402086,1.3383172,-0.4622108,0.82875216,1.8732064,-0.51072526,0.4275771,1.6057618,-0.56045425,0.07655057,-0.015638381,-0.503097
