frame,Ankle.R_x,Ankle.R_y,Ankle.R_z,Knee.R_x,Knee.R_y,Knee.R_z,Hip.R_x,Hip.R_y,Hip.R_z,Hip.L_x,Hip.L_y,Hip.L_z,Knee.L_x,Knee.L_y,Knee.L_z,Ankle.L_x,Ankle.L_y,Ankle.L_z,Wrist.R_x,Wrist.R_y,Wrist.R_z,Elbow.R_x,Elbow.R_y,Elbow.R_z,Shoulder.R_x,Shoulder.R_y,Shoulder.R_z,Shoulder.L_x,Shoulder.L_y,Shoulder.L_z,Elbow.L_x,Elbow.L_y,Elbow.L_z,Wrist.L_x,Wrist.L_y,Wrist.L_z,Neck_x,Neck_y,Neck_z,Head_x,Head_y,Head_z,Nose_x,Nose_y,Nose_z,hip.Center_x,hip.Center_y,hip.Center_z
0,0.23554944,-1.8596492,-0.59224784,0.27233553,-0.9401179,-0.62309897,0.27233553,-0.020600373,-0.31525946,-0.13225748,-0.020600373,-0.6874641,-0.0954714,-0.9033316,-1.2722166,-0.0954714,-1.786077,-1.0187184,0.676929,0.052972265,-1.2434118,0.5665841,0.5311243,-0.7792585,0.41945314,1.1563933,-0.39324886,-0.2793889,1.119607,-0.6549685,-0.3897195,0.5311243,-0.8381704,-0.3897195,0.016185945,-1.1552119,0.070032105,1.1380001,-0.5339204,0.5481839,1.8368559,-0.49255878,0.30910778,1.4874281,-0.63338333,0.07003878,-0.020600373,-0.5002132
