frame,Ankle.R_x,Ankle.R_y,Ankle.R_z,Knee.R_x,Knee.R_y,Knee.R_z,Hip.R_x,Hip.R_y,Hip.R_z,Hip.L_x,Hip.L_y,Hip.L_z,Knee.L_x,Knee.L_y,Knee.L_z,Ankle.L_x,Ankle.L_y,Ankle.L_z,Wrist.R_x,Wrist.R_y,Wrist.R_z,Elbow.R_x,Elbow.R_y,Elbow.R_z,Shoulder.R_x,Shoulder.R_y,Shoulder.R_z,Shoulder.L_x,Shoulder.L_y,Shoulder.L_z,Elbow.L_x,Elbow.L_y,Elbow.L_z,Wrist.L_x,Wrist.L_y,Wrist.L_z,Neck_x,Neck_y,Neck_z,Head_x,Head_y,Head_z,Nose_x,Nose_y,Nose_z,hip.Center_x,hip.Center_y,hip.Center_z
0,-0.059818298,-1.7682563,-0.8190897,-0.097275764,-0.9064847,-0.19114643,-0.13474753,-0.0447272,-0.4039573,0.2774019,-0.007255189,-0.5971459,0.3523316,-0.9064847,-0.7509807,0.31485984,-1.7682563,-1.3823869,-0.43449596,0.030202754,-0.28597718,-0.47196773,0.5547544,-0.4919249,-0.322094,1.15425,-0.3504894,0.3523316,1.15425,-0.61553735,0.4272618,0.5922264,-0.18896684,0.46473357,0.10514677,0.10253191,0.015119046,1.15425,-0.5263684,0.09004876,1.9785215,-0.62373894,0.052583665,1.5663857,-0.5481132,0.07132718,-0.025991313,-0.50034326
