frame,Ankle.R_x,Ankle.R_y,Ankle.R_z,Knee.R_x,Knee.R_y,Knee.R_z,Hip.R_x,Hip.R_y,Hip.R_z,Hip.L_x,Hip.L_y,Hip.L_z,Knee.L_x,Knee.L_y,Knee.L_z,Ankle.L_x,Ankle.L_y,Ankle.L_z,Wrist.R_x,Wrist.R_y,Wrist.R_z,Elbow.R_x,Elbow.R_y,Elbow.R_z,Shoulder.R_x,Shoulder.R_y,Shoulder.R_z,Shoulder.L_x,Shoulder.L_y,Shoulder.L_z,Elbow.L_x,Elbow.L_y,Elbow.L_z,Wrist.L_x,Wrist.L_y,Wrist.L_z,Neck_x,Neck_y,Neck_z,Head_x,Head_y,Head_z,Nose_x,Nose_y,Nose_z,hip.Center_x,hip.Center_y,hip.Center_z
0,0.2661938,-1.8963056,-0.47856653,0.30231184,-0.95725685,-0.5251705,0.2661938,-0.018222153,-0.31815535,-0.13109404,-0.018222153,-0.68532985,-0.09497601,-0.92115265,-1.1980674,-0.0588575,-1.7879505,-1.0207473,0.6634812,0.054014385,-1.226939,0.59124416,0.5235247,-0.7803199,0.41066688,1.1375084,-0.388765,-0.27555376,1.1013901,-0.64835,-0.38390833,0.48740643,-0.84443414,-0.38390833,-0.018222153,-1.1603134,0.0675568,1.1194491,-0.5307403,0.5370669,1.8779063,-0.4993384,0.30231184,1.4986777,-0.61952174,0.067549646,-0.018222153,-0.49986884
