frame,Ankle.R_x,Ankle.R_y,Ankle.R_z,Knee.R_x,Knee.R_y,Knee.R_z,Hip.R_x,Hip.R_y,Hip.R_z,Hip.L_x,Hip.L_y,Hip.L_z,Knee.L_x,Knee.L_y,Knee.L_z,Ankle.L_x,Ankle.L_y,Ankle.L_z,Wrist.R_x,Wrist.R_y,Wrist.R_z,Elbow.R_x,Elbow.R_y,Elbow.R_z,Shoulder.R_x,Shoulder.R_y,Shoulder.R_z,Shoulder.L_x,Shoulder.L_y,Shoulder.L_z,Elbow.L_x,Elbow.L_y,Elbow.L_z,Wrist.L_x,Wrist.L_y,Wrist.L_z,Neck_x,Neck_y,Neck_z,Head_x,Head_y,Head_z,Nose_x,Nose_y,Nose_z,hip.Center_x,hip.Center_y,hip.Center_z
0,0.002043102,-1.7533271,-1.1927168,-0.10940996,-0.8988676,-0.49031007,-0.14656082,-0.044394005,-0.41317913,0.26208624,-0.0072431453,-0.58738667,0.2992371,-0.8988676,-0.78266996,0.2992371,-1.7161763,-1.4265728,-0.44376913,0.029908191,-0.20349753,-0.5180708,0.5500083,-0.4280181,-0.36946693,1.1444248,-0.33965945,0.2992371,1.1815758,-0.606778,0.41069064,0.62431026,-0.20787972,0.5221437,0.10421015,0.030987442,-0.03511491,1.1630002,-0.50911736,0.18780503,1.9431717,-0.5911764,0.076345295,1.553086,-0.52307117,0.057762954,-0.025818337,-0.49988547
