frame,Ankle.R_x,Ankle.R_y,Ankle.R_z,Knee.R_x,Knee.R_y,Knee.R_z,Hip.R_x,Hip.R_y,Hip.R_z,Hip.L_x,Hip.L_y,Hip.L_z,Knee.L_x,Knee.L_y,Knee.L_z,Ankle.L_x,Ankle.L_y,Ankle.L_z,Wrist.R_x,Wrist.R_y,Wrist.R_z,Elbow.R_x,Elbow.R_y,Elbow.R_z,Shoulder.R_x,Shoulder.R_y,Shoulder.R_z,Shoulder.L_x,Shoulder.L_y,Shoulder.L_z,Elbow.L_x,Elbow.L_y,Elbow.L_z,Wrist.L_x,Wrist.L_y,Wrist.L_z,Neck_x,Neck_y,Neck_z,Head_x,Head_y,Head_z,Nose_x,Nose_y,Nose_z,hip.Center_x,hip.Center_y,hip.Center_z
0,0.5393368,-0.90443075,0.3211782,0.022513993,-1.3814858,-0.0013825893,0.022513993,-0.06958427,-0.17751697,0.14177859,0.04967938,-0.8110384,1.2151719,0.12919508,-1.1520631,0.5393368,-0.90443075,-0.96929926,0.062281735,-0.14908065,-0.20574471,-0.29550922,0.6460177,-0.11116624,-0.056981437,1.5206314,-0.08566481,-0.21601284,1.6001277,-0.804844,-0.17624557,0.6460177,-0.79322404,0.14177859,0.08944688,-0.42085367,-0.13649738,1.5603795,-0.40474194,0.8971473,2.0374343,-0.36253658,0.38032496,1.798907,-0.46551365,0.082146294,-0.009952684,-0.49928924
