frame,Ankle.R_x,Ankle.R_y,Ankle.R_z,Knee.R_x,Knee.R_y,Knee.R_z,Hip.R_x,Hip.R_y,Hip.R_z,Hip.L_x,Hip.L_y,Hip.L_z,Knee.L_x,Knee.L_y,Knee.L_z,Ankle.L_x,Ankle.L_y,Ankle.L_z,Wrist.R_x,Wrist.R_y,Wrist.R_z,Elbow.R_x,Elbow.R_y,Elbow.R_z,Shoulder.R_x,Shoulder.R_y,Shoulder.R_z,Shoulder.L_x,Shoulder.L_y,Shoulder.L_z,Elbow.L_x,Elbow.L_y,Elbow.L_z,Wrist.L_x,Wrist.L_y,Wrist.L_z,Neck_x,Neck_y,Neck_z,Head_x,Head_y,Head_z,Nose_x,Nose_y,Nose_z,hip.Center_x,hip.Center_y,hip.Center_z
0,-0.10657085,-1.7871937,-1.423593,-0.18007386,-0.9419517,-0.6631371,-0.14332211,-0.02320664,-0.47208092,0.26093042,-0.02320664,-0.52947205,0.2976817,-0.9419517,-0.74920076,0.2976817,-1.7504424,-1.3480394,-0.4005686,0.05028231,-0.015993565,-0.4005686,0.5647891,-0.34467065,-0.32706606,1.1527708,-0.42352262,0.3711704,1.1527708,-0.6420369,0.4814247,0.5647891,-0.3162204,0.51817644,0.013544869,-0.08852154,0.022052638,1.1527708,-0.5892204,0.13229263,1.9612755,-0.71658355,0.07717263,1.557023,-0.59493184,0.05880391,-0.02320664,-0.49754092
