frame,Ankle.R_x,Ankle.R_y,Ankle.R_z,Knee.R_x,Knee.R_y,Knee.R_z,Hip.R_x,Hip.R_y,Hip.R_z,Hip.L_x,Hip.L_y,Hip.L_z,Knee.L_x,Knee.L_y,Knee.L_z,Ankle.L_x,Ankle.L_y,Ankle.L_z,Wrist.R_x,Wrist.R_y,Wrist.R_z,Elbow.R_x,Elbow.R_y,Elbow.R_z,Shoulder.R_x,Shoulder.R_y,Shoulder.R_z,Shoulder.L_x,Shoulder.L_y,Shoulder.L_z,Elbow.L_x,Elbow.L_y,Elbow.L_z,Wrist.L_x,Wrist.L_y,Wrist.L_z,Neck_x,Neck_y,Neck_z,Head_x,Head_y,Head_z,Nose_x,Nose_y,Nose_z,hip.Center_x,hip.Center_y,hip.Center_z
0,0.394735,-1.8435646,-0.68426526,0.394735,-0.913406,-0.6272782,0.28311363,-0.020454545,-0.3393247,-0.12614807,-0.020454545,-0.6629316,-0.12614807,-0.9506129,-1.1419946,-0.12614807,-1.8063575,-0.889566,0.61797583,0.05395923,-1.1658202,0.5063554,0.53763497,-0.7465169,0.394735,1.1701382,-0.3405896,-0.27497515,1.1329314,-0.58654785,-0.3493894,0.53763497,-0.77687204,-0.3493894,0.016752344,-1.1337609,0.059879452,1.1515348,-0.46203473,0.5063487,1.8584658,-0.38890392,0.28311363,1.5050002,-0.5352631,0.07848278,-0.020454545,-0.49927843
