frame,Ankle.R_x,Ankle.R_y,Ankle.R_z,Knee.R_x,Knee.R_y,Knee.R_z,Hip.R_x,Hip.R_y,Hip.R_z,Hip.L_x,Hip.L_y,Hip.L_z,Knee.L_x,Knee.L_y,Knee.L_z,Ankle.L_x,Ankle.L_y,Ankle.L_z,Wrist.R_x,Wrist.R_y,Wrist.R_z,Elbow.R_x,Elbow.R_y,Elbow.R_z,Shoulder.R_x,Shoulder.R_y,Shoulder.R_z,Shoulder.L_x,Shoulder.L_y,Shoulder.L_z,Elbow.L_x,Elbow.L_y,Elbow.L_z,Wrist.L_x,Wrist.L_y,Wrist.L_z,Neck_x,Neck_y,Neck_z,Head_x,Head_y,Head_z,Nose_x,Nose_y,Nose_z,hip.Center_x,hip.Center_y,hip.Center_z
0,-0.115421616,-1.783074,-0.52795154,-0.029014431,-1.1436654,0.05479288,0.040098347,-0.037679993,-0.48703703,0.1437842,-0.0031233672,-0.5106108,0.1783568,-1.0745364,-0.25992736,0.1437842,-1.7312227,-0.8759155,0.109227814,0.031449236,-0.5637382,-0.1672729,0.68811935,-0.46310335,0.005541958,1.3793622,-0.46105462,0.040098347,1.3448058,-0.5946264,-0.0981439,0.6190066,-0.81877595,0.1783568,-0.0031233672,-0.7033215,0.022820152,1.362084,-0.44690347,0.8177487,1.9496413,-0.6277446,0.42028442,1.6558627,-0.4936297,0.09194151,-0.0204018,-0.5030925
