frame,Ankle.R_x,Ankle.R_y,Ankle.R_z,Knee.R_x,Knee.R_y,Knee.R_z,Hip.R_x,Hip.R_y,Hip.R_z,Hip.L_x,Hip.L_y,Hip.L_z,Knee.L_x,Knee.L_y,Knee.L_z,Ankle.L_x,Ankle.L_y,Ankle.L_z,Wrist.R_x,Wrist.R_y,Wrist.R_z,Elbow.R_x,Elbow.R_y,Elbow.R_z,Shoulder.R_x,Shoulder.R_y,Shoulder.R_z,Shoulder.L_x,Shoulder.L_y,Shoulder.L_z,Elbow.L_x,Elbow.L_y,Elbow.L_z,Wrist.L_x,Wrist.L_y,Wrist.L_z,Neck_x,Neck_y,Neck_z,Head_x,Head_y,Head_z,Nose_x,Nose_y,Nose_z,hip.Center_x,hip.Center_y,hip.Center_z
0,0.12955028,-2.108135,0.1728437,0.29550773,-1.0709546,-0.09746122,0.17104751,-0.033774413,-0.5000002,-0.036391914,0.0077070836,-0.49859726,0.005089581,-1.0294728,-0.7779572,-0.07788867,-2.0666535,-0.9730832,0.46144992,-0.07525591,-0.81192565,0.17104751,0.5055644,-0.50804794,0.12955028,1.210845,-0.5010421,-0.20234936,1.1693634,-0.5694012,-0.24383086,0.5055644,-0.8536662,-0.07788867,0.049204312,-0.65960544,-0.036399543,1.1901041,-0.5480468,0.71037847,1.8953848,-0.6288883,0.33698922,1.5427445,-0.6089155,0.0673278,-0.013033664,-0.50014395
