frame,Ankle.R_x,Ankle.R_y,Ankle.R_z,Knee.R_x,Knee.R_y,Knee.R_z,Hip.R_x,Hip.R_y,Hip.R_z,Hip.L_x,Hip.L_y,Hip.L_z,Knee.L_x,Knee.L_y,Knee.L_z,Ankle.L_x,Ankle.L_y,Ankle.L_z,Wrist.R_x,Wrist.R_y,Wrist.R_z,Elbow.R_x,Elbow.R_y,Elbow.R_z,Shoulder.R_x,Shoulder.R_y,Shoulder.R_z,Shoulder.L_x,Shoulder.L_y,Shoulder.L_z,Elbow.L_x,Elbow.L_y,Elbow.L_z,Wrist.L_x,Wrist.L_y,Wrist.L_z,Neck_x,Neck_y,Neck_z,Head_x,Head_y,Head_z,Nose_x,Nose_y,Nose_z,hip.Center_x,hip.Center_y,hip.Center_z
0,0.23490328,-2.542299,-0.019931674,0.10474914,-1.2841958,-0.41705066,0.061363637,-0.026091903,-0.73612,0.061363637,0.017292887,-0.2533147,-0.97983414,-0.19961247,-0.88185227,-0.2856961,-1.1106561,-0.81435984,0.10474914,-0.15622768,-0.7514962,0.061363637,0.537892,-0.65471375,0.017979085,1.3187813,-0.75406796,0.27828783,1.3621662,-0.45184273,0.40842432,0.5812768,-0.064276874,0.19151872,-0.15622768,-0.15397099,0.1481337,1.3404737,-0.65969497,-0.7195254,1.8177066,-0.677117,-0.2856961,1.5790901,-0.8469099,0.061363637,-0.0043996274,-0.4999537
