frame,Ankle.R_x,Ankle.R_y,Ankle.R_z,Knee.R_x,Knee.R_y,Knee.R_z,Hip.R_x,Hip.R_y,Hip.R_z,Hip.L_x,Hip.L_y,Hip.L_z,Knee.L_x,Knee.L_y,Knee.L_z,Ankle.L_x,Ankle.L_y,Ankle.L_z,Wrist.R_x,Wrist.R_y,Wrist.R_z,Elbow.R_x,Elbow.R_y,Elbow.R_z,Shoulder.R_x,Shoulder.R_y,Shoulder.R_z,Shoulder.L_x,Shoulder.L_y,Shoulder.L_z,Elbow.L_x,Elbow.L_y,Elbow.L_z,Wrist.L_x,Wrist.L_y,Wrist.L_z,Neck_x,Neck_y,Neck_z,Head_x,Head_y,Head_z,Nose_x,Nose_y,Nose_z,hip.Center_x,hip.Center_y,hip.Center_z
0,0.27364367,-1.8826169,-0.51108515,0.3091027,-0.96055925,-0.56532353,0.3091027,-0.038502093,-0.36502296,-0.11646016,-0.0030430518,-0.6359267,-0.1873916,-0.92510045,-1.160306,-0.22285111,-1.8471583,-1.0952976,0.59281605,-0.0030430518,-1.1952416,0.6282751,0.49345148,-0.8152576,0.52188414,1.1317959,-0.42527685,-0.1873916,1.1317959,-0.59476024,-0.29378253,0.5289105,-0.7846019,-0.36471444,-0.0030430518,-1.1442785,0.16724603,1.1317959,-0.51252705,0.45095938,1.8410579,-0.47365832,0.3091027,1.4864268,-0.6359012,0.09632175,-0.020772573,-0.50072044
