frame,Ankle.R_x,Ankle.R_y,Ankle.R_z,Knee.R_x,Knee.R_y,Knee.R_z,Hip.R_x,Hip.R_y,Hip.R_z,Hip.L_x,Hip.L_y,Hip.L_z,Knee.L_x,Knee.L_y,Knee.L_z,Ankle.L_x,Ankle.L_y,Ankle.L_z,Wrist.R_x,Wrist.R_y,Wrist.R_z,Elbow.R_x,Elbow.R_y,Elbow.R_z,Shoulder.R_x,Shoulder.R_y,Shoulder.R_z,Shoulder.L_x,Shoulder.L_y,Shoulder.L_z,Elbow.L_x,Elbow.L_y,Elbow.L_z,Wrist.L_x,Wrist.L_y,Wrist.L_z,Neck_x,Neck_y,Neck_z,Head_x,Head_y,Head_z,Nose_x,Nose_y,Nose_z,hip.Center_x,hip.Center_y,hip.Center_z
0,0.41376325,-1.8853453,-0.2873521,0.41376325,-0.93331367,-0.37932926,0.26144,-0.019373255,-0.36676535,-0.11936072,-0.019373255,-0.6365173,-0.081283845,-0.93331367,-1.0512872,-0.081283845,-1.8853453,-0.98976403,0.6041786,0.05678098,-1.11569,0.41376325,0.55184287,-0.7333422,0.29953167,1.1611362,-0.3591076,-0.30976132,1.1230446,-0.5755575,-0.34785345,0.5137512,-0.8032246,-0.23360708,0.09487264,-1.1444218,-0.005114831,1.1420904,-0.47227526,0.5279953,1.9417845,-0.45466292,0.26144,1.5419375,-0.5611494,0.0710394,-0.019373255,-0.49954516
