frame,Ankle.R_x,Ankle.R_y,Ankle.R_z,Knee.R_x,Knee.R_y,Knee.R_z,Hip.R_x,Hip.R_y,Hip.R_z,Hip.L_x,Hip.L_y,Hip.L_z,Knee.L_x,Knee.L_y,Knee.L_z,Ankle.L_x,Ankle.L_y,Ankle.L_z,Wrist.R_x,Wrist.R_y,Wrist.R_z,Elbow.R_x,Elbow.R_y,Elbow.R_z,Shoulder.R_x,Shoulder.R_y,Shoulder.R_z,Shoulder.L_x,Shoulder.L_y,Shoulder.L_z,Elbow.L_x,Elbow.L_y,Elbow.L_z,Wrist.L_x,Wrist.L_y,Wrist.L_z,Neck_x,Neck_y,Neck_z,Head_x,Head_y,Head_z,Nose_x,Nose_y,Nose_z,hip.Center_x,hip.Center_y,hip.Center_z
0,-0.11175218,-1.7720807,-1.035145,-0.14933506,-0.94529253,-0.427781,-0.14933506,-0.04336768,-0.4481711,0.2640594,-0.0057852827,-0.5535499,0.3016275,-0.94529253,-0.8169743,0.3016275,-1.7344978,-1.4534051,-0.4123985,0.069379985,-0.014127135,-0.44998136,0.52035636,-0.3843949,-0.33723322,1.1216491,-0.41166234,0.33920988,1.1592175,-0.60363865,0.45195803,0.5579249,-0.23194486,0.52712286,0.031797353,0.021966755,0.0009883344,1.1404333,-0.5584266,0.0761393,2.0047896,-0.7125447,0.03856358,1.5726116,-0.58648396,0.05736193,-0.024576481,-0.49875072
