frame,Ankle.R_x,Ankle.R_y,Ankle.R_z,Knee.R_x,Knee.R_y,Knee.R_z,Hip.R_x,Hip.R_y,Hip.R_z,Hip.L_x,Hip.L_y,Hip.L_z,Knee.L_x,Knee.L_y,Knee.L_z,Ankle.L_x,Ankle.L_y,Ankle.L_z,Wrist.R_x,Wrist.R_y,Wrist.R_z,Elbow.R_x,Elbow.R_y,Elbow.R_z,Shoulder.R_x,Shoulder.R_y,Shoulder.R_z,Shoulder.L_x,Shoulder.L_y,Shoulder.L_z,Elbow.L_x,Elbow.L_y,Elbow.L_z,Wrist.L_x,Wrist.L_y,Wrist.L_z,Neck_x,Neck_y,Neck_z,Head_x,Head_y,Head_z,Nose_x,Nose_y,Nose_z,hip.Center_x,hip.Center_y,hip.Center_z
0,0.09672003,-1.6990756,0.15415454,0.20967084,-1.0376014,-0.1240235,0.20967084,-0.037289307,-0.39113954,-0.04847116,-0.005034851,-0.6121785,0.080592446,-0.97306246,-0.94257593,-0.04847116,-1.6506785,-0.7503162,0.62914544,-0.037289307,-0.833354,0.37100393,0.57578784,-0.5047455,0.37100393,1.2534041,-0.44333094,-0.08074064,1.2534041,-0.62254024,-0.14527959,0.6080573,-0.86830276,0.01605349,0.22083743,-0.94331366,0.14513141,1.2534041,-0.51614195,0.8550032,1.9633049,-0.50801563,0.50006706,1.6083546,-0.5787296,0.0805996,-0.02116196,-0.5021207
