frame,Ankle.R_x,Ankle.R_y,Ankle.R_z,Knee.R_x,Knee.R_y,Knee.R_z,Hip.R_x,Hip.R_y,Hip.R_z,Hip.L_x,Hip.L_y,Hip.L_z,Knee.L_x,Knee.L_y,Knee.L_z,Ankle.L_x,Ankle.L_y,Ankle.L_z,Wrist.R_x,Wrist.R_y,Wrist.R_z,Elbow.R_x,Elbow.R_y,Elbow.R_z,Shoulder.R_x,Shoulder.R_y,Shoulder.R_z,Shoulder.L_x,Shoulder.L_y,Shoulder.L_z,Elbow.L_x,Elbow.L_y,Elbow.L_z,Wrist.L_x,Wrist.L_y,Wrist.L_z,Neck_x,Neck_y,Neck_z,Head_x,Head_y,Head_z,Nose_x,Nose_y,Nose_z,hip.Center_x,hip.Center_y,hip.Center_z
0,0.19755343,-1.8074147,-0.41605523,0.269069,-0.9134768,-0.44206062,0.30483416,-0.01953925,-0.38673943,-0.12425968,-0.01953925,-0.6130446,-0.19577524,-0.9134768,-1.0899469,-0.2315261,-1.8074147,-0.9960271,0.66241145,0.05197631,-1.241521,0.62664676,0.5525714,-0.86676264,0.48361567,1.1246959,-0.46609604,-0.2315261,1.1246959,-0.4894911,-0.37455723,0.5525714,-0.7660494,-0.37455723,0.12349211,-1.2039958,0.12604454,1.1246959,-0.46990508,-0.3030345,1.8398234,-0.39110726,-0.08849499,1.4822598,-0.6001996,0.090287,-0.01953925,-0.5004195
