frame,Ankle.R_x,Ankle.R_y,Ankle.R_z,Knee.R_x,Knee.R_y,Knee.R_z,Hip.R_x,Hip.R_y,Hip.R_z,Hip.L_x,Hip.L_y,Hip.L_z,Knee.L_x,Knee.L_y,Knee.L_z,Ankle.L_x,Ankle.L_y,Ankle.L_z,Wrist.R_x,Wrist.R_y,Wrist.R_z,Elbow.R_x,Elbow.R_y,Elbow.R_z,Shoulder.R_x,Shoulder.R_y,Shoulder.R_z,Shoulder.L_x,Shoulder.L_y,Shoulder.L_z,Elbow.L_x,Elbow.L_y,Elbow.L_z,Wrist.L_x,Wrist.L_y,Wrist.L_z,Neck_x,Neck_y,Neck_z,Head_x,Head_y,Head_z,Nose_x,Nose_y,Nose_z,hip.Center_x,hip.Center_y,hip.Center_z
0,-0.14097735,-1.8572421,-0.64775074,0.05397656,-1.2014737,-0.03839302,0.05397656,-0.031716317,-0.40801704,0.12488272,0.0037284186,-0.58931947,0.018531822,-1.2014737,-0.35120773,-0.1941528,-1.8040833,-0.58487725,0.12488272,-0.031716317,-0.39784816,-0.22959754,0.6417825,-0.47269446,-0.052357174,1.3507258,-0.4907862,0.05397656,1.3507258,-0.72810423,0.05397656,0.57089305,-0.88565636,0.1957722,0.039173156,-0.4837027,0.00080969185,1.3507258,-0.5448979,0.74521446,1.8469845,-0.7006458,0.3730121,1.5988551,-0.58772564,0.08942988,-0.01399395,-0.50209886
