frame,Ankle.R_x,Ankle.R_y,Ankle.R_z,Knee.R_x,Knee.R_y,Knee.R_z,Hip.R_x,Hip.R_y,Hip.R_z,Hip.L_x,Hip.L_y,Hip.L_z,Knee.L_x,Knee.L_y,Knee.L_z,Ankle.L_x,Ankle.L_y,Ankle.L_z,Wrist.R_x,Wrist.R_y,Wrist.R_z,Elbow.R_x,Elbow.R_y,Elbow.R_z,Shoulder.R_x,Shoulder.R_y,Shoulder.R_z,Shoulder.L_x,Shoulder.L_y,Shoulder.L_z,Elbow.L_x,Elbow.L_y,Elbow.L_z,Wrist.L_x,Wrist.L_y,Wrist.L_z,Neck_x,Neck_y,Neck_z,Head_x,Head_y,Head_z,Nose_x,Nose_y,Nose_z,hip.Center_x,hip.Center_y,hip.Center_z
0,0.3549103,-2.0646129,0.120557904,0.18058723,-1.0186749,-0.1821121,0.093433805,-0.016329506,-0.60568887,0.049857087,-0.016329506,-0.3801816,-0.037312083,-1.0622673,-0.62588054,0.049857087,-2.1517663,-0.49088478,-0.0808888,-0.016329506,-0.47461572,0.093433805,0.5502162,-0.4823587,0.049857087,1.2910851,-0.60861206,0.13701051,1.2910851,-0.5030604,0.22418016,0.59379315,-0.30239338,0.093433805,-0.059906222,-0.28453737,0.093433805,1.2910851,-0.57741636,-0.6910115,1.9011917,-0.5925992,-0.2987886,1.5961385,-0.6060778,0.07164521,-0.016329506,-0.49889353
