frame,Ankle.R_x,Ankle.R_y,Ankle.R_z,Knee.R_x,Knee.R_y,Knee.R_z,Hip.R_x,Hip.R_y,Hip.R_z,Hip.L_x,Hip.L_y,Hip.L_z,Knee.L_x,Knee.L_y,Knee.L_z,Ankle.L_x,Ankle.L_y,Ankle.L_z,Wrist.R_x,Wrist.R_y,Wrist.R_z,Elbow.R_x,Elbow.R_y,Elbow.R_z,Shoulder.R_x,Shoulder.R_y,Shoulder.R_z,Shoulder.L_x,Shoulder.L_y,Shoulder.L_z,Elbow.L_x,Elbow.L_y,Elbow.L_z,Wrist.L_x,Wrist.L_y,Wrist.L_z,Neck_x,Neck_y,Neck_z,Head_x,Head_y,Head_z,Nose_x,Nose_y,Nose_z,hip.Center_x,hip.Center_y,hip.Center_z
0,0.14448586,-1.8876357,-0.31419778,0.21185103,-0.9782391,-0.41991293,0.2455267,-0.03516703,-0.32632878,-0.09128532,-0.0014913604,-0.681609,-0.023920625,-0.91087395,-1.1552851,-0.023920625,-1.8202701,-1.0410244,0.7844213,-0.03516703,-1.0947614,0.5486635,0.50372714,-0.6832963,0.44760886,1.1436626,-0.39366734,-0.15865096,1.1436626,-0.6789423,-0.2596918,0.5710785,-0.89961636,-0.19232664,0.06587381,-1.191252,0.14447871,1.1436626,-0.5469408,0.750738,1.8846387,-0.5512343,0.44760886,1.5141505,-0.6109456,0.07712069,-0.018329196,-0.5008039
