frame,Ankle.R_x,Ankle.R_y,Ankle.R_z,Knee.R_x,Knee.R_y,Knee.R_z,Hip.R_x,Hip.R_y,Hip.R_z,Hip.L_x,Hip.L_y,Hip.L_z,Knee.L_x,Knee.L_y,Knee.L_z,Ankle.L_x,Ankle.L_y,Ankle.L_z,Wrist.R_x,Wrist.R_y,Wrist.R_z,Elbow.R_x,Elbow.R_y,Elbow.R_z,Shoulder.R_x,Shoulder.R_y,Shoulder.R_z,Shoulder.L_x,Shoulder.L_y,Shoulder.L_z,Elbow.L_x,Elbow.L_y,Elbow.L_z,Wrist.L_x,Wrist.L_y,Wrist.L_z,Neck_x,Neck_y,Neck_z,Head_x,Head_y,Head_z,Nose_x,Nose_y,Nose_z,hip.Center_x,hip.Center_y,hip.Center_z
0,-0.13973731,-1.6713957,-0.8596966,-0.039972,-1.0062944,-0.06468171,-0.039972,-0.04188197,-0.46746308,0.22606832,-0.008626871,-0.542341,0.19281322,-0.9730391,-0.19296655,0.15955812,-1.6381401,-0.97659826,-0.1064822,0.05788309,-0.45041537,-0.30601233,0.6897295,-0.38748437,-0.1064822,1.3215758,-0.39959085,0.2593239,1.2550657,-0.61789507,0.2593239,0.5899642,-0.7186165,0.45885402,0.05788309,-0.47224343,0.07642061,1.2883208,-0.48837942,0.70826703,2.019932,-0.61921734,0.39234382,1.6541265,-0.55136675,0.0930484,-0.025254421,-0.5012261
