frame,Ankle.R_x,Ankle.R_y,Ankle.R_z,Knee.R_x,Knee.R_y,Knee.R_z,Hip.R_x,Hip.R_y,Hip.R_z,Hip.L_x,Hip.L_y,Hip.L_z,Knee.L_x,Knee.L_y,Knee.L_z,Ankle.L_x,Ankle.L_y,Ankle.L_z,Wrist.R_x,Wrist.R_y,Wrist.R_z,Elbow.R_x,Elbow.R_y,Elbow.R_z,Shoulder.R_x,Shoulder.R_y,Shoulder.R_z,Shoulder.L_x,Shoulder.L_y,Shoulder.L_z,Elbow.L_x,Elbow.L_y,Elbow.L_z,Wrist.L_x,Wrist.L_y,Wrist.L_z,Neck_x,Neck_y,Neck_z,Head_x,Head_y,Head_z,Nose_x,Nose_y,Nose_z,hip.Center_x,hip.Center_y,hip.Center_z
0,0.24877012,-1.8976926,-0.2098583,0.3166026,-0.9820085,-0.33311075,0.3166026,-0.03241595,-0.37259924,-0.12428487,0.0014931336,-0.6307033,-0.15819418,-0.9480999,-1.0327587,-0.2260257,-1.8637837,-1.1321709,0.6218256,-0.03241595,-1.2188596,0.6218256,0.47628918,-0.8438981,0.52008474,1.0867499,-0.42993027,-0.19210303,1.1206589,-0.5979749,-0.29385817,0.47628918,-0.802531,-0.327767,-0.03241595,-1.1855888,0.16399086,1.1037043,-0.5224132,0.6048783,1.883724,-0.48095325,0.38443458,1.4937142,-0.6241158,0.096158855,-0.015461527,-0.5006855
