frame,Ankle.R_x,Ankle.R_y,Ankle.R_z,Knee.R_x,Knee.R_y,Knee.R_z,Hip.R_x,Hip.R_y,Hip.R_z,Hip.L_x,Hip.L_y,Hip.L_z,Knee.L_x,Knee.L_y,Knee.L_z,Ankle.L_x,Ankle.L_y,Ankle.L_z,Wrist.R_x,Wrist.R_y,Wrist.R_z,Elbow.R_x,Elbow.R_y,Elbow.R_z,Shoulder.R_x,Shoulder.R_y,Shoulder.R_z,Shoulder.L_x,Shoulder.L_y,Shoulder.L_z,Elbow.L_x,Elbow.L_y,Elbow.L_z,Wrist.L_x,Wrist.L_y,Wrist.L_z,Neck_x,Neck_y,Neck_z,Head_x,Head_y,Head_z,Nose_x,Nose_y,Nose_z,hip.Center_x,hip.Center_y,hip.Center_z
0,0.03255184,-1.6530536,-1.2150629,-0.15646212,-0.8970422,-0.6984209,-0.11865322,-0.02762023,-0.67209035,0.2593451,-0.02762023,-0.3352235,0.2593451,-0.972645,-0.49577135,0.2593451,-1.8420671,-0.88128114,-0.38325495,0.16137919,0.08060682,-0.2698583,0.6527887,-0.31188178,-0.19425575,1.1819923,-0.56711984,0.4483586,1.2198007,-0.5164197,0.5239611,0.57718617,-0.36298567,0.4483586,0.010174122,-0.24359912,0.12705143,1.2008964,-0.58410525,0.013640001,1.9191136,-0.74271667,0.07034595,1.5600051,-0.6613023,0.07034595,-0.02762023,-0.49603307
