frame,Ankle.R_x,Ankle.R_y,Ankle.R_z,Knee.R_x,Knee.R_y,Knee.R_z,Hip.R_x,Hip.R_y,Hip.R_z,Hip.L_x,Hip.L_y,Hip.L_z,Knee.L_x,Knee.L_y,Knee.L_z,Ankle.L_x,Ankle.L_y,Ankle.L_z,Wrist.R_x,Wrist.R_y,Wrist.R_z,Elbow.R_x,Elbow.R_y,Elbow.R_z,Shoulder.R_x,Shoulder.R_y,Shoulder.R_z,Shoulder.L_x,Shoulder.L_y,Shoulder.L_z,Elbow.L_x,Elbow.L_y,Elbow.L_z,Wrist.L_x,Wrist.L_y,Wrist.L_z,Neck_x,Neck_y,Neck_z,Head_x,Head_y,Head_z,Nose_x,Nose_y,Nose_z,hip.Center_x,hip.Center_y,hip.Center_z
0,0.3753909,-0.80717134,-1.307872,0.51022375,-0.09929632,-1.202488,0.30797422,0.03553726,-0.35418573,-0.16392626,-0.06558798,-0.6557024,-0.09650959,-1.0431294,-0.92629063,-0.062801495,-1.7172799,-0.39976656,0.5776404,0.06924559,-1.2027549,0.47651565,0.64227057,-0.81194687,0.27426565,1.3501456,-0.68775636,-0.5347177,1.2490205,-0.8035554,-0.6358429,0.54114556,-1.001405,-0.6358429,-0.06558798,-1.2271695,-0.13022627,1.2995831,-0.7386404,0.27429044,2.0748749,-0.701555,0.07203184,1.6872289,-0.83350843,0.072023734,-0.015025597,-0.50157416
