frame,Ankle.R_x,Ankle.R_y,Ankle.R_z,Knee.R_x,Knee.R_y,Knee.R_z,Hip.R_x,Hip.R_y,Hip.R_z,Hip.L_x,Hip.L_y,Hip.L_z,Knee.L_x,Knee.L_y,Knee.L_z,Ankle.L_x,Ankle.L_y,Ankle.L_z,Wrist.R_x,Wrist.R_y,Wrist.R_z,Elbow.R_x,Elbow.R_y,Elbow.R_z,Shoulder.R_x,Shoulder.R_y,Shoulder.R_z,Shoulder.L_x,Shoulder.L_y,Shoulder.L_z,Elbow.L_x,Elbow.L_y,Elbow.L_z,Wrist.L_x,Wrist.L_y,Wrist.L_z,Neck_x,Neck_y,Neck_z,Head_x,Head_y,Head_z,Nose_x,Nose_y,Nose_z,hip.Center_x,hip.Center_y,hip.Center_z
0,-0.1644705,-1.7976516,-1.232301,-0.12595922,-0.95025736,-0.58173615,-0.08743363,-0.025840832,-0.43900874,0.25922602,-0.025840832,-0.5589827,0.22070092,-0.9117461,-0.699895,0.22070092,-1.7976516,-1.3423352,-0.3185447,0.051196024,-0.2807917,-0.39558154,0.62895316,-0.43448946,-0.24150783,1.2067242,-0.31728476,0.33626336,1.1681985,-0.6406314,0.37477463,0.59044164,-0.49795306,0.5288488,0.051196024,-0.28799492,0.047377773,1.1874613,-0.5024532,0.47107476,1.9193066,-0.57057923,0.25922602,1.553384,-0.50170183,0.08589668,-0.025840832,-0.49912485
