frame,Ankle.R_x,Ankle.R_y,Ankle.R_z,Knee.R_x,Knee.R_y,Knee.R_z,Hip.R_x,Hip.R_y,Hip.R_z,Hip.L_x,Hip.L_y,Hip.L_z,Knee.L_x,Knee.L_y,Knee.L_z,Ankle.L_x,Ankle.L_y,Ankle.L_z,Wrist.R_x,Wrist.R_y,Wrist.R_z,Elbow.R_x,Elbow.R_y,Elbow.R_z,Shoulder.R_x,Shoulder.R_y,Shoulder.R_z,Shoulder.L_x,Shoulder.L_y,Shoulder.L_z,Elbow.L_x,Elbow.L_y,Elbow.L_z,Wrist.L_x,Wrist.L_y,Wrist.L_z,Neck_x,Neck_y,Neck_z,Head_x,Head_y,Head_z,Nose_x,Nose_y,Nose_z,hip.Center_x,hip.Center_y,hip.Center_z
0,-0.31444868,-1.0436292,-0.9376954,-0.45247206,-0.11192995,-0.42960477,-0.14190611,0.060611904,-0.71773213,0.34120288,-0.07741195,-0.30044836,0.20316187,-1.2506733,-0.74098754,0.16866031,-1.7682838,-1.3245056,-0.45247206,0.060611904,-0.06936312,-0.38345227,0.6127245,-0.46897718,-0.17640767,1.2338573,-0.77749693,0.6517688,1.164837,-0.36635485,0.68627083,0.47470063,-0.29060084,0.61725056,-0.18093401,-0.107546926,0.23768058,1.1993471,-0.6209487,0.23768058,2.096544,-0.5799833,0.23768058,1.6479456,-0.37745684,0.09964862,-0.008399783,-0.49464786
