frame,Ankle.R_x,Ankle.R_y,Ankle.R_z,Knee.R_x,Knee.R_y,Knee.R_z,Hip.R_x,Hip.R_y,Hip.R_z,Hip.L_x,Hip.L_y,Hip.L_z,Knee.L_x,Knee.L_y,Knee.L_z,Ankle.L_x,Ankle.L_y,Ankle.L_z,Wrist.R_x,Wrist.R_y,Wrist.R_z,Elbow.R_x,Elbow.R_y,Elbow.R_z,Shoulder.R_x,Shoulder.R_y,Shoulder.R_z,Shoulder.L_x,Shoulder.L_y,Shoulder.L_z,Elbow.L_x,Elbow.L_y,Elbow.L_z,Wrist.L_x,Wrist.L_y,Wrist.L_z,Neck_x,Neck_y,Neck_z,Head_x,Head_y,Head_z,Nose_x,Nose_y,Nose_z,hip.Center_x,hip.Center_y,hip.Center_z
0,0.19875342,-1.4745919,-0.43238238,0.8448854,-0.707301,-0.18187892,0.11797529,-0.020788085,-0.21253231,0.0372129,-0.020788085,-0.800385,0.11797529,-1.0303665,-0.87531865,-0.0031685308,-2.0399454,-0.751194,0.19875342,0.14073692,-0.43070725,-0.1646933,0.70610607,-0.29225028,-0.0031685308,1.3522375,-0.24798477,0.11797529,1.3522375,-0.8209756,0.077593856,0.66572464,-0.80304825,0.3198977,0.18111812,-0.5605205,0.057403617,1.3522375,-0.5368443,0.7439161,1.836844,-0.5311711,0.4006601,1.5945406,-0.43126532,0.077593856,-0.020788085,-0.50132555
