frame,Ankle.R_x,Ankle.R_y,Ankle.R_z,Knee.R_x,Knee.R_y,Knee.R_z,Hip.R_x,Hip.R_y,Hip.R_z,Hip.L_x,Hip.L_y,Hip.L_z,Knee.L_x,Knee.L_y,Knee.L_z,Ankle.L_x,Ankle.L_y,Ankle.L_z,Wrist.R_x,Wrist.R_y,Wrist.R_z,Elbow.R_x,Elbow.R_y,Elbow.R_z,Shoulder.R_x,Shoulder.R_y,Shoulder.R_z,Shoulder.L_x,Shoulder.L_y,Shoulder.L_z,Elbow.L_x,Elbow.L_y,Elbow.L_z,Wrist.L_x,Wrist.L_y,Wrist.L_z,Neck_x,Neck_y,Neck_z,Head_x,Head_y,Head_z,Nose_x,Nose_y,Nose_z,hip.Center_x,hip.Center_y,hip.Center_z
0,-0.098083526,-1.8231124,-1.3439274,-0.13604072,-0.9500019,-0.7547784,-0.13604072,-0.0009771902,-0.44946647,0.2815294,-0.03893438,-0.54436237,0.3194861,-0.9500019,-0.7138986,0.3194861,-1.8231124,-1.2184842,-0.36381105,-0.0009771902,-0.10425106,-0.36381105,0.5304776,-0.41040084,-0.28788283,1.1378609,-0.39892554,0.4333715,1.1378609,-0.6507246,0.54725695,0.5304776,-0.34064704,0.50929976,-0.0009771902,-0.07110497,0.07274434,1.1378609,-0.5646605,0.03477332,1.9730002,-0.7284825,0.05375859,1.5554307,-0.58338284,0.07274434,-0.019955786,-0.4976072
