frame,Ankle.R_x,Ankle.R_y,Ankle.R_z,Knee.R_x,Knee.R_y,Knee.R_z,Hip.R_x,Hip.R_y,Hip.R_z,Hip.L_x,Hip.L_y,Hip.L_z,Knee.L_x,Knee.L_y,Knee.L_z,Ankle.L_x,Ankle.L_y,Ankle.L_z,Wrist.R_x,Wrist.R_y,Wrist.R_z,Elbow.R_x,Elbow.R_y,Elbow.R_z,Shoulder.R_x,Shoulder.R_y,Shoulder.R_z,Shoulder.L_x,Shoulder.L_y,Shoulder.L_z,Elbow.L_x,Elbow.L_y,Elbow.L_z,Wrist.L_x,Wrist.L_y,Wrist.L_z,Neck_x,Neck_y,Neck_z,Head_x,Head_y,Head_z,Nose_x,Nose_y,Nose_z,hip.Center_x,hip.Center_y,hip.Center_z
0,0.042835027,-1.9701314,-0.4973867,-0.1716282,-0.9835453,-0.5704583,0.042835027,0.003024608,-0.6304754,0.085740834,-0.03986475,-0.36008373,0.085740834,-1.0693402,-0.5770972,0.25731495,-2.1417055,-0.292547,-0.12873861,-0.08277032,-0.39529493,0.17151955,0.6035414,-0.48169294,0.12863043,1.3327585,-0.66705716,0.12863043,1.289853,-0.5819953,0.17151955,0.5606518,-0.42120054,-0.042943686,-0.12565967,-0.29651982,0.12863043,1.3113058,-0.62839687,-0.72925496,1.7831379,-0.6360173,-0.30031225,1.5472218,-0.6671367,0.06428793,-0.018419951,-0.49848998
