frame,Ankle.R_x,Ankle.R_y,Ankle.R_z,Knee.R_x,Knee.R_y,Knee.R_z,Hip.R_x,Hip.R_y,Hip.R_z,Hip.L_x,Hip.L_y,Hip.L_z,Knee.L_x,Knee.L_y,Knee.L_z,Ankle.L_x,Ankle.L_y,Ankle.L_z,Wrist.R_x,Wrist.R_y,Wrist.R_z,Elbow.R_x,Elbow.R_y,Elbow.R_z,Shoulder.R_x,Shoulder.R_y,Shoulder.R_z,Shoulder.L_x,Shoulder.L_y,Shoulder.L_z,Elbow.L_x,Elbow.L_y,Elbow.L_z,Wrist.L_x,Wrist.L_y,Wrist.L_z,Neck_x,Neck_y,Neck_z,Head_x,Head_y,Head_z,Nose_x,Nose_y,Nose_z,hip.Center_x,hip.Center_y,hip.Center_z
0,0.28605616,-1.9802449,-0.0031837225,-0.023031116,-1.0971406,-0.14332604,-0.023031116,0.0067196153,-0.65109396,0.15359938,-0.03743813,-0.34104714,0.1094414,-1.0971406,-0.59913063,0.24189866,-2.1568592,-0.90016615,-0.11133039,0.0067196153,-0.32248834,0.065283895,0.5365629,-0.5032116,0.1094414,1.2430366,-0.6103848,0.28605616,1.2430366,-0.56601495,0.28605616,0.5365629,-0.33517334,-0.023031116,-0.03743813,-0.24001971,0.19774926,1.2430366,-0.60020125,-0.50872505,1.9494944,-0.7313923,-0.15548837,1.5962654,-0.7002824,0.065283895,-0.015359137,-0.49846044
