frame,Ankle.R_x,Ankle.R_y,Ankle.R_z,Knee.R_x,Knee.R_y,Knee.R_z,Hip.R_x,Hip.R_y,Hip.R_z,Hip.L_x,Hip.L_y,Hip.L_z,Knee.L_x,Knee.L_y,Knee.L_z,Ankle.L_x,Ankle.L_y,Ankle.L_z,Wrist.R_x,Wrist.R_y,Wrist.R_z,Elbow.R_x,Elbow.R_y,Elbow.R_z,Shoulder.R_x,Shoulder.R_y,Shoulder.R_z,Shoulder.L_x,Shoulder.L_y,Shoulder.L_z,Elbow.L_x,Elbow.L_y,Elbow.L_z,Wrist.L_x,Wrist.L_y,Wrist.L_z,Neck_x,Neck_y,Neck_z,Head_x,Head_y,Head_z,Nose_x,Nose_y,Nose_z,hip.Center_x,hip.Center_y,hip.Center_z
0,-0.21135372,-1.688202,-1.3633381,-0.21135372,-0.9101791,-0.53485745,-0.14061445,-0.02604716,-0.41471207,0.2837668,-0.02604716,-0.587226,0.24839693,-0.94553536,-0.8810103,0.21302706,-1.688202,-1.5559946,-0.4589004,0.04467828,-0.13928154,-0.35280508,0.57515484,-0.42571655,-0.21135372,1.1409872,-0.35659993,0.4959436,1.1409872,-0.64505213,0.6020389,0.57515484,-0.31309247,0.531313,0.08004815,-0.044435352,0.14229494,1.1409872,-0.54918075,0.21304804,1.9897496,-0.6406644,0.17767149,1.5653683,-0.58816785,0.07157617,-0.02604716,-0.49848065
