frame,Ankle.R_x,Ankle.R_y,Ankle.R_z,Knee.R_x,Knee.R_y,Knee.R_z,Hip.R_x,Hip.R_y,Hip.R_z,Hip.L_x,Hip.L_y,Hip.L_z,Knee.L_x,Knee.L_y,Knee.L_z,Ankle.L_x,Ankle.L_y,Ankle.L_z,Wrist.R_x,Wrist.R_y,Wrist.R_z,Elbow.R_x,Elbow.R_y,Elbow.R_z,Shoulder.R_x,Shoulder.R_y,Shoulder.R_z,Shoulder.L_x,Shoulder.L_y,Shoulder.L_z,Elbow.L_x,Elbow.L_y,Elbow.L_z,Wrist.L_x,Wrist.L_y,Wrist.L_z,Neck_x,Neck_y,Neck_z,Head_x,Head_y,Head_z,Nose_x,Nose_y,Nose_z,hip.Center_x,hip.Center_y,hip.Center_z
0,-0.15589309,-1.7299649,-1.2973797,-0.19251037,-0.92437285,-0.46852583,-0.15589309,-0.045547172,-0.48497367,0.2835133,-0.008916063,-0.52185965,0.24689603,-0.92437285,-0.74887896,0.24689603,-1.6933476,-1.3887748,-0.41222692,0.064318255,-0.0060418546,-0.37559628,0.61357576,-0.28739002,-0.30236173,1.1628473,-0.42328238,0.42999578,1.1628473,-0.6264025,0.50323033,0.5769587,-0.2980416,0.50323033,0.027701216,-0.07508016,0.06381727,1.1628473,-0.5835875,0.13703704,1.9684528,-0.6929183,0.1004274,1.5656501,-0.5845225,0.06381012,-0.027231617,-0.4980935
