frame,Ankle.R_x,Ankle.R_y,Ankle.R_z,Knee.R_x,Knee.R_y,Knee.R_z,Hip.R_x,Hip.R_y,Hip.R_z,Hip.L_x,Hip.L_y,Hip.L_z,Knee.L_x,Knee.L_y,Knee.L_z,Ankle.L_x,Ankle.L_y,Ankle.L_z,Wrist.R_x,Wrist.R_y,Wrist.R_z,Elbow.R_x,Elbow.R_y,Elbow.R_z,Shoulder.R_x,Shoulder.R_y,Shoulder.R_z,Shoulder.L_x,Shoulder.L_y,Shoulder.L_z,Elbow.L_x,Elbow.L_y,Elbow.L_z,Wrist.L_x,Wrist.L_y,Wrist.L_z,Neck_x,Neck_y,Neck_z,Head_x,Head_y,Head_z,Nose_x,Nose_y,Nose_z,hip.Center_x,hip.Center_y,hip.Center_z
0,-0.28411996,-1.1046677,-0.40973195,-0.8399042,-0.20686173,-0.067362845,-0.07035673,0.049654245,-0.72947013,0.18615973,-0.078603745,-0.25833833,0.18615973,-1.2329259,-0.39938655,0.31441748,-2.3872476,-0.4351138,0.10065377,-0.16410923,-0.42814213,0.18615973,0.5626862,-0.86266416,0.18615973,1.3749866,-0.74346864,0.31441748,1.332234,-0.35192895,0.35717022,0.51993346,-0.10660377,0.14340651,-0.20686173,-0.32184166,0.2502886,1.3536103,-0.5421574,-0.7330226,1.8238544,-0.5397064,-0.24136722,1.5887322,-0.5952325,0.057901025,-0.014474868,-0.4964496
