frame,Ankle.R_x,Ankle.R_y,Ankle.R_z,Knee.R_x,Knee.R_y,Knee.R_z,Hip.R_x,Hip.R_y,Hip.R_z,Hip.L_x,Hip.L_y,Hip.L_z,Knee.L_x,Knee.L_y,Knee.L_z,Ankle.L_x,Ankle.L_y,Ankle.L_z,Wrist.R_x,Wrist.R_y,Wrist.R_z,Elbow.R_x,Elbow.R_y,Elbow.R_z,Shoulder.R_x,Shoulder.R_y,Shoulder.R_z,Shoulder.L_x,Shoulder.L_y,Shoulder.L_z,Elbow.L_x,Elbow.L_y,Elbow.L_z,Wrist.L_x,Wrist.L_y,Wrist.L_z,Neck_x,Neck_y,Neck_z,Head_x,Head_y,Head_z,Nose_x,Nose_y,Nose_z,hip.Center_x,hip.Center_y,hip.Center_z
0,-0.0075556375,-1.7268869,-1.3280449,-0.08072296,-0.92207444,-0.7521208,-0.1538898,-0.044108734,-0.42713934,0.24851593,-0.007524835,-0.5678693,0.32166943,-0.8854908,-0.88842213,0.35825333,-1.690303,-1.4052789,-0.6294634,0.06564249,-0.24881905,-0.5562965,0.5777856,-0.494834,-0.44654527,1.0899289,-0.39704856,0.24851593,1.1630962,-0.59287965,0.39483675,0.6143693,-0.19334352,0.46800408,0.06564249,0.07371801,-0.09901443,1.1265125,-0.52981824,-0.13559833,1.9313248,-0.5724547,-0.11730638,1.5289186,-0.55262387,0.04731306,-0.025816785,-0.49837527
