frame,Ankle.R_x,Ankle.R_y,Ankle.R_z,Knee.R_x,Knee.R_y,Knee.R_z,Hip.R_x,Hip.R_y,Hip.R_z,Hip.L_x,Hip.L_y,Hip.L_z,Knee.L_x,Knee.L_y,Knee.L_z,Ankle.L_x,Ankle.L_y,Ankle.L_z,Wrist.R_x,Wrist.R_y,Wrist.R_z,Elbow.R_x,Elbow.R_y,Elbow.R_z,Shoulder.R_x,Shoulder.R_y,Shoulder.R_z,Shoulder.L_x,Shoulder.L_y,Shoulder.L_z,Elbow.L_x,Elbow.L_y,Elbow.L_z,Wrist.L_x,Wrist.L_y,Wrist.L_z,Neck_x,Neck_y,Neck_z,Head_x,Head_y,Head_z,Nose_x,Nose_y,Nose_z,hip.Center_x,hip.Center_y,hip.Center_z
0,0.15128967,-1.9290484,-0.22824687,0.22549555,-0.96433866,-0.5142967,0.33680508,-0.036731854,-0.45758596,-0.14554957,0.00037108362,-0.5455958,-0.40528658,-0.630396,-1.2942417,-0.25685957,-1.3724874,-0.8065792,0.59652686,0.03747426,-1.2716553,0.6336448,0.55693233,-0.9063258,0.5223205,1.2248175,-0.5479553,-0.2197564,1.2248175,-0.47886124,-0.33106545,0.55693233,-0.7116021,-0.44238976,0.03747426,-1.0981841,0.15128204,1.2248175,-0.53717244,-0.36817577,1.8184668,-0.46445435,-0.10844686,1.5216421,-0.70354635,0.095627524,-0.018180266,-0.5012873
