frame,Ankle.R_x,Ankle.R_y,Ankle.R_z,Knee.R_x,Knee.R_y,Knee.R_z,Hip.R_x,Hip.R_y,Hip.R_z,Hip.L_x,Hip.L_y,Hip.L_z,Knee.L_x,Knee.L_y,Knee.L_z,Ankle.L_x,Ankle.L_y,Ankle.L_z,Wrist.R_x,Wrist.R_y,Wrist.R_z,Elbow.R_x,Elbow.R_y,Elbow.R_z,Shoulder.R_x,Shoulder.R_y,Shoulder.R_z,Shoulder.L_x,Shoulder.L_y,Shoulder.L_z,Elbow.L_x,Elbow.L_y,Elbow.L_z,Wrist.L_x,Wrist.L_y,Wrist.L_z,Neck_x,Neck_y,Neck_z,Head_x,Head_y,Head_z,Nose_x,Nose_y,Nose_z,hip.Center_x,hip.Center_y,hip.Center_z
0,0.36582315,-1.8879648,-0.57104284,0.32915056,-0.93463004,-0.58819425,0.29247797,-0.01795377,-0.343782,-0.14752401,-0.01795377,-0.6551615,-0.07419266,-0.93463004,-1.189817,-0.037520066,-1.8879648,-1.0684515,0.54915893,0.055391893,-1.2097317,0.51248586,0.53205216,-0.7976024,0.40248144,1.1554035,-0.39546442,-0.3308593,1.1187308,-0.6106776,-0.40419066,0.4953936,-0.80224586,-0.40419066,-0.01795377,-1.1274998,0.03581129,1.1370671,-0.5084834,0.40248144,1.8337353,-0.46295482,0.2191466,1.4854013,-0.6237885,0.07247673,-0.01795377,-0.50030404
