frame,Ankle.R_x,Ankle.R_y,Ankle.R_z,Knee.R_x,Knee.R_y,Knee.R_z,Hip.R_x,Hip.R_y,Hip.R_z,Hip.L_x,Hip.L_y,Hip.L_z,Knee.L_x,Knee.L_y,Knee.L_z,Ankle.L_x,Ankle.L_y,Ankle.L_z,Wrist.R_x,Wrist.R_y,Wrist.R_z,Elbow.R_x,Elbow.R_y,Elbow.R_z,Shoulder.R_x,Shoulder.R_y,Shoulder.R_z,Shoulder.L_x,Shoulder.L_y,Shoulder.L_z,Elbow.L_x,Elbow.L_y,Elbow.L_z,Wrist.L_x,Wrist.L_y,Wrist.L_z,Neck_x,Neck_y,Neck_z,Head_x,Head_y,Head_z,Nose_x,Nose_y,Nose_z,hip.Center_x,hip.Center_y,hip.Center_z
0,0.4283766,-1.9231895,-0.16007912,0.4283766,-0.93357813,-0.33209074,0.23807421,-0.020096183,-0.38424864,-0.10448655,-0.020096183,-0.62013996,-0.02835711,-0.93357813,-1.0266774,-0.0664297,-1.8851174,-0.9129115,0.5806207,0.056033492,-1.0707068,0.39031878,0.55082476,-0.592273,0.27613202,1.1978749,-0.38040406,-0.2567316,1.1598175,-0.59904224,-0.29478893,0.5127672,-0.80842733,-0.18061647,0.13214839,-1.1135495,0.009700216,1.1788461,-0.5019224,0.6186785,1.902026,-0.50224435,0.31418934,1.5404361,-0.561748,0.06679336,-0.020096183,-0.4995539
