frame,Ankle.R_x,Ankle.R_y,Ankle.R_z,Knee.R_x,Knee.R_y,Knee.R_z,Hip.R_x,Hip.R_y,Hip.R_z,Hip.L_x,Hip.L_y,Hip.L_z,Knee.L_x,Knee.L_y,Knee.L_z,Ankle.L_x,Ankle.L_y,Ankle.L_z,Wrist.R_x,Wrist.R_y,Wrist.R_z,Elbow.R_x,Elbow.R_y,Elbow.R_z,Shoulder.R_x,Shoulder.R_y,Shoulder.R_z,Shoulder.L_x,Shoulder.L_y,Shoulder.L_z,Elbow.L_x,Elbow.L_y,Elbow.L_z,Wrist.L_x,Wrist.L_y,Wrist.L_z,Neck_x,Neck_y,Neck_z,Head_x,Head_y,Head_z,Nose_x,Nose_y,Nose_z,hip.Center_x,hip.Center_y,hip.Center_z
0,0.06785293,-1.724266,-1.028948,-0.086531684,-0.9137474,-0.6691978,-0.12512736,-0.026036302,-0.6386734,0.26083368,-0.026036302,-0.3627386,0.26083368,-0.9523435,-0.58668673,0.26083368,-1.840055,-0.9516077,-0.39530045,0.1283483,0.033635855,-0.2409163,0.63009804,-0.28022614,-0.16372351,1.170444,-0.53202516,0.45381445,1.2090402,-0.5153756,0.53100675,0.5915019,-0.34335196,0.45381445,-0.026036302,-0.28738973,0.14504524,1.1897421,-0.56367755,-0.0093389,1.9230688,-0.69707876,0.06785293,1.5564053,-0.63286436,0.06785293,-0.026036302,-0.49683255
