frame,Ankle.R_x,Ankle.R_y,Ankle.R_z,Knee.R_x,Knee.R_y,Knee.R_z,Hip.R_x,Hip.R_y,Hip.R_z,Hip.L_x,Hip.L_y,Hip.L_z,Knee.L_x,Knee.L_y,Knee.L_z,Ankle.L_x,Ankle.L_y,Ankle.L_z,Wrist.R_x,Wrist.R_y,Wrist.R_z,Elbow.R_x,Elbow.R_y,Elbow.R_z,Shoulder.R_x,Shoulder.R_y,Shoulder.R_z,Shoulder.L_x,Shoulder.L_y,Shoulder.L_z,Elbow.L_x,Elbow.L_y,Elbow.L_z,Wrist.L_x,Wrist.L_y,Wrist.L_z,Neck_x,Neck_y,Neck_z,Head_x,Head_y,Head_z,Nose_x,Nose_y,Nose_z,hip.Center_x,hip.Center_y,hip.Center_z
0,0.34290937,-1.8230573,-0.51509273,0.34290937,-0.90402657,-0.5582964,0.30613807,-0.021766987,-0.36194625,-0.13499162,-0.021766987,-0.64085704,-0.17174909,-0.90402657,-1.1792786,-0.20850655,-1.7862998,-0.943257,0.6002245,0.051747713,-1.2064425,0.52671003,0.56640595,-0.8278415,0.41642383,1.1545788,-0.3756943,-0.24527737,1.1178215,-0.5680375,-0.3923206,0.5296485,-0.7638084,-0.3555493,0.014990244,-1.1222236,0.085573226,1.1362002,-0.47515196,0.5267029,1.9081876,-0.4206396,0.30613807,1.5221939,-0.5853965,0.085573226,-0.021766987,-0.4996587
