frame,Ankle.R_x,Ankle.R_y,Ankle.R_z,Knee.R_x,Knee.R_y,Knee.R_z,Hip.R_x,Hip.R_y,Hip.R_z,Hip.L_x,Hip.L_y,Hip.L_z,Knee.L_x,Knee.L_y,Knee.L_z,Ankle.L_x,Ankle.L_y,Ankle.L_z,Wrist.R_x,Wrist.R_y,Wrist.R_z,Elbow.R_x,Elbow.R_y,Elbow.R_z,Shoulder.R_x,Shoulder.R_y,Shoulder.R_z,Shoulder.L_x,Shoulder.L_y,Shoulder.L_z,Elbow.L_x,Elbow.L_y,Elbow.L_z,Wrist.L_x,Wrist.L_y,Wrist.L_z,Neck_x,Neck_y,Neck_z,Head_x,Head_y,Head_z,Nose_x,Nose_y,Nose_z,hip.Center_x,hip.Center_y,hip.Center_z
0,-0.2597553,-1.2038604,-0.34123653,-0.7688429,-0.31296146,-0.11817002,-0.047640022,0.026412847,-0.70949924,0.16447574,-0.0584265,-0.2800084,0.20691234,-1.2462794,-0.40642112,0.3341716,-2.3917136,-0.37646902,0.079636395,-0.1432656,-0.41066876,0.16447574,0.57791984,-0.83764625,0.16447574,1.3839792,-0.7410633,0.3341716,1.3415422,-0.40974265,0.3341716,0.53550017,-0.19416389,0.12205583,-0.18570268,-0.36419564,0.24932319,1.3627608,-0.5847887,-0.68399495,1.8294287,-0.547375,-0.21733588,1.5960947,-0.58422154,0.058417622,-0.016006825,-0.49676406
