frame,Ankle.R_x,Ankle.R_y,Ankle.R_z,Knee.R_x,Knee.R_y,Knee.R_z,Hip.R_x,Hip.R_y,Hip.R_z,Hip.L_x,Hip.L_y,Hip.L_z,Knee.L_x,Knee.L_y,Knee.L_z,Ankle.L_x,Ankle.L_y,Ankle.L_z,Wrist.R_x,Wrist.R_y,Wrist.R_z,Elbow.R_x,Elbow.R_y,Elbow.R_z,Shoulder.R_x,Shoulder.R_y,Shoulder.R_z,Shoulder.L_x,Shoulder.L_y,Shoulder.L_z,Elbow.L_x,Elbow.L_y,Elbow.L_z,Wrist.L_x,Wrist.L_y,Wrist.L_z,Neck_x,Neck_y,Neck_z,Head_x,Head_y,Head_z,Nose_x,Nose_y,Nose_z,hip.Center_x,hip.Center_y,hip.Center_z
0,0.042761378,-1.6856197,-0.29988587,-0.44618124,-0.8855227,-0.14918792,-0.046132512,0.0034688432,-0.6542237,0.17611128,-0.04098645,-0.33975762,0.17611128,-1.1522216,-0.5542286,0.26502186,-2.1301236,-0.89288104,-0.13502687,0.0034688432,-0.30634004,0.13167197,0.58132255,-0.5467949,0.13167197,1.292509,-0.75993896,0.3094607,1.292509,-0.52464694,0.3094607,0.58132255,-0.38338807,-0.046132512,-0.04098645,-0.27688646,0.22056633,1.292509,-0.6525179,-0.49062055,1.9148177,-0.7607723,-0.13502687,1.6036633,-0.7136203,0.06498914,-0.018758921,-0.4974375
