frame,Ankle.R_x,Ankle.R_y,Ankle.R_z,Knee.R_x,Knee.R_y,Knee.R_z,Hip.R_x,Hip.R_y,Hip.R_z,Hip.L_x,Hip.L_y,Hip.L_z,Knee.L_x,Knee.L_y,Knee.L_z,Ankle.L_x,Ankle.L_y,Ankle.L_z,Wrist.R_x,Wrist.R_y,Wrist.R_z,Elbow.R_x,Elbow.R_y,Elbow.R_z,Shoulder.R_x,Shoulder.R_y,Shoulder.R_z,Shoulder.L_x,Shoulder.L_y,Shoulder.L_z,Elbow.L_x,Elbow.L_y,Elbow.L_z,Wrist.L_x,Wrist.L_y,Wrist.L_z,Neck_x,Neck_y,Neck_z,Head_x,Head_y,Head_z,Nose_x,Nose_y,Nose_z,hip.Center_x,hip.Center_y,hip.Center_z
0,-0.14867106,-1.7290592,-1.3548918,-0.18413773,-0.91339827,-0.5517703,-0.14867106,-0.02680422,-0.4569037,0.27689943,-0.02680422,-0.54604244,0.27689943,-0.94885063,-0.77055097,0.27689943,-1.7290592,-1.4216406,-0.39690915,0.044128884,-0.0754495,-0.36145678,0.5760853,-0.38989797,-0.25505677,1.1434946,-0.39634675,0.45421848,1.1434946,-0.6469853,0.5606037,0.5760853,-0.32629138,0.5251375,0.044128884,-0.09490809,0.09958037,1.1434946,-0.5768521,0.17048559,1.994636,-0.70331126,0.13503322,1.5690653,-0.60325897,0.064114176,-0.02680422,-0.49795705
