frame,Ankle.R_x,Ankle.R_y,Ankle.R_z,Knee.R_x,Knee.R_y,Knee.R_z,Hip.R_x,Hip.R_y,Hip.R_z,Hip.L_x,Hip.L_y,Hip.L_z,Knee.L_x,Knee.L_y,Knee.L_z,Ankle.L_x,Ankle.L_y,Ankle.L_z,Wrist.R_x,Wrist.R_y,Wrist.R_z,Elbow.R_x,Elbow.R_y,Elbow.R_z,Shoulder.R_x,Shoulder.R_y,Shoulder.R_z,Shoulder.L_x,Shoulder.L_y,Shoulder.L_z,Elbow.L_x,Elbow.L_y,Elbow.L_z,Wrist.L_x,Wrist.L_y,Wrist.L_z,Neck_x,Neck_y,Neck_z,Head_x,Head_y,Head_z,Nose_x,Nose_y,Nose_z,hip.Center_x,hip.Center_y,hip.Center_z
0,0.13086829,-1.8254925,-0.51554525,0.20247301,-0.9304112,-0.471834,0.30988774,-0.035315387,-0.4017093,-0.11975541,0.0004798267,-0.5993096,-0.22716966,-0.9304112,-1.0195897,-0.26297918,-1.8254925,-0.9929357,0.56051147,0.03628934,-1.2426617,0.6321162,0.50172746,-0.87823236,0.4888924,1.1103896,-0.483958,-0.19137445,1.1461992,-0.46023548,-0.3345844,0.5375372,-0.7097665,-0.4061891,0.03628934,-1.104054,0.14875874,1.1282945,-0.4657121,-0.38826957,1.8801805,-0.39426142,-0.11975541,1.5042375,-0.592461,0.09506593,-0.01741778,-0.50031865
