frame,Ankle.R_x,Ankle.R_y,Ankle.R_z,Knee.R_x,Knee.R_y,Knee.R_z,Hip.R_x,Hip.R_y,Hip.R_z,Hip.L_x,Hip.L_y,Hip.L_z,Knee.L_x,Knee.L_y,Knee.L_z,Ankle.L_x,Ankle.L_y,Ankle.L_z,Wrist.R_x,Wrist.R_y,Wrist.R_z,Elbow.R_x,Elbow.R_y,Elbow.R_z,Shoulder.R_x,Shoulder.R_y,Shoulder.R_z,Shoulder.L_x,Shoulder.L_y,Shoulder.L_z,Elbow.L_x,Elbow.L_y,Elbow.L_z,Wrist.L_x,Wrist.L_y,Wrist.L_z,Neck_x,Neck_y,Neck_z,Head_x,Head_y,Head_z,Nose_x,Nose_y,Nose_z,hip.Center_x,hip.Center_y,hip.Center_z
0,0.06596167,-2.0699935,0.23507953,0.21388656,-1.0345491,-0.07462072,0.1399315,-0.036097113,-0.47924426,-0.007993393,0.00089519843,-0.51727253,0.1399315,-0.9975715,-0.8324535,0.06596167,-1.9590455,-0.91104335,0.36181146,-0.036097113,-0.62657356,0.06596167,0.592565,-0.43017727,0.1399315,1.2582045,-0.45300072,-0.08194845,1.2582045,-0.59010184,-0.22987288,0.592565,-0.8064997,-0.118941,0.14880532,-0.43566146,0.028991528,1.2582045,-0.53080314,0.84254104,1.7759191,-0.69285065,0.43576652,1.5170617,-0.5865489,0.06596882,-0.017600838,-0.5013321
