frame,Ankle.R_x,Ankle.R_y,Ankle.R_z,Knee.R_x,Knee.R_y,Knee.R_z,Hip.R_x,Hip.R_y,Hip.R_z,Hip.L_x,Hip.L_y,Hip.L_z,Knee.L_x,Knee.L_y,Knee.L_z,Ankle.L_x,Ankle.L_y,Ankle.L_z,Wrist.R_x,Wrist.R_y,Wrist.R_z,Elbow.R_x,Elbow.R_y,Elbow.R_z,Shoulder.R_x,Shoulder.R_y,Shoulder.R_z,Shoulder.L_x,Shoulder.L_y,Shoulder.L_z,Elbow.L_x,Elbow.L_y,Elbow.L_z,Wrist.L_x,Wrist.L_y,Wrist.L_z,Neck_x,Neck_y,Neck_z,Head_x,Head_y,Head_z,Nose_x,Nose_y,Nose_z,hip.Center_x,hip.Center_y,hip.Center_z
0,0.31189036,-2.0409582,0.15981537,0.1812098,-1.0826724,-0.07635182,0.0505445,-0.03725526,-0.6091233,0.094094515,0.006310489,-0.37866497,-0.036570787,-1.0826724,-0.57396245,0.094094515,-2.1280735,-0.76392347,-0.12370229,0.006310489,-0.47525206,0.0505445,0.57256866,-0.4602333,0.0505445,1.2695081,-0.6141345,0.13765979,1.2695081,-0.5217575,0.22477508,0.6161344,-0.32154799,0.094094515,-0.03725526,-0.31962207,0.094102144,1.2695081,-0.5900985,-0.6899688,1.8793323,-0.61256814,-0.29793334,1.5744201,-0.6148777,0.07231927,-0.015472386,-0.49916396
