frame,Ankle.R_x,Ankle.R_y,Ankle.R_z,Knee.R_x,Knee.R_y,Knee.R_z,Hip.R_x,Hip.R_y,Hip.R_z,Hip.L_x,Hip.L_y,Hip.L_z,Knee.L_x,Knee.L_y,Knee.L_z,Ankle.L_x,Ankle.L_y,Ankle.L_z,Wrist.R_x,Wrist.R_y,Wrist.R_z,Elbow.R_x,Elbow.R_y,Elbow.R_z,Shoulder.R_x,Shoulder.R_y,Shoulder.R_z,Shoulder.L_x,Shoulder.L_y,Shoulder.L_z,Elbow.L_x,Elbow.L_y,Elbow.L_z,Wrist.L_x,Wrist.L_y,Wrist.L_z,Neck_x,Neck_y,Neck_z,Head_x,Head_y,Head_z,Nose_x,Nose_y,Nose_z,hip.Center_x,hip.Center_y,hip.Center_z
0,0.4529763,-1.2462425,-1.3686788,0.52634865,-0.5123976,-0.9746093,0.30620152,0.001285281,-0.34606153,-0.17078777,-0.03540853,-0.65565634,-0.060721353,-0.9894014,-0.9342662,0.01266627,-1.980073,-0.4958673,0.5630427,0.07467267,-1.1614839,0.48966986,0.5883555,-0.7710438,0.3428951,1.2121195,-0.4122706,-0.42762893,1.1754258,-0.61529887,-0.50101656,0.47827408,-0.895229,-0.4643225,-0.03540853,-1.2943878,-0.042366937,1.1937726,-0.49248666,0.3612495,2.0376692,-0.38836718,0.15944152,1.6157209,-0.6056332,0.06770711,-0.017061744,-0.4994429
