frame,Ankle.R_x,Ankle.R_y,Ankle.R_z,Knee.R_x,Knee.R_y,Knee.R_z,Hip.R_x,Hip.R_y,Hip.R_z,Hip.L_x,Hip.L_y,Hip.L_z,Knee.L_x,Knee.L_y,Knee.L_z,Ankle.L_x,Ankle.L_y,Ankle.L_z,Wrist.R_x,Wrist.R_y,Wrist.R_z,Elbow.R_x,Elbow.R_y,Elbow.R_z,Shoulder.R_x,Shoulder.R_y,Shoulder.R_z,Shoulder.L_x,Shoulder.L_y,Shoulder.L_z,Elbow.L_x,Elbow.L_y,Elbow.L_z,Wrist.L_x,Wrist.L_y,Wrist.L_z,Neck_x,Neck_y,Neck_z,Head_x,Head_y,Head_z,Nose_x,Nose_y,Nose_z,hip.Center_x,hip.Center_y,hip.Center_z
0,0.2065355,-1.9566377,0.07840967,0.40422553,-0.96821755,-0.14248621,0.2065355,-0.019340677,-0.43550545,-0.07021268,-0.019340677,-0.56797576,-0.03068383,-0.96821755,-0.9237702,-0.07021268,-1.9170941,-0.9270156,0.5228278,-0.019340677,-0.96022654,0.24607961,0.57371455,-0.6652413,0.2065355,1.2062991,-0.45293286,-0.26790267,1.1667552,-0.55567867,-0.30744678,0.5341707,-0.8205205,-0.1492861,0.13880546,-0.951314,-0.03068383,1.1865271,-0.5167526,0.60190076,1.9377137,-0.5399406,0.28560847,1.5621204,-0.58499897,0.06816165,-0.019340677,-0.49965832
