frame,Ankle.R_x,Ankle.R_y,Ankle.R_z,Knee.R_x,Knee.R_y,Knee.R_z,Hip.R_x,Hip.R_y,Hip.R_z,Hip.L_x,Hip.L_y,Hip.L_z,Knee.L_x,Knee.L_y,Knee.L_z,Ankle.L_x,Ankle.L_y,Ankle.L_z,Wrist.R_x,Wrist.R_y,Wrist.R_z,Elbow.R_x,Elbow.R_y,Elbow.R_z,Shoulder.R_x,Shoulder.R_y,Shoulder.R_z,Shoulder.L_x,Shoulder.L_y,Shoulder.L_z,Elbow.L_x,Elbow.L_y,Elbow.L_z,Wrist.L_x,Wrist.L_y,Wrist.L_z,Neck_x,Neck_y,Neck_z,Head_x,Head_y,Head_z,Nose_x,Nose_y,Nose_z,hip.Center_x,hip.Center_y,hip.Center_z
0,0.27071258,-1.9208133,0.2598393,0.09404156,-0.99328923,-0.13161308,0.09404156,-0.021582376,-0.65231013,0.049873568,-0.021582376,-0.338154,-0.038461946,-1.0374572,-0.6054165,0.0057055727,-2.0974844,-0.6281471,-0.17096546,0.02258562,-0.46549168,0.049873568,0.55259895,-0.50945747,0.13820955,1.3034515,-0.6435845,0.13820955,1.3034515,-0.50732255,0.18237707,0.5967667,-0.29848695,0.09404156,-0.06575014,-0.26706338,0.13820955,1.3034515,-0.60404706,-0.5684755,2.0101364,-0.6485617,-0.21513298,1.656794,-0.6918704,0.071957804,-0.021582376,-0.499842
