frame,Ankle.R_x,Ankle.R_y,Ankle.R_z,Knee.R_x,Knee.R_y,Knee.R_z,Hip.R_x,Hip.R_y,Hip.R_z,Hip.L_x,Hip.L_y,Hip.L_z,Knee.L_x,Knee.L_y,Knee.L_z,Ankle.L_x,Ankle.L_y,Ankle.L_z,Wrist.R_x,Wrist.R_y,Wrist.R_z,Elbow.R_x,Elbow.R_y,Elbow.R_z,Shoulder.R_x,Shoulder.R_y,Shoulder.R_z,Shoulder.L_x,Shoulder.L_y,Shoulder.L_z,Elbow.L_x,Elbow.L_y,Elbow.L_z,Wrist.L_x,Wrist.L_y,Wrist.L_z,Neck_x,Neck_y,Neck_z,Head_x,Head_y,Head_z,Nose_x,Nose_y,Nose_z,hip.Center_x,hip.Center_y,hip.Center_z
0,-0.028833166,-1.7269404,-1.1407127,-0.10438754,-0.8958563,-0.45048952,-0.14216496,-0.026981074,-0.39549157,0.27338433,-0.026981074,-0.60341126,0.38671565,-0.85807914,-0.65283364,0.3489387,-1.7269404,-1.2492204,-0.44438195,0.048573297,-0.3024429,-0.44438195,0.6152311,-0.47770542,-0.2932732,1.1441114,-0.32403582,0.38671565,1.1818887,-0.658544,0.46227002,0.6152311,-0.27197653,0.50004745,0.12412743,-0.0031345189,0.046721205,1.1630001,-0.5431272,0.122275576,1.9563209,-0.6104537,0.08449863,1.5596604,-0.5739246,0.06560968,-0.026981074,-0.49925065
