frame,Ankle.R_x,Ankle.R_y,Ankle.R_z,Knee.R_x,Knee.R_y,Knee.R_z,Hip.R_x,Hip.R_y,Hip.R_z,Hip.L_x,Hip.L_y,Hip.L_z,Knee.L_x,Knee.L_y,Knee.L_z,Ankle.L_x,Ankle.L_y,Ankle.L_z,Wrist.R_x,Wrist.R_y,Wrist.R_z,Elbow.R_x,Elbow.R_y,Elbow.R_z,Shoulder.R_x,Shoulder.R_y,Shoulder.R_z,Shoulder.L_x,Shoulder.L_y,Shoulder.L_z,Elbow.L_x,Elbow.L_y,Elbow.L_z,Wrist.L_x,Wrist.L_y,Wrist.L_z,Neck_x,Neck_y,Neck_z,Head_x,Head_y,Head_z,Nose_x,Nose_y,Nose_z,hip.Center_x,hip.Center_y,hip.Center_z
0,0.2304473,-1.7883654,-0.4735768,0.30260277,-0.92246133,-0.520054,0.30260277,-0.020493329,-0.36305422,-0.13034199,-0.020493329,-0.6388313,-0.16641997,-0.8863836,-1.1928167,-0.20249747,-1.7883654,-1.0114086,0.62731504,0.05166191,-1.2177353,0.59123755,0.5567762,-0.8412714,0.44692755,1.1340456,-0.42380604,-0.23857497,1.1340456,-0.5852051,-0.41897726,0.5928537,-0.79468524,-0.38289928,0.123830974,-1.1639423,0.10417606,1.1340456,-0.5087691,0.4288745,1.8556256,-0.47750628,0.26652527,1.4948356,-0.6372464,0.08613016,-0.020493329,-0.4999784
