frame,Ankle.R_x,Ankle.R_y,Ankle.R_z,Knee.R_x,Knee.R_y,Knee.R_z,Hip.R_x,Hip.R_y,Hip.R_z,Hip.L_x,Hip.L_y,Hip.L_z,Knee.L_x,Knee.L_y,Knee.L_z,Ankle.L_x,Ankle.L_y,Ankle.L_z,Wrist.R_x,Wrist.R_y,Wrist.R_z,Elbow.R_x,Elbow.R_y,Elbow.R_z,Shoulder.R_x,Shoulder.R_y,Shoulder.R_z,Shoulder.L_x,Shoulder.L_y,Shoulder.L_z,Elbow.L_x,Elbow.L_y,Elbow.L_z,Wrist.L_x,Wrist.L_y,Wrist.L_z,Neck_x,Neck_y,Neck_z,Head_x,Head_y,Head_z,Nose_x,Nose_y,Nose_z,hip.Center_x,hip.Center_y,hip.Center_z
0,0.30413848,-1.8364149,-0.43888557,0.30413848,-0.9561261,-0.5281537,0.30413848,-0.040633306,-0.37494528,-0.11840409,-0.0054296087,-0.6272931,-0.15360802,-0.92092264,-1.1498859,-0.18882531,-1.8364149,-1.1246673,0.55062085,0.029788153,-1.2041602,0.5858243,0.52273834,-0.8235214,0.48018485,1.1565454,-0.4117311,-0.259247,1.1565454,-0.55795056,-0.3296687,0.52273834,-0.75756884,-0.3296687,0.029788153,-1.151226,0.11046916,1.1565454,-0.49246675,0.49780828,1.8607597,-0.43892977,0.30413848,1.5086526,-0.61341417,0.09286767,-0.023031337,-0.500913
