frame,Ankle.R_x,Ankle.R_y,Ankle.R_z,Knee.R_x,Knee.R_y,Knee.R_z,Hip.R_x,Hip.R_y,Hip.R_z,Hip.L_x,Hip.L_y,Hip.L_z,Knee.L_x,Knee.L_y,Knee.L_z,Ankle.L_x,Ankle.L_y,Ankle.L_z,Wrist.R_x,Wrist.R_y,Wrist.R_z,Elbow.R_x,Elbow.R_y,Elbow.R_z,Shoulder.R_x,Shoulder.R_y,Shoulder.R_z,Shoulder.L_x,Shoulder.L_y,Shoulder.L_z,Elbow.L_x,Elbow.L_y,Elbow.L_z,Wrist.L_x,Wrist.L_y,Wrist.L_z,Neck_x,Neck_y,Neck_z,Head_x,Head_y,Head_z,Nose_x,Nose_y,Nose_z,hip.Center_x,hip.Center_y,hip.Center_z
0,0.13036637,-1.965605,0.03232813,0.003471896,-1.0350184,-0.2417345,0.04576449,-0.019846417,-0.6223177,0.08805756,-0.019846417,-0.36566466,0.08805756,-1.077327,-0.6565716,0.21496777,-2.0501912,-0.4965424,-0.123423055,0.022446655,-0.43444777,0.08805756,0.6146264,-0.5949762,0.04576449,1.291408,-0.6790509,0.08805756,1.291408,-0.44248933,0.08805756,0.6146264,-0.33626473,-0.123423055,-0.062154986,-0.26440692,0.066911265,1.291408,-0.5613779,-0.8213667,1.7989862,-0.6083068,-0.37722772,1.5451971,-0.5950643,0.066911265,-0.019846417,-0.49785167
