frame,Ankle.R_x,Ankle.R_y,Ankle.R_z,Knee.R_x,Knee.R_y,Knee.R_z,Hip.R_x,Hip.R_y,Hip.R_z,Hip.L_x,Hip.L_y,Hip.L_z,Knee.L_x,Knee.L_y,Knee.L_z,Ankle.L_x,Ankle.L_y,Ankle.L_z,Wrist.R_x,Wrist.R_y,Wrist.R_z,Elbow.R_x,Elbow.R_y,Elbow.R_z,Shoulder.R_x,Shoulder.R_y,Shoulder.R_z,Shoulder.L_x,Shoulder.L_y,Shoulder.L_z,Elbow.L_x,Elbow.L_y,Elbow.L_z,Wrist.L_x,Wrist.L_y,Wrist.L_z,Neck_x,Neck_y,Neck_z,Head_x,Head_y,Head_z,Nose_x,Nose_y,Nose_z,hip.Center_x,hip.Center_y,hip.Center_z
0,0.16139027,-1.8267438,-0.56492674,0.23013064,-0.93309546,-0.59770906,0.26450726,-0.039447077,-0.3109773,-0.113583125,-0.005070217,-0.6974728,-0.044829406,-0.8643553,-1.2620447,-0.079206504,-1.6892636,-0.92986095,0.78007835,-0.005070217,-1.117758,0.6082215,0.5448637,-0.6864745,0.4707279,1.1635518,-0.3745081,-0.14794639,1.1635518,-0.6800302,-0.28542665,0.61360395,-0.8935789,-0.25106338,0.13240981,-1.2372016,0.16139027,1.1635518,-0.5344,0.71133846,1.8509798,-0.50333625,0.43636462,1.5072659,-0.5754044,0.075462304,-0.022258766,-0.5000543
