frame,Ankle.R_x,Ankle.R_y,Ankle.R_z,Knee.R_x,Knee.R_y,Knee.R_z,Hip.R_x,Hip.R_y,Hip.R_z,Hip.L_x,Hip.L_y,Hip.L_z,Knee.L_x,Knee.L_y,Knee.L_z,Ankle.L_x,Ankle.L_y,Ankle.L_z,Wrist.R_x,Wrist.R_y,Wrist.R_z,Elbow.R_x,Elbow.R_y,Elbow.R_z,Shoulder.R_x,Shoulder.R_y,Shoulder.R_z,Shoulder.L_x,Shoulder.L_y,Shoulder.L_z,Elbow.L_x,Elbow.L_y,Elbow.L_z,Wrist.L_x,Wrist.L_y,Wrist.L_z,Neck_x,Neck_y,Neck_z,Head_x,Head_y,Head_z,Nose_x,Nose_y,Nose_z,hip.Center_x,hip.Center_y,hip.Center_z
0,0.33718237,-1.8030123,-0.6537713,0.33718237,-0.9113351,-0.6181189,0.3015202,-0.01964319,-0.36677068,-0.16215673,-0.01964319,-0.6352403,-0.09083238,-0.9469968,-1.1352322,-0.05515638,-1.8030123,-0.8554827,0.5511826,0.08735669,-1.2073183,0.51552093,0.5510336,-0.8037005,0.37284455,1.1573725,-0.39119524,-0.34049478,1.1217105,-0.56285495,-0.44749466,0.47969544,-0.76334035,-0.44749466,0.016018746,-1.1484141,0.016174644,1.1395416,-0.47657573,0.23018965,1.8885568,-0.39329785,0.12318215,1.5140492,-0.5835501,0.06968197,-0.01964319,-0.49935046
