frame,Ankle.R_x,Ankle.R_y,Ankle.R_z,Knee.R_x,Knee.R_y,Knee.R_z,Hip.R_x,Hip.R_y,Hip.R_z,Hip.L_x,Hip.L_y,Hip.L_z,Knee.L_x,Knee.L_y,Knee.L_z,Ankle.L_x,Ankle.L_y,Ankle.L_z,Wrist.R_x,Wrist.R_y,Wrist.R_z,Elbow.R_x,Elbow.R_y,Elbow.R_z,Shoulder.R_x,Shoulder.R_y,Shoulder.R_z,Shoulder.L_x,Shoulder.L_y,Shoulder.L_z,Elbow.L_x,Elbow.L_y,Elbow.L_z,Wrist.L_x,Wrist.L_y,Wrist.L_z,Neck_x,Neck_y,Neck_z,Head_x,Head_y,Head_z,Nose_x,Nose_y,Nose_z,hip.Center_x,hip.Center_y,hip.Center_z
0,0.42357796,-1.3846774,-1.5078628,0.4984495,-0.56111676,-1.051447,0.3112771,0.00040026754,-0.37207475,-0.17538291,-0.037027873,-0.6297916,-0.06306726,-1.0103331,-0.9334792,0.011789978,-1.9461946,-0.37265217,0.53587836,0.075272284,-1.0915422,0.4984495,0.5993609,-0.7549773,0.34870595,1.2357348,-0.42056388,-0.39998323,1.1608778,-0.61462617,-0.47485524,0.4870455,-0.88685226,-0.47485524,-0.037027873,-1.2517335,-0.025638878,1.1983062,-0.50602436,0.34870595,1.9469955,-0.39846274,0.16153353,1.5726509,-0.6050613,0.06794757,-0.018313684,-0.49881947
