frame,Ankle.R_x,Ankle.R_y,Ankle.R_z,Knee.R_x,Knee.R_y,Knee.R_z,Hip.R_x,Hip.R_y,Hip.R_z,Hip.L_x,Hip.L_y,Hip.L_z,Knee.L_x,Knee.L_y,Knee.L_z,Ankle.L_x,Ankle.L_y,Ankle.L_z,Wrist.R_x,Wrist.R_y,Wrist.R_z,Elbow.R_x,Elbow.R_y,Elbow.R_z,Shoulder.R_x,Shoulder.R_y,Shoulder.R_z,Shoulder.L_x,Shoulder.L_y,Shoulder.L_z,Elbow.L_x,Elbow.L_y,Elbow.L_z,Wrist.L_x,Wrist.L_y,Wrist.L_z,Neck_x,Neck_y,Neck_z,Head_x,Head_y,Head_z,Nose_x,Nose_y,Nose_z,hip.Center_x,hip.Center_y,hip.Center_z
0,-0.23344287,-1.7012422,-1.4082754,-0.1974288,-0.9089451,-0.6199397,-0.12540063,-0.008619551,-0.45823258,0.30675545,-0.04463363,-0.5458375,0.23472682,-0.9449594,-0.6894314,0.16269913,-1.7372563,-1.3691479,-0.3414851,0.06340885,-0.12624514,-0.3414851,0.60360694,-0.4182647,-0.1974288,1.1798053,-0.40317354,0.5228261,1.1437912,-0.63454443,0.55884063,0.56759286,-0.37185356,0.5228261,-0.008619551,-0.19893223,0.16269913,1.1617984,-0.5700424,0.16269913,1.9901233,-0.68132335,0.16269913,1.5759608,-0.57171845,0.090677164,-0.02662659,-0.49780637
