frame,Ankle.R_x,Ankle.R_y,Ankle.R_z,Knee.R_x,Knee.R_y,Knee.R_z,Hip.R_x,Hip.R_y,Hip.R_z,Hip.L_x,Hip.L_y,Hip.L_z,Knee.L_x,Knee.L_y,Knee.L_z,Ankle.L_x,Ankle.L_y,Ankle.L_z,Wrist.R_x,Wrist.R_y,Wrist.R_z,Elbow.R_x,Elbow.R_y,Elbow.R_z,Shoulder.R_x,Shoulder.R_y,Shoulder.R_z,Shoulder.L_x,Shoulder.L_y,Shoulder.L_z,Elbow.L_x,Elbow.L_y,Elbow.L_z,Wrist.L_x,Wrist.L_y,Wrist.L_z,Neck_x,Neck_y,Neck_z,Head_x,Head_y,Head_z,Nose_x,Nose_y,Nose_z,hip.Center_x,hip.Center_y,hip.Center_z
0,0.4409407,-1.7702265,-0.87933457,0.4041141,-0.84960556,-0.7640535,0.29364905,-0.0026235338,-0.3858912,-0.1482555,-0.039450146,-0.6118666,-0.11142888,-0.96007085,-1.0487611,-0.037775658,-1.8807063,-0.72990274,0.51459396,0.071029685,-1.1268492,0.51459396,0.54976034,-0.8036163,0.36728796,1.1757832,-0.46483216,-0.33238807,1.1389565,-0.52779245,-0.406027,0.47610715,-0.7378603,-0.406027,-0.0026235338,-1.0745507,0.017449714,1.1573697,-0.49838623,-0.38761345,1.8570457,-0.4602343,-0.18508163,1.5072076,-0.64273894,0.07269702,-0.021037078,-0.49959025
