frame,Ankle.R_x,Ankle.R_y,Ankle.R_z,Knee.R_x,Knee.R_y,Knee.R_z,Hip.R_x,Hip.R_y,Hip.R_z,Hip.L_x,Hip.L_y,Hip.L_z,Knee.L_x,Knee.L_y,Knee.L_z,Ankle.L_x,Ankle.L_y,Ankle.L_z,Wrist.R_x,Wrist.R_y,Wrist.R_z,Elbow.R_x,Elbow.R_y,Elbow.R_z,Shoulder.R_x,Shoulder.R_y,Shoulder.R_z,Shoulder.L_x,Shoulder.L_y,Shoulder.L_z,Elbow.L_x,Elbow.L_y,Elbow.L_z,Wrist.L_x,Wrist.L_y,Wrist.L_z,Neck_x,Neck_y,Neck_z,Head_x,Head_y,Head_z,Nose_x,Nose_y,Nose_z,hip.Center_x,hip.Center_y,hip.Center_z
0,-0.053107597,-1.7651922,-0.638994,0.06699004,-1.2333175,0.050904572,-0.0016397014,-0.032308936,-0.4040433,0.16994253,0.0019973526,-0.6011528,0.30718485,-1.1646882,-0.2794524,0.20424905,-1.7137243,-1.1071434,0.06699004,-0.06663215,-0.4595006,-0.20752844,0.65396965,-0.43605122,-0.07026944,1.3402648,-0.42169803,0.06699004,1.3402648,-0.73554265,0.06699004,0.5510336,-0.88355935,0.27287832,-0.06663215,-0.72428143,-0.0016397014,1.3402648,-0.52831864,0.75326836,1.8892682,-0.58865756,0.3758146,1.6147666,-0.4937979,0.08415141,-0.0151559105,-0.5012927
