frame,Ankle.R_x,Ankle.R_y,Ankle.R_z,Knee.R_x,Knee.R_y,Knee.R_z,Hip.R_x,Hip.R_y,Hip.R_z,Hip.L_x,Hip.L_y,Hip.L_z,Knee.L_x,Knee.L_y,Knee.L_z,Ankle.L_x,Ankle.L_y,Ankle.L_z,Wrist.R_x,Wrist.R_y,Wrist.R_z,Elbow.R_x,Elbow.R_y,Elbow.R_z,Shoulder.R_x,Shoulder.R_y,Shoulder.R_z,Shoulder.L_x,Shoulder.L_y,Shoulder.L_z,Elbow.L_x,Elbow.L_y,Elbow.L_z,Wrist.L_x,Wrist.L_y,Wrist.L_z,Neck_x,Neck_y,Neck_z,Head_x,Head_y,Head_z,Nose_x,Nose_y,Nose_z,hip.Center_x,hip.Center_y,hip.Center_z
0,-0.24893603,-1.4579395,-1.2260988,-0.28529534,-0.658073,-0.4991004,-0.13985714,-0.003630232,-0.6483391,0.33278766,-0.039989542,-0.36123437,0.22372404,-0.98529416,-0.58492833,0.15100446,-1.85788,-1.1780822,-0.35800013,0.10544841,0.044790626,-0.32164034,0.61445326,-0.4030098,-0.13985714,1.1961768,-0.52662516,0.5872899,1.1598172,-0.41788426,0.6236497,0.54173416,-0.2366761,0.5872899,-0.039989542,-0.123337924,0.22371641,1.177997,-0.52225864,0.2964498,2.0142086,-0.6448819,0.26008335,1.5961027,-0.5335438,0.09646525,-0.021809649,-0.4967449
