frame,Ankle.R_x,Ankle.R_y,Ankle.R_z,Knee.R_x,Knee.R_y,Knee.R_z,Hip.R_x,Hip.R_y,Hip.R_z,Hip.L_x,Hip.L_y,Hip.L_z,Knee.L_x,Knee.L_y,Knee.L_z,Ankle.L_x,Ankle.L_y,Ankle.L_z,Wrist.R_x,Wrist.R_y,Wrist.R_z,Elbow.R_x,Elbow.R_y,Elbow.R_z,Shoulder.R_x,Shoulder.R_y,Shoulder.R_z,Shoulder.L_x,Shoulder.L_y,Shoulder.L_z,Elbow.L_x,Elbow.L_y,Elbow.L_z,Wrist.L_x,Wrist.L_y,Wrist.L_z,Neck_x,Neck_y,Neck_z,Head_x,Head_y,Head_z,Nose_x,Nose_y,Nose_z,hip.Center_x,hip.Center_y,hip.Center_z
0,0.026165709,-1.9435304,0.14639568,0.14545844,-1.0062453,0.08802456,0.077291235,-0.017834315,-0.4491662,0.11137508,-0.017834315,-0.5515778,0.14545844,-1.0062453,-0.5892554,0.009123549,-1.8583211,-1.0505407,0.48629498,0.1525837,-0.5301867,0.043207392,0.62975514,-0.4164656,0.077291235,1.2773293,-0.461537,-0.024959818,1.2432457,-0.5581787,0.043207392,0.5956713,-0.8486464,0.45221114,0.118500106,-0.6629283,0.026165709,1.2602874,-0.4939403,0.7419226,1.907877,-0.6651908,0.3840444,1.5840822,-0.58159465,0.09433292,-0.017834315,-0.5015103
