frame,Ankle.R_x,Ankle.R_y,Ankle.R_z,Knee.R_x,Knee.R_y,Knee.R_z,Hip.R_x,Hip.R_y,Hip.R_z,Hip.L_x,Hip.L_y,Hip.L_z,Knee.L_x,Knee.L_y,Knee.L_z,Ankle.L_x,Ankle.L_y,Ankle.L_z,Wrist.R_x,Wrist.R_y,Wrist.R_z,Elbow.R_x,Elbow.R_y,Elbow.R_z,Shoulder.R_x,Shoulder.R_y,Shoulder.R_z,Shoulder.L_x,Shoulder.L_y,Shoulder.L_z,Elbow.L_x,Elbow.L_y,Elbow.L_z,Wrist.L_x,Wrist.L_y,Wrist.L_z,Neck_x,Neck_y,Neck_z,Head_x,Head_y,Head_z,Nose_x,Nose_y,Nose_z,hip.Center_x,hip.Center_y,hip.Center_z
0,0.3122455,-1.8720555,-0.63251126,0.3122455,-0.92644995,-0.6549306,0.3122455,-0.017223084,-0.34778437,-0.16055763,-0.017223084,-0.65316314,-0.08781516,-0.92644995,-1.200568,-0.05143725,-1.8720555,-0.95756876,0.5668355,0.055504598,-1.2087395,0.53045714,0.52830726,-0.8006555,0.384987,1.1465797,-0.39644825,-0.3060273,1.1465797,-0.6036915,-0.41513336,0.4919434,-0.79028875,-0.41513336,-0.017223084,-1.1349273,0.03947986,1.1465797,-0.50752175,0.43952572,1.8012161,-0.46246198,0.23950303,1.4738979,-0.6084839,0.07584394,-0.017223084,-0.4997655
