frame,Ankle.R_x,Ankle.R_y,Ankle.R_z,Knee.R_x,Knee.R_y,Knee.R_z,Hip.R_x,Hip.R_y,Hip.R_z,Hip.L_x,Hip.L_y,Hip.L_z,Knee.L_x,Knee.L_y,Knee.L_z,Ankle.L_x,Ankle.L_y,Ankle.L_z,Wrist.R_x,Wrist.R_y,Wrist.R_z,Elbow.R_x,Elbow.R_y,Elbow.R_z,Shoulder.R_x,Shoulder.R_y,Shoulder.R_z,Shoulder.L_x,Shoulder.L_y,Shoulder.L_z,Elbow.L_x,Elbow.L_y,Elbow.L_z,Wrist.L_x,Wrist.L_y,Wrist.L_z,Neck_x,Neck_y,Neck_z,Head_x,Head_y,Head_z,Nose_x,Nose_y,Nose_z,hip.Center_x,hip.Center_y,hip.Center_z
0,0.2861617,-2.0527484,0.12903833,0.06462457,-1.0780014,-0.0702669,-0.02399037,-0.014638536,-0.62028843,0.15323904,-0.014638536,-0.37211078,0.1089318,-1.1223086,-0.6122932,0.24185446,-2.1413634,-1.0719151,-0.11260531,-0.014638536,-0.29692644,0.06462457,0.5613581,-0.47387317,0.1089318,1.2259699,-0.66265947,0.2861617,1.2259699,-0.6052364,0.3304694,0.5613581,-0.3317269,0.020316862,-0.058946006,-0.263634,0.19754675,1.2259699,-0.65403444,-0.5113723,1.9348569,-0.7831845,-0.15691301,1.5804133,-0.7019149,0.06462457,-0.014638536,-0.49878484
