frame,Ankle.R_x,Ankle.R_y,Ankle.R_z,Knee.R_x,Knee.R_y,Knee.R_z,Hip.R_x,Hip.R_y,Hip.R_z,Hip.L_x,Hip.L_y,Hip.L_z,Knee.L_x,Knee.L_y,Knee.L_z,Ankle.L_x,Ankle.L_y,Ankle.L_z,Wrist.R_x,Wrist.R_y,Wrist.R_z,Elbow.R_x,Elbow.R_y,Elbow.R_z,Shoulder.R_x,Shoulder.R_y,Shoulder.R_z,Shoulder.L_x,Shoulder.L_y,Shoulder.L_z,Elbow.L_x,Elbow.L_y,Elbow.L_z,Wrist.L_x,Wrist.L_y,Wrist.L_z,Neck_x,Neck_y,Neck_z,Head_x,Head_y,Head_z,Nose_x,Nose_y,Nose_z,hip.Center_x,hip.Center_y,hip.Center_z
0,0.535311,-0.8990845,0.44615746,0.060812205,-1.4131241,-0.024674416,0.060812205,-0.06869312,-0.1838927,0.1003544,0.04993157,-0.8033575,1.2470772,0.12903361,-1.2617619,0.5748527,-0.8990845,-0.98503304,0.060812205,-0.1873178,-0.19502342,-0.25553873,0.6430734,-0.10221663,-0.057812005,1.5130059,-0.060464263,-0.21599749,1.5525473,-0.7741657,-0.17645577,0.6430734,-0.7801416,0.17943737,0.089473054,-0.37629837,-0.13690451,1.5327766,-0.39311904,0.9702771,2.0468547,-0.38796514,0.41668627,1.7898158,-0.5147352,0.080583304,-0.009381011,-0.49857327
