frame,Ankle.R_x,Ankle.R_y,Ankle.R_z,Knee.R_x,Knee.R_y,Knee.R_z,Hip.R_x,Hip.R_y,Hip.R_z,Hip.L_x,Hip.L_y,Hip.L_z,Knee.L_x,Knee.L_y,Knee.L_z,Ankle.L_x,Ankle.L_y,Ankle.L_z,Wrist.R_x,Wrist.R_y,Wrist.R_z,Elbow.R_x,Elbow.R_y,Elbow.R_z,Shoulder.R_x,Shoulder.R_y,Shoulder.R_z,Shoulder.L_x,Shoulder.L_y,Shoulder.L_z,Elbow.L_x,Elbow.L_y,Elbow.L_z,Wrist.L_x,Wrist.L_y,Wrist.L_z,Neck_x,Neck_y,Neck_z,Head_x,Head_y,Head_z,Nose_x,Nose_y,Nose_z,hip.Center_x,hip.Center_y,hip.Center_z
0,-0.118536696,-1.8581873,-0.29205048,0.14396836,-1.1056949,0.07628572,0.073970094,-0.020715171,-0.4126119,0.10896136,-0.020715171,-0.5837203,0.10896136,-1.1056949,-0.505835,-0.118536696,-1.8581873,-0.8151728,0.10896136,0.049283095,-0.54216516,-0.20602249,0.67926675,-0.49220458,-0.066026434,1.3442576,-0.47055292,0.038962618,1.3442576,-0.68792504,-0.101033434,0.64425975,-0.8438163,0.21396662,0.11928136,-0.5847714,-0.013531432,1.3442576,-0.54668784,0.72145724,1.8342289,-0.7162585,0.35396266,1.5892433,-0.636947,0.09146525,-0.020715171,-0.5029765
