frame,Ankle.R_x,Ankle.R_y,Ankle.R_z,Knee.R_x,Knee.R_y,Knee.R_z,Hip.R_x,Hip.R_y,Hip.R_z,Hip.L_x,Hip.L_y,Hip.L_z,Knee.L_x,Knee.L_y,Knee.L_z,Ankle.L_x,Ankle.L_y,Ankle.L_z,Wrist.R_x,Wrist.R_y,Wrist.R_z,Elbow.R_x,Elbow.R_y,Elbow.R_z,Shoulder.R_x,Shoulder.R_y,Shoulder.R_z,Shoulder.L_x,Shoulder.L_y,Shoulder.L_z,Elbow.L_x,Elbow.L_y,Elbow.L_z,Wrist.L_x,Wrist.L_y,Wrist.L_z,Neck_x,Neck_y,Neck_z,Head_x,Head_y,Head_z,Nose_x,Nose_y,Nose_z,hip.Center_x,hip.Center_y,hip.Center_z
0,-0.33734027,-1.0377501,-0.4130019,-0.83871067,-0.11857073,-0.14416367,-0.044873625,0.048552826,-0.7393667,0.16403016,-0.07679002,-0.25192887,0.20581111,-1.2884177,-0.39804858,0.33115444,-2.4165015,-0.33524024,0.16403016,-0.16035168,-0.43240196,0.16403016,0.54992324,-0.8719688,0.16403016,1.3855231,-0.77878606,0.33115444,1.3437423,-0.37010634,0.33115444,0.54992324,-0.09196991,0.080468744,-0.20213287,-0.37993315,0.24759206,1.3646326,-0.5832101,-0.67158735,1.8242223,-0.5228602,-0.21199742,1.5944275,-0.54412675,0.05957803,-0.0141188335,-0.49697524
