frame,Ankle.R_x,Ankle.R_y,Ankle.R_z,Knee.R_x,Knee.R_y,Knee.R_z,Hip.R_x,Hip.R_y,Hip.R_z,Hip.L_x,Hip.L_y,Hip.L_z,Knee.L_x,Knee.L_y,Knee.L_z,Ankle.L_x,Ankle.L_y,Ankle.L_z,Wrist.R_x,Wrist.R_y,Wrist.R_z,Elbow.R_x,Elbow.R_y,Elbow.R_z,Shoulder.R_x,Shoulder.R_y,Shoulder.R_z,Shoulder.L_x,Shoulder.L_y,Shoulder.L_z,Elbow.L_x,Elbow.L_y,Elbow.L_z,Wrist.L_x,Wrist.L_y,Wrist.L_z,Neck_x,Neck_y,Neck_z,Head_x,Head_y,Head_z,Nose_x,Nose_y,Nose_z,hip.Center_x,hip.Center_y,hip.Center_z
0,0.048327543,-1.7598622,-0.42707747,0.3012801,-1.0684597,0.09844494,0.06519518,-0.022913435,-0.41403598,0.098930456,-0.022913435,-0.5841262,0.06519518,-1.1021945,-0.43672225,-0.086582564,-1.7598622,-0.7948097,0.20010528,0.04454162,-0.48476687,-0.103434466,0.68535686,-0.4391946,-0.0022596344,1.359892,-0.43438876,-0.035979174,1.359892,-0.6169941,-0.035979174,0.68535686,-0.8526291,0.23384103,0.07826116,-0.6917943,-0.019119643,1.359892,-0.4650956,0.75659,1.8995327,-0.589602,0.3687354,1.6297123,-0.52589154,0.082063295,-0.022913435,-0.50292224
