frame,Ankle.R_x,Ankle.R_y,Ankle.R_z,Knee.R_x,Knee.R_y,Knee.R_z,Hip.R_x,Hip.R_y,Hip.R_z,Hip.L_x,Hip.L_y,Hip.L_z,Knee.L_x,Knee.L_y,Knee.L_z,Ankle.L_x,Ankle.L_y,Ankle.L_z,Wrist.R_x,Wrist.R_y,Wrist.R_z,Elbow.R_x,Elbow.R_y,Elbow.R_z,Shoulder.R_x,Shoulder.R_y,Shoulder.R_z,Shoulder.L_x,Shoulder.L_y,Shoulder.L_z,Elbow.L_x,Elbow.L_y,Elbow.L_z,Wrist.L_x,Wrist.L_y,Wrist.L_z,Neck_x,Neck_y,Neck_z,Head_x,Head_y,Head_z,Nose_x,Nose_y,Nose_z,hip.Center_x,hip.Center_y,hip.Center_z
0,0.2582131,-1.8931158,-0.03914082,0.13590245,-0.9961707,-0.3169958,0.1766725,-0.017669873,-0.5506866,-0.027178243,-0.017669873,-0.4436406,-0.06794877,-1.0369408,-0.8246765,-0.027178243,-2.0561965,-0.7607904,0.095132396,-0.09921022,-0.7257213,0.13590245,0.5531135,-0.7125523,0.1766725,1.2462074,-0.65457416,-0.06794877,1.2054372,-0.4096743,-0.14948888,0.5531135,-0.25584465,-0.39412588,-0.017669873,-0.22920984,0.054361865,1.2258223,-0.54660463,-0.76107305,1.9189469,-0.5976864,-0.35335582,1.5723846,-0.6903604,0.07474713,-0.017669873,-0.49934083
