frame,Ankle.R_x,Ankle.R_y,Ankle.R_z,Knee.R_x,Knee.R_y,Knee.R_z,Hip.R_x,Hip.R_y,Hip.R_z,Hip.L_x,Hip.L_y,Hip.L_z,Knee.L_x,Knee.L_y,Knee.L_z,Ankle.L_x,Ankle.L_y,Ankle.L_z,Wrist.R_x,Wrist.R_y,Wrist.R_z,Elbow.R_x,Elbow.R_y,Elbow.R_z,Shoulder.R_x,Shoulder.R_y,Shoulder.R_z,Shoulder.L_x,Shoulder.L_y,Shoulder.L_z,Elbow.L_x,Elbow.L_y,Elbow.L_z,Wrist.L_x,Wrist.L_y,Wrist.L_z,Neck_x,Neck_y,Neck_z,Head_x,Head_y,Head_z,Nose_x,Nose_y,Nose_z,hip.Center_x,hip.Center_y,hip.Center_z
0,0.1506604,-1.9840827,-0.17725411,0.065280795,-1.0021834,-0.40110373,0.065280795,-0.020283896,-0.6385081,0.065280795,-0.020283896,-0.35199624,-0.19085848,-1.0448732,-0.64038754,0.19336641,-2.0694628,-0.1788907,-0.14816868,0.022406142,-0.5013025,0.065280795,0.62008053,-0.55111647,0.065280795,1.3031346,-0.6668692,0.1506604,1.3031346,-0.5070917,0.1506604,0.62008053,-0.33286732,-0.105478406,-0.020283896,-0.2417264,0.107970595,1.3031346,-0.5868514,-0.7458273,1.8154453,-0.5638443,-0.31892836,1.55929,-0.5986202,0.065280795,-0.020283896,-0.49753532
