frame,Ankle.R_x,Ankle.R_y,Ankle.R_z,Knee.R_x,Knee.R_y,Knee.R_z,Hip.R_x,Hip.R_y,Hip.R_z,Hip.L_x,Hip.L_y,Hip.L_z,Knee.L_x,Knee.L_y,Knee.L_z,Ankle.L_x,Ankle.L_y,Ankle.L_z,Wrist.R_x,Wrist.R_y,Wrist.R_z,Elbow.R_x,Elbow.R_y,Elbow.R_z,Shoulder.R_x,Shoulder.R_y,Shoulder.R_z,Shoulder.L_x,Shoulder.L_y,Shoulder.L_z,Elbow.L_x,Elbow.L_y,Elbow.L_z,Wrist.L_x,Wrist.L_y,Wrist.L_z,Neck_x,Neck_y,Neck_z,Head_x,Head_y,Head_z,Nose_x,Nose_y,Nose_z,hip.Center_x,hip.Center_y,hip.Center_z
0,-0.107513584,-1.7699949,-1.008276,-0.14424816,-0.9250465,-0.39349115,-0.14424816,-0.043363653,-0.4492391,0.25986513,-0.0066285934,-0.55324066,0.2966002,-0.9250465,-0.77020025,0.2966002,-1.7332598,-1.4218783,-0.4014074,0.06684128,-0.051221013,-0.43814293,0.5444252,-0.37220338,-0.32792345,1.1321995,-0.38452953,0.3700703,1.1689488,-0.6191528,0.480275,0.58116,-0.2471796,0.5170105,0.030106464,-0.023376316,0.021073185,1.1505742,-0.55100465,0.13127837,1.9955221,-0.675902,0.07617601,1.5730482,-0.56791526,0.05780872,-0.024996122,-0.49900606
