frame,Ankle.R_x,Ankle.R_y,Ankle.R_z,Knee.R_x,Knee.R_y,Knee.R_z,Hip.R_x,Hip.R_y,Hip.R_z,Hip.L_x,Hip.L_y,Hip.L_z,Knee.L_x,Knee.L_y,Knee.L_z,Ankle.L_x,Ankle.L_y,Ankle.L_z,Wrist.R_x,Wrist.R_y,Wrist.R_z,Elbow.R_x,Elbow.R_y,Elbow.R_z,Shoulder.R_x,Shoulder.R_y,Shoulder.R_z,Shoulder.L_x,Shoulder.L_y,Shoulder.L_z,Elbow.L_x,Elbow.L_y,Elbow.L_z,Wrist.L_x,Wrist.L_y,Wrist.L_z,Neck_x,Neck_y,Neck_z,Head_x,Head_y,Head_z,Nose_x,Nose_y,Nose_z,hip.Center_x,hip.Center_y,hip.Center_z
0,0.059417564,-1.964305,0.2885614,-0.024225872,-1.0442582,-0.044148326,-0.024225872,0.0012528133,-0.63250065,0.10123952,-0.040568665,-0.35942152,0.143061,-1.0442582,-0.65349483,0.31033215,-2.047948,-0.936744,-0.14969079,-0.040568665,-0.2937543,0.017595608,0.54491943,-0.44317266,0.059417564,1.2558724,-0.59826565,0.22668917,1.2558724,-0.60046446,0.26851067,0.5867409,-0.3413226,0.18488248,-0.08239038,-0.26570073,0.14305289,1.2558724,-0.61679494,-0.5260784,2.008632,-0.7832146,-0.19151275,1.6322522,-0.7466893,0.038506825,-0.019657927,-0.49865064
