frame,Ankle.R_x,Ankle.R_y,Ankle.R_z,Knee.R_x,Knee.R_y,Knee.R_z,Hip.R_x,Hip.R_y,Hip.R_z,Hip.L_x,Hip.L_y,Hip.L_z,Knee.L_x,Knee.L_y,Knee.L_z,Ankle.L_x,Ankle.L_y,Ankle.L_z,Wrist.R_x,Wrist.R_y,Wrist.R_z,Elbow.R_x,Elbow.R_y,Elbow.R_z,Shoulder.R_x,Shoulder.R_y,Shoulder.R_z,Shoulder.L_x,Shoulder.L_y,Shoulder.L_z,Elbow.L_x,Elbow.L_y,Elbow.L_z,Wrist.L_x,Wrist.L_y,Wrist.L_z,Neck_x,Neck_y,Neck_z,Head_x,Head_y,Head_z,Nose_x,Nose_y,Nose_z,hip.Center_x,hip.Center_y,hip.Center_z
0,-0.07643439,-1.6981347,-1.5378058,-0.14679267,-0.9241245,-0.8070324,-0.14679267,-0.009370323,-0.4682264,0.27539802,-0.0445497,-0.53116,0.31057715,-0.9241245,-0.74691546,0.27539802,-1.7333276,-1.4107869,-0.3578956,0.09618068,-0.032145858,-0.322716,0.62390924,-0.3688437,-0.18198563,1.1516515,-0.39985746,0.48648715,1.1516515,-0.6402401,0.5920384,0.5887301,-0.43726262,0.62721753,0.025808576,-0.22000962,0.15225051,1.1516515,-0.5735914,0.18744348,1.9256753,-0.6905917,0.16984676,1.5386634,-0.5964998,0.06430267,-0.02696013,-0.49721456
