frame,Ankle.R_x,Ankle.R_y,Ankle.R_z,Knee.R_x,Knee.R_y,Knee.R_z,Hip.R_x,Hip.R_y,Hip.R_z,Hip.L_x,Hip.L_y,Hip.L_z,Knee.L_x,Knee.L_y,Knee.L_z,Ankle.L_x,Ankle.L_y,Ankle.L_z,Wrist.R_x,Wrist.R_y,Wrist.R_z,Elbow.R_x,Elbow.R_y,Elbow.R_z,Shoulder.R_x,Shoulder.R_y,Shoulder.R_z,Shoulder.L_x,Shoulder.L_y,Shoulder.L_z,Elbow.L_x,Elbow.L_y,Elbow.L_z,Wrist.L_x,Wrist.L_y,Wrist.L_z,Neck_x,Neck_y,Neck_z,Head_x,Head_y,Head_z,Nose_x,Nose_y,Nose_z,hip.Center_x,hip.Center_y,hip.Center_z
0,0.0204934,-1.8251237,-0.41744113,-0.09209214,-0.9244238,-0.0025901794,-0.1671444,-0.061272036,-0.3803233,0.28319824,0.01379453,-0.61525553,0.32071722,-0.81183827,-0.5975056,0.3582505,-1.4498333,-1.3167567,-0.46738255,-0.023738753,-0.20491165,-0.46738255,0.53918946,-0.38861036,-0.354797,1.139651,-0.30732876,0.3582505,1.2147177,-0.587981,0.5083693,0.61425626,-0.12253815,0.5459031,0.08884679,0.21735281,0.0017269962,1.1771843,-0.47396272,-0.11084424,2.0028317,-0.58896667,-0.054558862,1.5900081,-0.515135,0.058026683,-0.023738753,-0.5006433
