frame,Ankle.R_x,Ankle.R_y,Ankle.R_z,Knee.R_x,Knee.R_y,Knee.R_z,Hip.R_x,Hip.R_y,Hip.R_z,Hip.L_x,Hip.L_y,Hip.L_z,Knee.L_x,Knee.L_y,Knee.L_z,Ankle.L_x,Ankle.L_y,Ankle.L_z,Wrist.R_x,Wrist.R_y,Wrist.R_z,Elbow.R_x,Elbow.R_y,Elbow.R_z,Shoulder.R_x,Shoulder.R_y,Shoulder.R_z,Shoulder.L_x,Shoulder.L_y,Shoulder.L_z,Elbow.L_x,Elbow.L_y,Elbow.L_z,Wrist.L_x,Wrist.L_y,Wrist.L_z,Neck_x,Neck_y,Neck_z,Head_x,Head_y,Head_z,Nose_x,Nose_y,Nose_z,hip.Center_x,hip.Center_y,hip.Center_z
0,-0.09615061,-1.7061714,-1.5303319,-0.13228485,-0.9110161,-0.80586636,-0.13228485,-0.0074311662,-0.4572971,0.26528576,-0.043578997,-0.5424853,0.26528576,-0.94716394,-0.8138236,0.26528576,-1.7423195,-1.4357665,-0.38529179,0.100998506,-0.0132547915,-0.31301042,0.6070126,-0.36732677,-0.20458052,1.149161,-0.3970185,0.48214558,1.149161,-0.6487549,0.590575,0.5708648,-0.41895172,0.62672305,-0.0074311662,-0.23499393,0.13878277,1.149161,-0.57850313,0.24722603,1.9443302,-0.6885144,0.19300392,1.5467457,-0.60184914,0.06650093,-0.025504963,-0.49692157
