frame,Ankle.R_x,Ankle.R_y,Ankle.R_z,Knee.R_x,Knee.R_y,Knee.R_z,Hip.R_x,Hip.R_y,Hip.R_z,Hip.L_x,Hip.L_y,Hip.L_z,Knee.L_x,Knee.L_y,Knee.L_z,Ankle.L_x,Ankle.L_y,Ankle.L_z,Wrist.R_x,Wrist.R_y,Wrist.R_z,Elbow.R_x,Elbow.R_y,Elbow.R_z,Shoulder.R_x,Shoulder.R_y,Shoulder.R_z,Shoulder.L_x,Shoulder.L_y,Shoulder.L_z,Elbow.L_x,Elbow.L_y,Elbow.L_z,Wrist.L_x,Wrist.L_y,Wrist.L_z,Neck_x,Neck_y,Neck_z,Head_x,Head_y,Head_z,Nose_x,Nose_y,Nose_z,hip.Center_x,hip.Center_y,hip.Center_z
0,-0.10557217,-1.6708663,-1.670987,-0.17630237,-0.89292806,-0.8834992,-0.14093012,-0.008900834,-0.5628102,0.28339773,-0.044259265,-0.4396642,0.2480393,-0.92828625,-0.65426624,0.2480393,-1.7769549,-1.2505499,-0.35310787,0.13254623,0.06800389,-0.28237718,0.6629625,-0.30304852,-0.17630237,1.1580204,-0.47042078,0.49556118,1.1580204,-0.60760224,0.6016498,0.5568736,-0.49372175,0.6016498,-0.008900834,-0.30205193,0.1596294,1.1580204,-0.60171175,0.19498783,1.9359586,-0.74178016,0.17730862,1.5469896,-0.64302593,0.071233325,-0.026580049,-0.4958051
