frame,Ankle.R_x,Ankle.R_y,Ankle.R_z,Knee.R_x,Knee.R_y,Knee.R_z,Hip.R_x,Hip.R_y,Hip.R_z,Hip.L_x,Hip.L_y,Hip.L_z,Knee.L_x,Knee.L_y,Knee.L_z,Ankle.L_x,Ankle.L_y,Ankle.L_z,Wrist.R_x,Wrist.R_y,Wrist.R_z,Elbow.R_x,Elbow.R_y,Elbow.R_z,Shoulder.R_x,Shoulder.R_y,Shoulder.R_z,Shoulder.L_x,Shoulder.L_y,Shoulder.L_z,Elbow.L_x,Elbow.L_y,Elbow.L_z,Wrist.L_x,Wrist.L_y,Wrist.L_z,Neck_x,Neck_y,Neck_z,Head_x,Head_y,Head_z,Nose_x,Nose_y,Nose_z,hip.Center_x,hip.Center_y,hip.Center_z
0,0.30749977,-1.9418074,-1.0087857,0.19180572,-0.93915784,-0.8357731,0.2689346,-0.013622401,-0.4835797,-0.11669601,-0.013622401,-0.5130175,-0.0781318,-1.0162722,-0.7822523,-0.03956712,-2.0189214,-0.7979028,0.38462865,0.06349194,-1.0399762,0.5003227,0.52625215,-0.78706706,0.38462865,1.1432706,-0.50512916,-0.27095425,1.1047059,-0.44102943,-0.30951893,0.4491378,-0.62844235,-0.42519772,-0.052187085,-0.9698677,0.056837432,1.1239883,-0.47697532,-0.59874594,1.8566858,-0.47168586,-0.27095425,1.490337,-0.6277146,0.076119296,-0.013622401,-0.49910286
