frame,Ankle.R_x,Ankle.R_y,Ankle.R_z,Knee.R_x,Knee.R_y,Knee.R_z,Hip.R_x,Hip.R_y,Hip.R_z,Hip.L_x,Hip.L_y,Hip.L_z,Knee.L_x,Knee.L_y,Knee.L_z,Ankle.L_x,Ankle.L_y,Ankle.L_z,Wrist.R_x,Wrist.R_y,Wrist.R_z,Elbow.R_x,Elbow.R_y,Elbow.R_z,Shoulder.R_x,Shoulder.R_y,Shoulder.R_z,Shoulder.L_x,Shoulder.L_y,Shoulder.L_z,Elbow.L_x,Elbow.L_y,Elbow.L_z,Wrist.L_x,Wrist.L_y,Wrist.L_z,Neck_x,Neck_y,Neck_z,Head_x,Head_y,Head_z,Nose_x,Nose_y,Nose_z,hip.Center_x,hip.Center_y,hip.Center_z
0,0.3016128,-1.8572198,-0.38568145,-0.21736008,-0.9922706,-0.25124544,-0.04437978,0.0024179053,-0.6457865,0.1718573,-0.040823117,-0.34760395,0.1718573,-1.1220099,-0.52026105,0.25835556,-2.1167147,-0.69097817,-0.13087803,-0.040823117,-0.27652693,0.042118482,0.5646478,-0.48944712,0.08535951,1.2566009,-0.6692898,0.3016128,1.299858,-0.54461825,0.3016128,0.5646478,-0.40652275,-0.0011225417,-0.040823117,-0.22840324,0.19348568,1.2782294,-0.6149241,-0.45524222,1.9269574,-0.7157603,-0.13087803,1.6025934,-0.66507804,0.063738756,-0.019202607,-0.49755076
