frame,Ankle.R_x,Ankle.R_y,Ankle.R_z,Knee.R_x,Knee.R_y,Knee.R_z,Hip.R_x,Hip.R_y,Hip.R_z,Hip.L_x,Hip.L_y,Hip.L_z,Knee.L_x,Knee.L_y,Knee.L_z,Ankle.L_x,Ankle.L_y,Ankle.L_z,Wrist.R_x,Wrist.R_y,Wrist.R_z,Elbow.R_x,Elbow.R_y,Elbow.R_z,Shoulder.R_x,Shoulder.R_y,Shoulder.R_z,Shoulder.L_x,Shoulder.L_y,Shoulder.L_z,Elbow.L_x,Elbow.L_y,Elbow.L_z,Wrist.L_x,Wrist.L_y,Wrist.L_z,Neck_x,Neck_y,Neck_z,Head_x,Head_y,Head_z,Nose_x,Nose_y,Nose_z,hip.Center_x,hip.Center_y,hip.Center_z
0,0.0070645288,-1.7332625,-1.1688738,-0.10428458,-0.91672605,-0.5200412,-0.14140588,-0.025961837,-0.37927464,0.26686972,-0.025961837,-0.61947453,0.41532582,-0.879605,-0.6960543,0.34109753,-1.7332625,-1.2656372,-0.43833143,0.011158982,-0.30320248,-0.43833143,0.56789047,-0.48027772,-0.3269828,1.1617426,-0.3162712,0.37821835,1.1617426,-0.67535347,0.45244664,0.6050115,-0.27599806,0.48955363,0.08538727,-0.029639155,0.025617786,1.1617426,-0.54066867,0.06272478,1.9782648,-0.6057512,0.04417152,1.5700036,-0.56652343,0.06273193,-0.025961837,-0.4991793
