frame,Ankle.R_x,Ankle.R_y,Ankle.R_z,Knee.R_x,Knee.R_y,Knee.R_z,Hip.R_x,Hip.R_y,Hip.R_z,Hip.L_x,Hip.L_y,Hip.L_z,Knee.L_x,Knee.L_y,Knee.L_z,Ankle.L_x,Ankle.L_y,Ankle.L_z,Wrist.R_x,Wrist.R_y,Wrist.R_z,Elbow.R_x,Elbow.R_y,Elbow.R_z,Shoulder.R_x,Shoulder.R_y,Shoulder.R_z,Shoulder.L_x,Shoulder.L_y,Shoulder.L_z,Elbow.L_x,Elbow.L_y,Elbow.L_z,Wrist.L_x,Wrist.L_y,Wrist.L_z,Neck_x,Neck_y,Neck_z,Head_x,Head_y,Head_z,Nose_x,Nose_y,Nose_z,hip.Center_x,hip.Center_y,hip.Center_z
0,0.2816335,-1.9276236,-0.4986335,0.31766617,-0.9548391,-0.520157,0.2816335,-0.018073224,-0.34582192,-0.15071714,-0.018073224,-0.65486145,-0.0786513,-0.9548391,-1.1275792,-0.0066002533,-1.8195399,-0.921817,0.605899,0.05399213,-1.187094,0.605899,0.5223752,-0.7987326,0.4257499,1.1348749,-0.40902206,-0.29483402,1.0988421,-0.624622,-0.36688507,0.48634252,-0.82398456,-0.36688507,-0.0541059,-1.134742,0.065458424,1.1168586,-0.51735854,0.35370553,1.8734607,-0.46954578,0.20958197,1.4951596,-0.623599,0.065458424,-0.018073224,-0.49978608
