frame,Ankle.R_x,Ankle.R_y,Ankle.R_z,Knee.R_x,Knee.R_y,Knee.R_z,Hip.R_x,Hip.R_y,Hip.R_z,Hip.L_x,Hip.L_y,Hip.L_z,Knee.L_x,Knee.L_y,Knee.L_z,Ankle.L_x,Ankle.L_y,Ankle.L_z,Wrist.R_x,Wrist.R_y,Wrist.R_z,Elbow.R_x,Elbow.R_y,Elbow.R_z,Shoulder.R_x,Shoulder.R_y,Shoulder.R_z,Shoulder.L_x,Shoulder.L_y,Shoulder.L_z,Elbow.L_x,Elbow.L_y,Elbow.L_z,Wrist.L_x,Wrist.L_y,Wrist.L_z,Neck_x,Neck_y,Neck_z,Head_x,Head_y,Head_z,Nose_x,Nose_y,Nose_z,hip.Center_x,hip.Center_y,hip.Center_z
0,-0.030270964,-1.949661,0.21380198,0.17513713,-1.0595889,0.03753996,0.10666761,-0.032593526,-0.40822202,0.072433084,0.0016409978,-0.5892893,0.17513713,-1.0253544,-0.73368657,0.00396356,-1.8812068,-1.0903897,0.51746905,0.104345284,-0.4396658,0.10666761,0.6178507,-0.42605162,0.10666761,1.2340602,-0.4899264,-0.030270964,1.2340602,-0.55557823,0.00396356,0.58361596,-0.847214,0.51746905,0.07011052,-0.80745775,0.038198084,1.2340602,-0.5167196,0.7913314,1.8502545,-0.6403772,0.41476497,1.5421574,-0.6132277,0.08955011,-0.015476264,-0.50182307
