frame,Ankle.R_x,Ankle.R_y,Ankle.R_z,Knee.R_x,Knee.R_y,Knee.R_z,Hip.R_x,Hip.R_y,Hip.R_z,Hip.L_x,Hip.L_y,Hip.L_z,Knee.L_x,Knee.L_y,Knee.L_z,Ankle.L_x,Ankle.L_y,Ankle.L_z,Wrist.R_x,Wrist.R_y,Wrist.R_z,Elbow.R_x,Elbow.R_y,Elbow.R_z,Shoulder.R_x,Shoulder.R_y,Shoulder.R_z,Shoulder.L_x,Shoulder.L_y,Shoulder.L_z,Elbow.L_x,Elbow.L_y,Elbow.L_z,Wrist.L_x,Wrist.L_y,Wrist.L_z,Neck_x,Neck_y,Neck_z,Head_x,Head_y,Head_z,Nose_x,Nose_y,Nose_z,hip.Center_x,hip.Center_y,hip.Center_z
0,-0.13840517,-1.8321011,-0.5274963,0.018474258,-1.1871979,0.056920707,0.018474258,-0.036800876,-0.4311971,0.15791622,-0.0019443184,-0.56738365,0.33221546,-1.0826118,-0.19868228,0.15791622,-1.7798245,-1.036895,0.018474258,-0.036800876,-0.5449782,-0.2604111,0.6255393,-0.47900984,-0.086111866,1.3576083,-0.4078159,-0.01639875,1.3576083,-0.7054129,-0.12096866,0.6255393,-0.9322844,0.15791622,-0.036800876,-0.8058635,-0.05125507,1.3576083,-0.49059296,0.715687,1.8456653,-0.55091995,0.33221546,1.6016369,-0.47629434,0.088195,-0.019372478,-0.50302345
