frame,Ankle.R_x,Ankle.R_y,Ankle.R_z,Knee.R_x,Knee.R_y,Knee.R_z,Hip.R_x,Hip.R_y,Hip.R_z,Hip.L_x,Hip.L_y,Hip.L_z,Knee.L_x,Knee.L_y,Knee.L_z,Ankle.L_x,Ankle.L_y,Ankle.L_z,Wrist.R_x,Wrist.R_y,Wrist.R_z,Elbow.R_x,Elbow.R_y,Elbow.R_z,Shoulder.R_x,Shoulder.R_y,Shoulder.R_z,Shoulder.L_x,Shoulder.L_y,Shoulder.L_z,Elbow.L_x,Elbow.L_y,Elbow.L_z,Wrist.L_x,Wrist.L_y,Wrist.L_z,Neck_x,Neck_y,Neck_z,Head_x,Head_y,Head_z,Nose_x,Nose_y,Nose_z,hip.Center_x,hip.Center_y,hip.Center_z
0,0.0834129,-2.0529363,0.1503433,0.19446732,-1.0533574,-0.06637704,0.1204312,-0.01674527,-0.45633185,0.009361997,-0.01674527,-0.5421376,0.046380296,-1.0163243,-0.86477655,0.009361997,-1.9418666,-0.890481,0.4166062,-0.01674527,-0.7636539,0.0834129,0.5756045,-0.4539632,0.15744902,1.2419903,-0.46655846,-0.064674124,1.2419903,-0.5897258,-0.17574333,0.5756045,-0.82824534,-0.17574333,0.09432393,-0.5083701,0.04638745,1.2419903,-0.53869855,0.86086106,1.8343401,-0.7014056,0.4536245,1.5381651,-0.6552783,0.06489684,-0.01674527,-0.5009531
