frame,Ankle.R_x,Ankle.R_y,Ankle.R_z,Knee.R_x,Knee.R_y,Knee.R_z,Hip.R_x,Hip.R_y,Hip.R_z,Hip.L_x,Hip.L_y,Hip.L_z,Knee.L_x,Knee.L_y,Knee.L_z,Ankle.L_x,Ankle.L_y,Ankle.L_z,Wrist.R_x,Wrist.R_y,Wrist.R_z,Elbow.R_x,Elbow.R_y,Elbow.R_z,Shoulder.R_x,Shoulder.R_y,Shoulder.R_z,Shoulder.L_x,Shoulder.L_y,Shoulder.L_z,Elbow.L_x,Elbow.L_y,Elbow.L_z,Wrist.L_x,Wrist.L_y,Wrist.L_z,Neck_x,Neck_y,Neck_z,Head_x,Head_y,Head_z,Nose_x,Nose_y,Nose_z,hip.Center_x,hip.Center_y,hip.Center_z
0,0.109055385,-1.8213036,0.02113998,-0.0055099837,-0.98114365,-0.17659575,-0.08187784,-0.026417933,-0.6373035,0.14725433,-0.026417933,-0.35806298,0.22362171,-0.98114365,-0.55375105,0.37638605,-1.8976858,-0.9631094,-0.23464216,0.088148154,-0.058579803,-0.08187784,0.58459526,-0.31364033,-0.12007584,1.1956234,-0.5446412,0.3000039,1.2719909,-0.6372073,0.41456974,0.6609774,-0.3783402,0.3000039,0.011765994,-0.34627733,0.089964256,1.2338072,-0.62193316,-0.40648377,1.9975994,-0.8145641,-0.15825953,1.6157033,-0.78696394,0.032688487,-0.026417933,-0.49730945
