frame,Ankle.R_x,Ankle.R_y,Ankle.R_z,Knee.R_x,Knee.R_y,Knee.R_z,Hip.R_x,Hip.R_y,Hip.R_z,Hip.L_x,Hip.L_y,Hip.L_z,Knee.L_x,Knee.L_y,Knee.L_z,Ankle.L_x,Ankle.L_y,Ankle.L_z,Wrist.R_x,Wrist.R_y,Wrist.R_z,Elbow.R_x,Elbow.R_y,Elbow.R_z,Shoulder.R_x,Shoulder.R_y,Shoulder.R_z,Shoulder.L_x,Shoulder.L_y,Shoulder.L_z,Elbow.L_x,Elbow.L_y,Elbow.L_z,Wrist.L_x,Wrist.L_y,Wrist.L_z,Neck_x,Neck_y,Neck_z,Head_x,Head_y,Head_z,Nose_x,Nose_y,Nose_z,hip.Center_x,hip.Center_y,hip.Center_z
0,0.34189242,-1.9292477,-0.7042456,0.1502883,-0.97124374,-0.6803298,0.22692128,-0.013254732,-0.5256832,-0.079638764,-0.013254732,-0.469435,-0.079638764,-1.047891,-0.6578886,-0.04131536,-2.0442035,-0.7277908,0.26524466,0.10170165,-1.0456578,0.41852492,0.5232328,-0.9460241,0.30356854,1.1363529,-0.6355507,-0.23291855,1.1363529,-0.46427196,-0.30955106,0.4849092,-0.55889624,-0.5011552,-0.08988723,-0.7329869,0.035324767,1.1363529,-0.55360705,-0.7310751,1.8260907,-0.55840516,-0.34787494,1.4812218,-0.69571936,0.07364102,-0.013254732,-0.49875858
