frame,Ankle.R_x,Ankle.R_y,Ankle.R_z,Knee.R_x,Knee.R_y,Knee.R_z,Hip.R_x,Hip.R_y,Hip.R_z,Hip.L_x,Hip.L_y,Hip.L_z,Knee.L_x,Knee.L_y,Knee.L_z,Ankle.L_x,Ankle.L_y,Ankle.L_z,Wrist.R_x,Wrist.R_y,Wrist.R_z,Elbow.R_x,Elbow.R_y,Elbow.R_z,Shoulder.R_x,Shoulder.R_y,Shoulder.R_z,Shoulder.L_x,Shoulder.L_y,Shoulder.L_z,Elbow.L_x,Elbow.L_y,Elbow.L_z,Wrist.L_x,Wrist.L_y,Wrist.L_z,Neck_x,Neck_y,Neck_z,Head_x,Head_y,Head_z,Nose_x,Nose_y,Nose_z,hip.Center_x,hip.Center_y,hip.Center_z
0,0.03750543,-1.9501067,0.22114462,-0.048252303,-1.0496281,0.049336195,-0.048252303,-0.02050574,-0.62798434,0.123263165,-0.02050574,-0.36587128,0.123263165,-1.0496281,-0.56778836,0.29477862,-2.0358648,-1.0509198,-0.09113856,-0.063392475,-0.32092348,0.08037691,0.5369267,-0.44034913,0.08037691,1.2658898,-0.60752285,0.2090209,1.2658898,-0.60153353,0.25190714,0.5798132,-0.3779891,0.1661499,-0.063392475,-0.3107708,0.14469843,1.2658898,-0.6233578,-0.49849102,2.0377243,-0.77755713,-0.17689629,1.6518068,-0.72585535,0.03750543,-0.02050574,-0.49992964
