frame,Ankle.R_x,Ankle.R_y,Ankle.R_z,Knee.R_x,Knee.R_y,Knee.R_z,Hip.R_x,Hip.R_y,Hip.R_z,Hip.L_x,Hip.L_y,Hip.L_z,Knee.L_x,Knee.L_y,Knee.L_z,Ankle.L_x,Ankle.L_y,Ankle.L_z,Wrist.R_x,Wrist.R_y,Wrist.R_z,Elbow.R_x,Elbow.R_y,Elbow.R_z,Shoulder.R_x,Shoulder.R_y,Shoulder.R_z,Shoulder.L_x,Shoulder.L_y,Shoulder.L_z,Elbow.L_x,Elbow.L_y,Elbow.L_z,Wrist.L_x,Wrist.L_y,Wrist.L_z,Neck_x,Neck_y,Neck_z,Head_x,Head_y,Head_z,Nose_x,Nose_y,Nose_z,hip.Center_x,hip.Center_y,hip.Center_z
0,-0.24822997,-1.7324431,-1.2439363,-0.24822997,-0.8688186,-0.5561599,-0.13558434,-0.0051801763,-0.52933323,0.31500053,-0.04272395,-0.47296005,0.23991205,-0.9439066,-0.740754,0.20235445,-1.7324431,-1.4181318,-0.36087608,0.032364074,0.019344687,-0.32333183,0.5580644,-0.36720243,-0.17312811,1.1588528,-0.45890307,0.54030657,1.1588528,-0.5716281,0.5778508,0.5205063,-0.25313407,0.5778508,-0.0051801763,-0.046842515,0.183589,1.1588528,-0.57549363,0.1460314,1.9849334,-0.7545983,0.1648102,1.571893,-0.6342554,0.08970834,-0.023952063,-0.49732238
