frame,Ankle.R_x,Ankle.R_y,Ankle.R_z,Knee.R_x,Knee.R_y,Knee.R_z,Hip.R_x,Hip.R_y,Hip.R_z,Hip.L_x,Hip.L_y,Hip.L_z,Knee.L_x,Knee.L_y,Knee.L_z,Ankle.L_x,Ankle.L_y,Ankle.L_z,Wrist.R_x,Wrist.R_y,Wrist.R_z,Elbow.R_x,Elbow.R_y,Elbow.R_z,Shoulder.R_x,Shoulder.R_y,Shoulder.R_z,Shoulder.L_x,Shoulder.L_y,Shoulder.L_z,Elbow.L_x,Elbow.L_y,Elbow.L_z,Wrist.L_x,Wrist.L_y,Wrist.L_z,Neck_x,Neck_y,Neck_z,Head_x,Head_y,Head_z,Nose_x,Nose_y,Nose_z,hip.Center_x,hip.Center_y,hip.Center_z
0,0.30273145,-1.9137981,-0.3900789,0.33915895,-0.96648574,-0.4274273,0.26628917,-0.01917313,-0.35076982,-0.1344896,-0.01917313,-0.64963096,-0.09806163,-0.93004346,-1.1230671,-0.025191374,-1.8409283,-1.1315019,0.5577697,0.053697124,-1.162802,0.594212,0.52736044,-0.7933145,0.4120292,1.1467501,-0.4114622,-0.2802301,1.1103079,-0.5950541,-0.38954264,0.45449042,-0.78365195,-0.38954264,-0.01917313,-1.1275041,0.06589978,1.1285291,-0.5126569,0.32093805,1.8936733,-0.48776883,0.19341892,1.5111012,-0.6425782,0.06589978,-0.01917313,-0.50012285
