frame,Ankle.R_x,Ankle.R_y,Ankle.R_z,Knee.R_x,Knee.R_y,Knee.R_z,Hip.R_x,Hip.R_y,Hip.R_z,Hip.L_x,Hip.L_y,Hip.L_z,Knee.L_x,Knee.L_y,Knee.L_z,Ankle.L_x,Ankle.L_y,Ankle.L_z,Wrist.R_x,Wrist.R_y,Wrist.R_z,Elbow.R_x,Elbow.R_y,Elbow.R_z,Shoulder.R_x,Shoulder.R_y,Shoulder.R_z,Shoulder.L_x,Shoulder.L_y,Shoulder.L_z,Elbow.L_x,Elbow.L_y,Elbow.L_z,Wrist.L_x,Wrist.L_y,Wrist.L_z,Neck_x,Neck_y,Neck_z,Head_x,Head_y,Head_z,Nose_x,Nose_y,Nose_z,hip.Center_x,hip.Center_y,hip.Center_z
0,0.0031736605,-1.7431866,-1.2407788,-0.099717304,-0.9200465,-0.5846154,-0.1683108,-0.028312132,-0.47978374,0.2775491,-0.028312132,-0.52059895,0.31184608,-0.9200465,-0.6721244,0.34614307,-1.7431866,-1.2895036,-0.44268626,0.0745786,-0.17917317,-0.40838975,0.6233435,-0.440084,-0.30549878,1.1378114,-0.43852922,0.38044006,1.1721084,-0.6202356,0.44903404,0.6233435,-0.24657267,0.44903404,0.0745786,-0.011873007,0.03747065,1.1549599,-0.5921922,0.03747065,1.9437894,-0.69036204,0.03747065,1.5493746,-0.61074674,0.054619145,-0.028312132,-0.49822378
