frame,Ankle.R_x,Ankle.R_y,Ankle.R_z,Knee.R_x,Knee.R_y,Knee.R_z,Hip.R_x,Hip.R_y,Hip.R_z,Hip.L_x,Hip.L_y,Hip.L_z,Knee.L_x,Knee.L_y,Knee.L_z,Ankle.L_x,Ankle.L_y,Ankle.L_z,Wrist.R_x,Wrist.R_y,Wrist.R_z,Elbow.R_x,Elbow.R_y,Elbow.R_z,Shoulder.R_x,Shoulder.R_y,Shoulder.R_z,Shoulder.L_x,Shoulder.L_y,Shoulder.L_z,Elbow.L_x,Elbow.L_y,Elbow.L_z,Wrist.L_x,Wrist.L_y,Wrist.L_z,Neck_x,Neck_y,Neck_z,Head_x,Head_y,Head_z,Nose_x,Nose_y,Nose_z,hip.Center_x,hip.Center_y,hip.Center_z
0,0.30433804,-1.9432899,0.036210835,0.38281065,-0.9624151,-0.1951586,0.22586592,-0.020791188,-0.44178775,-0.088008806,-0.020791188,-0.56496936,-0.048772737,-0.9624151,-0.94098353,-0.088008806,-1.9040538,-0.8880969,0.5397554,0.01844512,-0.9800217,0.30433804,0.60697305,-0.6398225,0.18662985,1.1955011,-0.4170639,-0.28417486,1.1562649,-0.5576828,-0.28417486,0.5285007,-0.82944304,-0.12724487,0.1361538,-1.0526098,-0.048772737,1.1758829,-0.49216437,0.6574488,1.9213408,-0.50604814,0.30433804,1.548612,-0.539678,0.06892879,-0.020791188,-0.4994972
