frame,Ankle.R_x,Ankle.R_y,Ankle.R_z,Knee.R_x,Knee.R_y,Knee.R_z,Hip.R_x,Hip.R_y,Hip.R_z,Hip.L_x,Hip.L_y,Hip.L_z,Knee.L_x,Knee.L_y,Knee.L_z,Ankle.L_x,Ankle.L_y,Ankle.L_z,Wrist.R_x,Wrist.R_y,Wrist.R_z,Elbow.R_x,Elbow.R_y,Elbow.R_z,Shoulder.R_x,Shoulder.R_y,Shoulder.R_z,Shoulder.L_x,Shoulder.L_y,Shoulder.L_z,Elbow.L_x,Elbow.L_y,Elbow.L_z,Wrist.L_x,Wrist.L_y,Wrist.L_z,Neck_x,Neck_y,Neck_z,Head_x,Head_y,Head_z,Nose_x,Nose_y,Nose_z,hip.Center_x,hip.Center_y,hip.Center_z
0,-0.26654285,-1.8794224,-1.0457501,-0.07716888,-0.97043294,-0.49181738,-0.07716888,-0.023580516,-0.34205663,0.26370007,-0.023580516,-0.6513559,0.18795925,-0.97043294,-0.8841811,0.1500817,-1.8415449,-1.5424429,-0.26654285,0.014297044,-0.4332891,-0.4180383,0.5824171,-0.4623662,-0.22866482,1.1884003,-0.33796722,0.30157763,1.1505227,-0.708997,0.3394552,0.5824171,-0.5754246,0.45307356,0.014297044,-0.34691727,0.036456168,1.1694615,-0.52814853,0.4909435,1.9648325,-0.58727205,0.26370007,1.5671469,-0.5886856,0.09326559,-0.023580516,-0.5011888
