frame,Ankle.R_x,Ankle.R_y,Ankle.R_z,Knee.R_x,Knee.R_y,Knee.R_z,Hip.R_x,Hip.R_y,Hip.R_z,Hip.L_x,Hip.L_y,Hip.L_z,Knee.L_x,Knee.L_y,Knee.L_z,Ankle.L_x,Ankle.L_y,Ankle.L_z,Wrist.R_x,Wrist.R_y,Wrist.R_z,Elbow.R_x,Elbow.R_y,Elbow.R_z,Shoulder.R_x,Shoulder.R_y,Shoulder.R_z,Shoulder.L_x,Shoulder.L_y,Shoulder.L_z,Elbow.L_x,Elbow.L_y,Elbow.L_z,Wrist.L_x,Wrist.L_y,Wrist.L_z,Neck_x,Neck_y,Neck_z,Head_x,Head_y,Head_z,Nose_x,Nose_y,Nose_z,hip.Center_x,hip.Center_y,hip.Center_z
0,0.24934822,-1.9022139,-0.14743781,0.31617218,-1.0001246,-0.2871083,0.31617218,-0.031210806,-0.37957984,-0.11816304,0.002208325,-0.622199,-0.18498749,-0.96671975,-0.97206616,-0.21840662,-1.8688091,-1.1561239,0.6168733,-0.031210806,-1.1782995,0.6502786,0.46994838,-0.8306018,0.51664454,1.1047558,-0.4446561,-0.18498749,1.1047558,-0.6020595,-0.3186354,0.46994838,-0.81594634,-0.35204023,-0.031210806,-1.2126986,0.16582876,1.1047558,-0.531355,0.53332525,1.8398064,-0.48553532,0.349577,1.4722811,-0.631991,0.09900481,-0.014501241,-0.5003679
