frame,Ankle.R_x,Ankle.R_y,Ankle.R_z,Knee.R_x,Knee.R_y,Knee.R_z,Hip.R_x,Hip.R_y,Hip.R_z,Hip.L_x,Hip.L_y,Hip.L_z,Knee.L_x,Knee.L_y,Knee.L_z,Ankle.L_x,Ankle.L_y,Ankle.L_z,Wrist.R_x,Wrist.R_y,Wrist.R_z,Elbow.R_x,Elbow.R_y,Elbow.R_z,Shoulder.R_x,Shoulder.R_y,Shoulder.R_z,Shoulder.L_x,Shoulder.L_y,Shoulder.L_z,Elbow.L_x,Elbow.L_y,Elbow.L_z,Wrist.L_x,Wrist.L_y,Wrist.L_z,Neck_x,Neck_y,Neck_z,Head_x,Head_y,Head_z,Nose_x,Nose_y,Nose_z,hip.Center_x,hip.Center_y,hip.Center_z
0,0.021124255,-1.8073437,-0.55396557,-0.090445146,-0.95201206,-0.099476576,-0.16481982,-0.059485663,-0.40327525,0.281443,0.014889013,-0.59359545,0.31862342,-0.84044266,-0.6752963,0.39299858,-1.5470245,-1.3445061,-0.4623338,-0.022305477,-0.19159386,-0.4623338,0.535527,-0.38599837,-0.35076392,1.1305251,-0.33536136,0.35581815,1.2049143,-0.5565863,0.504568,0.60990167,-0.11126405,0.504568,0.0520692,0.19067049,0.002527129,1.1677197,-0.47545877,-0.10902797,1.9858568,-0.58685464,-0.05325042,1.5767882,-0.5059762,0.058311354,-0.022298325,-0.50043285
