frame,Ankle.R_x,Ankle.R_y,Ankle.R_z,Knee.R_x,Knee.R_y,Knee.R_z,Hip.R_x,Hip.R_y,Hip.R_z,Hip.L_x,Hip.L_y,Hip.L_z,Knee.L_x,Knee.L_y,Knee.L_z,Ankle.L_x,Ankle.L_y,Ankle.L_z,Wrist.R_x,Wrist.R_y,Wrist.R_z,Elbow.R_x,Elbow.R_y,Elbow.R_z,Shoulder.R_x,Shoulder.R_y,Shoulder.R_z,Shoulder.L_x,Shoulder.L_y,Shoulder.L_z,Elbow.L_x,Elbow.L_y,Elbow.L_z,Wrist.L_x,Wrist.L_y,Wrist.L_z,Neck_x,Neck_y,Neck_z,Head_x,Head_y,Head_z,Nose_x,Nose_y,Nose_z,hip.Center_x,hip.Center_y,hip.Center_z
0,0.22916119,-1.8867649,-0.65608287,0.2650718,-0.91723216,-0.6360661,0.30098242,-0.019520633,-0.35263473,-0.1299177,-0.019520633,-0.649645,-0.1299177,-0.91723216,-1.1863832,-0.1299177,-1.8149437,-0.97175443,0.5882396,0.052286513,-1.2104135,0.55234283,0.5190977,-0.77324295,0.4087004,1.1654481,-0.39809495,-0.30945736,1.1654481,-0.59925246,-0.38127905,0.5190977,-0.7792244,-0.38127905,0.016389973,-1.1347375,0.049621508,1.1654481,-0.50785464,0.48052162,1.8118128,-0.45956266,0.2650718,1.4886305,-0.61761343,0.085532114,-0.019520633,-0.49995422
