frame,Ankle.R_x,Ankle.R_y,Ankle.R_z,Knee.R_x,Knee.R_y,Knee.R_z,Hip.R_x,Hip.R_y,Hip.R_z,Hip.L_x,Hip.L_y,Hip.L_z,Knee.L_x,Knee.L_y,Knee.L_z,Ankle.L_x,Ankle.L_y,Ankle.L_z,Wrist.R_x,Wrist.R_y,Wrist.R_z,Elbow.R_x,Elbow.R_y,Elbow.R_z,Shoulder.R_x,Shoulder.R_y,Shoulder.R_z,Shoulder.L_x,Shoulder.L_y,Shoulder.L_z,Elbow.L_x,Elbow.L_y,Elbow.L_z,Wrist.L_x,Wrist.L_y,Wrist.L_z,Neck_x,Neck_y,Neck_z,Head_x,Head_y,Head_z,Nose_x,Nose_y,Nose_z,hip.Center_x,hip.Center_y,hip.Center_z
0,-0.3614558,-1.9537902,-0.3108287,0.089885846,-1.0887249,-0.03600627,0.052267686,-0.035599463,-0.47093764,0.12748875,0.0020031985,-0.5279316,0.089885846,-1.051122,-0.44970083,0.052267686,-2.0290112,-0.8952345,0.20270981,0.0020031985,-0.53460234,-0.060556278,0.6414051,-0.4599971,0.052267686,1.2807915,-0.5143777,0.052267686,1.2807915,-0.6023084,0.052267686,0.6037867,-0.7905482,0.20270981,0.0020031985,-0.4719165,0.052267686,1.2807915,-0.53735644,0.729272,1.9577961,-0.73881286,0.39077008,1.6192938,-0.6218333,0.08987822,-0.016798014,-0.50309026
