frame,Ankle.R_x,Ankle.R_y,Ankle.R_z,Knee.R_x,Knee.R_y,Knee.R_z,Hip.R_x,Hip.R_y,Hip.R_z,Hip.L_x,Hip.L_y,Hip.L_z,Knee.L_x,Knee.L_y,Knee.L_z,Ankle.L_x,Ankle.L_y,Ankle.L_z,Wrist.R_x,Wrist.R_y,Wrist.R_z,Elbow.R_x,Elbow.R_y,Elbow.R_z,Shoulder.R_x,Shoulder.R_y,Shoulder.R_z,Shoulder.L_x,Shoulder.L_y,Shoulder.L_z,Elbow.L_x,Elbow.L_y,Elbow.L_z,Wrist.L_x,Wrist.L_y,Wrist.L_z,Neck_x,Neck_y,Neck_z,Head_x,Head_y,Head_z,Nose_x,Nose_y,Nose_z,hip.Center_x,hip.Center_y,hip.Center_z
0,0.25181222,-1.9357268,-0.3730105,0.31984067,-0.9835094,-0.43579498,0.31984067,-0.03130614,-0.37419614,-0.122260794,0.0027083224,-0.62587655,-0.19027542,-0.94950926,-1.0563598,-0.22428964,-1.9017125,-1.1908878,0.59189916,-0.0653063,-1.1916201,0.6258986,0.4448098,-0.8327764,0.52388406,1.0909549,-0.45649296,-0.19027542,1.1249549,-0.6210043,-0.3263042,0.47880995,-0.8201198,-0.3603189,-0.03130614,-1.1951301,0.16680457,1.107955,-0.54574925,0.5408776,1.8221003,-0.51719713,0.35384107,1.4650277,-0.664109,0.098789945,-0.01429879,-0.5006719
