frame,Ankle.R_x,Ankle.R_y,Ankle.R_z,Knee.R_x,Knee.R_y,Knee.R_z,Hip.R_x,Hip.R_y,Hip.R_z,Hip.L_x,Hip.L_y,Hip.L_z,Knee.L_x,Knee.L_y,Knee.L_z,Ankle.L_x,Ankle.L_y,Ankle.L_z,Wrist.R_x,Wrist.R_y,Wrist.R_z,Elbow.R_x,Elbow.R_y,Elbow.R_z,Shoulder.R_x,Shoulder.R_y,Shoulder.R_z,Shoulder.L_x,Shoulder.L_y,Shoulder.L_z,Elbow.L_x,Elbow.L_y,Elbow.L_z,Wrist.L_x,Wrist.L_y,Wrist.L_z,Neck_x,Neck_y,Neck_z,Head_x,Head_y,Head_z,Nose_x,Nose_y,Nose_z,hip.Center_x,hip.Center_y,hip.Center_z
0,-0.03152342,-2.118188,-0.6384341,0.09841041,-1.1344304,-0.37364835,-0.012952045,-0.05786541,-0.39722148,0.17266302,0.016371222,-0.57861054,0.80374557,-0.68896365,-0.34534734,0.2840255,-1.5427871,-0.82943535,0.06128435,-0.05786541,-0.6249664,-0.1985671,0.64745355,-0.21222061,-0.05007811,1.352788,-0.24887592,0.06128435,1.352788,-0.8081406,-0.05007811,0.64745355,-1.0228329,0.20977335,0.053497523,-0.6921726,0.0056031197,1.352788,-0.48799974,0.710954,1.8725235,-0.5144623,0.3582781,1.6126558,-0.60578203,0.079855725,-0.020746974,-0.5060708
