frame,Ankle.R_x,Ankle.R_y,Ankle.R_z,Knee.R_x,Knee.R_y,Knee.R_z,Hip.R_x,Hip.R_y,Hip.R_z,Hip.L_x,Hip.L_y,Hip.L_z,Knee.L_x,Knee.L_y,Knee.L_z,Ankle.L_x,Ankle.L_y,Ankle.L_z,Wrist.R_x,Wrist.R_y,Wrist.R_z,Elbow.R_x,Elbow.R_y,Elbow.R_z,Shoulder.R_x,Shoulder.R_y,Shoulder.R_z,Shoulder.L_x,Shoulder.L_y,Shoulder.L_z,Elbow.L_x,Elbow.L_y,Elbow.L_z,Wrist.L_x,Wrist.L_y,Wrist.L_z,Neck_x,Neck_y,Neck_z,Head_x,Head_y,Head_z,Nose_x,Nose_y,Nose_z,hip.Center_x,hip.Center_y,hip.Center_z
0,0.050001487,-1.7997488,-1.0414822,-0.06847967,-0.9703973,-0.7374075,-0.107968464,-0.022550419,-0.64582735,0.24747406,-0.022550419,-0.35466442,0.20797049,-0.9703973,-0.5911708,0.24747406,-1.8787411,-0.90160227,-0.38441908,0.13541906,-0.001357466,-0.26593792,0.60934275,-0.33587515,-0.22644915,1.1622435,-0.5474147,0.40544355,1.201747,-0.54843706,0.48443592,0.60934275,-0.38411295,0.36595523,-0.022550419,-0.3284949,0.08949743,1.1819952,-0.5904856,-0.06847252,1.9323543,-0.7144063,0.010512218,1.5571748,-0.63082445,0.06975256,-0.022550419,-0.49569982
