frame,Ankle.R_x,Ankle.R_y,Ankle.R_z,Knee.R_x,Knee.R_y,Knee.R_z,Hip.R_x,Hip.R_y,Hip.R_z,Hip.L_x,Hip.L_y,Hip.L_z,Knee.L_x,Knee.L_y,Knee.L_z,Ankle.L_x,Ankle.L_y,Ankle.L_z,Wrist.R_x,Wrist.R_y,Wrist.R_z,Elbow.R_x,Elbow.R_y,Elbow.R_z,Shoulder.R_x,Shoulder.R_y,Shoulder.R_z,Shoulder.L_x,Shoulder.L_y,Shoulder.L_z,Elbow.L_x,Elbow.L_y,Elbow.L_z,Wrist.L_x,Wrist.L_y,Wrist.L_z,Neck_x,Neck_y,Neck_z,Head_x,Head_y,Head_z,Nose_x,Nose_y,Nose_z,hip.Center_x,hip.Center_y,hip.Center_z
0,-0.026464988,-1.7291877,-1.0850469,-0.10129933,-0.9059794,-0.49783796,-0.17613415,-0.04536059,-0.43882775,0.27288717,-0.007936265,-0.5606353,0.3102979,-0.9059794,-0.82347614,0.347722,-1.6917636,-1.4616034,-0.47548634,0.066898316,-0.07560885,-0.47548634,0.5533302,-0.39293885,-0.4006515,1.1146107,-0.40791053,0.3102979,1.152035,-0.5913274,0.4599809,0.5907545,-0.2046938,0.53481525,0.066898316,0.053687155,-0.04517703,1.1333227,-0.5494795,-0.007752467,1.9939415,-0.67457,-0.026464988,1.5636321,-0.58288705,0.04837651,-0.02664831,-0.4986664
