frame,Ankle.R_x,Ankle.R_y,Ankle.R_z,Knee.R_x,Knee.R_y,Knee.R_z,Hip.R_x,Hip.R_y,Hip.R_z,Hip.L_x,Hip.L_y,Hip.L_z,Knee.L_x,Knee.L_y,Knee.L_z,Ankle.L_x,Ankle.L_y,Ankle.L_z,Wrist.R_x,Wrist.R_y,Wrist.R_z,Elbow.R_x,Elbow.R_y,Elbow.R_z,Shoulder.R_x,Shoulder.R_y,Shoulder.R_z,Shoulder.L_x,Shoulder.L_y,Shoulder.L_z,Elbow.L_x,Elbow.L_y,Elbow.L_z,Wrist.L_x,Wrist.L_y,Wrist.L_z,Neck_x,Neck_y,Neck_z,Head_x,Head_y,Head_z,Nose_x,Nose_y,Nose_z,hip.Center_x,hip.Center_y,hip.Center_z
0,0.19731788,-1.7859359,-0.61243176,0.30763894,-0.9034271,-0.59941024,0.30763894,-0.0209184,-0.3716107,-0.13361521,-0.0209184,-0.6312889,-0.17039366,-0.9034271,-1.164851,-0.2071578,-1.7859359,-0.89646417,0.6385725,0.052623957,-1.1780119,0.60180837,0.5674205,-0.8015177,0.45472366,1.1557598,-0.4137631,-0.24393626,1.1557598,-0.5819875,-0.39102095,0.5674205,-0.7931428,-0.35424298,0.12616631,-1.1933111,0.10539369,1.1557598,-0.49918586,0.43632728,1.8176271,-0.4512344,0.2708605,1.4866934,-0.60778975,0.0870121,-0.0209184,-0.4996097
