frame,Ankle.R_x,Ankle.R_y,Ankle.R_z,Knee.R_x,Knee.R_y,Knee.R_z,Hip.R_x,Hip.R_y,Hip.R_z,Hip.L_x,Hip.L_y,Hip.L_z,Knee.L_x,Knee.L_y,Knee.L_z,Ankle.L_x,Ankle.L_y,Ankle.L_z,Wrist.R_x,Wrist.R_y,Wrist.R_z,Elbow.R_x,Elbow.R_y,Elbow.R_z,Shoulder.R_x,Shoulder.R_y,Shoulder.R_z,Shoulder.L_x,Shoulder.L_y,Shoulder.L_z,Elbow.L_x,Elbow.L_y,Elbow.L_z,Wrist.L_x,Wrist.L_y,Wrist.L_z,Neck_x,Neck_y,Neck_z,Head_x,Head_y,Head_z,Nose_x,Nose_y,Nose_z,hip.Center_x,hip.Center_y,hip.Center_z
0,0.16514501,-1.824335,-0.22397321,0.2736288,-0.9565667,-0.3194487,0.30977592,-0.016475333,-0.41100293,-0.12410156,-0.016475333,-0.58807695,-0.19642392,-0.9565667,-1.0038128,-0.23257056,-1.8604964,-1.1262122,0.6351982,0.019671546,-1.2421696,0.6351982,0.52587116,-0.8997566,0.49056777,1.1043934,-0.49739504,-0.23257056,1.1405545,-0.49773663,-0.34105435,0.52587116,-0.75615555,-0.37720147,0.05583273,-1.179877,0.12899837,1.1224738,-0.49205905,-0.3049077,1.809451,-0.40075615,-0.08795444,1.4659624,-0.61756575,0.092837416,-0.016475333,-0.5005622
