frame,Ankle.R_x,Ankle.R_y,Ankle.R_z,Knee.R_x,Knee.R_y,Knee.R_z,Hip.R_x,Hip.R_y,Hip.R_z,Hip.L_x,Hip.L_y,Hip.L_z,Knee.L_x,Knee.L_y,Knee.L_z,Ankle.L_x,Ankle.L_y,Ankle.L_z,Wrist.R_x,Wrist.R_y,Wrist.R_z,Elbow.R_x,Elbow.R_y,Elbow.R_z,Shoulder.R_x,Shoulder.R_y,Shoulder.R_z,Shoulder.L_x,Shoulder.L_y,Shoulder.L_z,Elbow.L_x,Elbow.L_y,Elbow.L_z,Wrist.L_x,Wrist.L_y,Wrist.L_z,Neck_x,Neck_y,Neck_z,Head_x,Head_y,Head_z,Nose_x,Nose_y,Nose_z,hip.Center_x,hip.Center_y,hip.Center_z
0,-0.010818772,-1.8029627,-1.5231837,-0.08510094,-0.98587716,-0.8462006,-0.15936834,-0.020228049,-0.4371783,0.286308,-0.020228049,-0.5533614,0.32344884,-0.9487363,-0.8377011,0.39773053,-1.8401035,-1.3578697,-0.41935474,-0.020228049,-0.13285193,-0.3822139,0.49973044,-0.47789565,-0.3079322,1.0939705,-0.42504463,0.39773053,1.1311114,-0.6479528,0.50915354,0.57401216,-0.32449794,0.50915354,0.01689873,-0.042860717,0.044899173,1.112541,-0.58418167,0.0077440217,1.9667532,-0.7235166,0.026321597,1.5396471,-0.6106496,0.063469596,-0.020228049,-0.4982904
