frame,Ankle.R_x,Ankle.R_y,Ankle.R_z,Knee.R_x,Knee.R_y,Knee.R_z,Hip.R_x,Hip.R_y,Hip.R_z,Hip.L_x,Hip.L_y,Hip.L_z,Knee.L_x,Knee.L_y,Knee.L_z,Ankle.L_x,Ankle.L_y,Ankle.L_z,Wrist.R_x,Wrist.R_y,Wrist.R_z,Elbow.R_x,Elbow.R_y,Elbow.R_z,Shoulder.R_x,Shoulder.R_y,Shoulder.R_z,Shoulder.L_x,Shoulder.L_y,Shoulder.L_z,Elbow.L_x,Elbow.L_y,Elbow.L_z,Wrist.L_x,Wrist.L_y,Wrist.L_z,Neck_x,Neck_y,Neck_z,Head_x,Head_y,Head_z,Nose_x,Nose_y,Nose_z,hip.Center_x,hip.Center_y,hip.Center_z
0,0.12963854,-1.9706937,0.04958582,0.0038488954,-1.0063418,-0.28557956,0.045783862,-7.024221e-05,-0.6351598,0.08770357,-0.041989714,-0.35215294,0.08770357,-1.0482768,-0.6970228,0.21349321,-2.0545485,-0.4362243,-0.16386046,0.04186496,-0.46099985,0.045783862,0.6288475,-0.6063503,0.045783862,1.2997004,-0.6957957,0.08770357,1.2997004,-0.42181337,0.08770357,0.6288475,-0.30323732,-0.16386046,-0.041989714,-0.19013861,0.06674372,1.2997004,-0.55148363,-0.81375325,1.7189893,-0.59554446,-0.37350476,1.5093448,-0.5777377,0.06674372,-0.021030096,-0.49721473
