frame,Ankle.R_x,Ankle.R_y,Ankle.R_z,Knee.R_x,Knee.R_y,Knee.R_z,Hip.R_x,Hip.R_y,Hip.R_z,Hip.L_x,Hip.L_y,Hip.L_z,Knee.L_x,Knee.L_y,Knee.L_z,Ankle.L_x,Ankle.L_y,Ankle.L_z,Wrist.R_x,Wrist.R_y,Wrist.R_z,Elbow.R_x,Elbow.R_y,Elbow.R_z,Shoulder.R_x,Shoulder.R_y,Shoulder.R_z,Shoulder.L_x,Shoulder.L_y,Shoulder.L_z,Elbow.L_x,Elbow.L_y,Elbow.L_z,Wrist.L_x,Wrist.L_y,Wrist.L_z,Neck_x,Neck_y,Neck_z,Head_x,Head_y,Head_z,Nose_x,Nose_y,Nose_z,hip.Center_x,hip.Center_y,hip.Center_z
0,0.29497537,-1.7845331,-0.69255215,0.29497537,-0.90220106,-0.6351458,0.29497537,-0.019854173,-0.35972568,-0.14618388,-0.019854173,-0.64349914,-0.10942164,-0.93896306,-1.1599219,-0.10942164,-1.8213097,-0.8718827,0.55232394,0.053669587,-1.1910278,0.5155617,0.5316051,-0.79287606,0.36851415,1.1566031,-0.38727012,-0.33000842,1.1198268,-0.5736681,-0.44030896,0.5316051,-0.7631289,-0.44030896,0.053669587,-1.1413852,0.019252867,1.138215,-0.48462933,0.3501254,1.9102612,-0.42354,0.18468913,1.524238,-0.6051332,0.074395746,-0.019854173,-0.49926832
