frame,Ankle.R_x,Ankle.R_y,Ankle.R_z,Knee.R_x,Knee.R_y,Knee.R_z,Hip.R_x,Hip.R_y,Hip.R_z,Hip.L_x,Hip.L_y,Hip.L_z,Knee.L_x,Knee.L_y,Knee.L_z,Ankle.L_x,Ankle.L_y,Ankle.L_z,Wrist.R_x,Wrist.R_y,Wrist.R_z,Elbow.R_x,Elbow.R_y,Elbow.R_z,Shoulder.R_x,Shoulder.R_y,Shoulder.R_z,Shoulder.L_x,Shoulder.L_y,Shoulder.L_z,Elbow.L_x,Elbow.L_y,Elbow.L_z,Wrist.L_x,Wrist.L_y,Wrist.L_z,Neck_x,Neck_y,Neck_z,Head_x,Head_y,Head_z,Nose_x,Nose_y,Nose_z,hip.Center_x,hip.Center_y,hip.Center_z
0,0.2943725,-1.7738065,-0.6558074,0.2943725,-0.8978089,-0.6163044,0.2943725,-0.02182594,-0.36251128,-0.14362629,-0.02182594,-0.6408604,-0.10713489,-0.9343146,-1.1521609,-0.10713489,-1.8102974,-0.8599092,0.5863618,0.08767757,-1.2053812,0.51336473,0.56216776,-0.8052141,0.36737007,1.1461612,-0.38224417,-0.32612664,1.1461612,-0.5674592,-0.4356299,0.52567613,-0.75990975,-0.4356299,0.05117163,-1.1459426,0.020621702,1.1461612,-0.4786067,0.34911722,1.8761636,-0.41915846,0.18486969,1.5111624,-0.5901795,0.0753731,-0.02182594,-0.49908873
