frame,Ankle.R_x,Ankle.R_y,Ankle.R_z,Knee.R_x,Knee.R_y,Knee.R_z,Hip.R_x,Hip.R_y,Hip.R_z,Hip.L_x,Hip.L_y,Hip.L_z,Knee.L_x,Knee.L_y,Knee.L_z,Ankle.L_x,Ankle.L_y,Ankle.L_z,Wrist.R_x,Wrist.R_y,Wrist.R_z,Elbow.R_x,Elbow.R_y,Elbow.R_z,Shoulder.R_x,Shoulder.R_y,Shoulder.R_z,Shoulder.L_x,Shoulder.L_y,Shoulder.L_z,Elbow.L_x,Elbow.L_y,Elbow.L_z,Wrist.L_x,Wrist.L_y,Wrist.L_z,Neck_x,Neck_y,Neck_z,Head_x,Head_y,Head_z,Nose_x,Nose_y,Nose_z,hip.Center_x,hip.Center_y,hip.Center_z
0,0.015772969,-1.7630348,-1.109956,-0.0963963,-0.9404726,-0.4670363,-0.17117628,-0.043144926,-0.45085457,0.27750173,-0.0057551693,-0.54803437,0.31489196,-0.9404726,-0.8139386,0.35228172,-1.7630348,-1.4293115,-0.43289074,0.031634584,-0.12832937,-0.43289074,0.55509233,-0.42448077,-0.320721,1.1159257,-0.41546267,0.35228172,1.1533155,-0.58712655,0.464451,0.5924821,-0.22862786,0.464451,0.031634584,0.011077106,0.015780598,1.1346205,-0.549031,0.015766293,1.9945586,-0.6802974,0.015772969,1.5645895,-0.5803265,0.0531632,-0.024450047,-0.49913955
