frame,Ankle.R_x,Ankle.R_y,Ankle.R_z,Knee.R_x,Knee.R_y,Knee.R_z,Hip.R_x,Hip.R_y,Hip.R_z,Hip.L_x,Hip.L_y,Hip.L_z,Knee.L_x,Knee.L_y,Knee.L_z,Ankle.L_x,Ankle.L_y,Ankle.L_z,Wrist.R_x,Wrist.R_y,Wrist.R_z,Elbow.R_x,Elbow.R_y,Elbow.R_z,Shoulder.R_x,Shoulder.R_y,Shoulder.R_z,Shoulder.L_x,Shoulder.L_y,Shoulder.L_z,Elbow.L_x,Elbow.L_y,Elbow.L_z,Wrist.L_x,Wrist.L_y,Wrist.L_z,Neck_x,Neck_y,Neck_z,Head_x,Head_y,Head_z,Nose_x,Nose_y,Nose_z,hip.Center_x,hip.Center_y,hip.Center_z
0,0.13044435,-1.8355166,-0.5540215,0.20391876,-0.9171611,-0.46188658,0.2773927,-0.035528563,-0.37855446,-0.08994931,0.0011940952,-0.6212986,-0.23689765,-0.9538835,-0.9830134,-0.31035727,-1.8722392,-1.0034237,0.5345238,0.0379313,-1.2244092,0.6079977,0.5154847,-0.8999245,0.46106416,1.1032203,-0.48680848,-0.16342324,1.1766945,-0.49415126,-0.2736203,0.55220735,-0.69248176,-0.42056865,0.0379313,-1.0272815,0.14882022,1.1399575,-0.4903408,-0.40219325,1.8746417,-0.4604921,-0.12668628,1.5072995,-0.63045263,0.09372169,-0.017167235,-0.49981788
