frame,Ankle.R_x,Ankle.R_y,Ankle.R_z,Knee.R_x,Knee.R_y,Knee.R_z,Hip.R_x,Hip.R_y,Hip.R_z,Hip.L_x,Hip.L_y,Hip.L_z,Knee.L_x,Knee.L_y,Knee.L_z,Ankle.L_x,Ankle.L_y,Ankle.L_z,Wrist.R_x,Wrist.R_y,Wrist.R_z,Elbow.R_x,Elbow.R_y,Elbow.R_z,Shoulder.R_x,Shoulder.R_y,Shoulder.R_z,Shoulder.L_x,Shoulder.L_y,Shoulder.L_z,Elbow.L_x,Elbow.L_y,Elbow.L_z,Wrist.L_x,Wrist.L_y,Wrist.L_z,Neck_x,Neck_y,Neck_z,Head_x,Head_y,Head_z,Nose_x,Nose_y,Nose_z,hip.Center_x,hip.Center_y,hip.Center_z
0,-0.30155337,-1.0169854,-0.8016119,-0.47538197,-0.04351068,-0.3474093,-0.12772477,0.060786482,-0.71940064,0.32424724,-0.078276396,-0.29976138,0.21995008,-1.2255967,-0.6907971,0.18518388,-1.7818658,-1.18904,-0.40585053,0.095552206,-0.08348933,-0.3363191,0.6518214,-0.5161489,-0.16249049,1.242856,-0.7594043,0.6371559,1.1733245,-0.34508967,0.70668733,0.4779923,-0.29042345,0.6371559,-0.18259025,-0.16349792,0.23733318,1.2080902,-0.6117492,0.2720989,2.1120334,-0.5556439,0.2547158,1.6600618,-0.3736819,0.098261714,-0.008744958,-0.4943219
