frame,Ankle.R_x,Ankle.R_y,Ankle.R_z,Knee.R_x,Knee.R_y,Knee.R_z,Hip.R_x,Hip.R_y,Hip.R_z,Hip.L_x,Hip.L_y,Hip.L_z,Knee.L_x,Knee.L_y,Knee.L_z,Ankle.L_x,Ankle.L_y,Ankle.L_z,Wrist.R_x,Wrist.R_y,Wrist.R_z,Elbow.R_x,Elbow.R_y,Elbow.R_z,Shoulder.R_x,Shoulder.R_y,Shoulder.R_z,Shoulder.L_x,Shoulder.L_y,Shoulder.L_z,Elbow.L_x,Elbow.L_y,Elbow.L_z,Wrist.L_x,Wrist.L_y,Wrist.L_z,Neck_x,Neck_y,Neck_z,Head_x,Head_y,Head_z,Nose_x,Nose_y,Nose_z,hip.Center_x,hip.Center_y,hip.Center_z
0,0.25553858,-1.8320844,-0.3766548,0.32595217,-0.9518149,-0.5148307,0.32595217,-0.036352403,-0.3723172,-0.13177906,-0.0011313055,-0.63074595,-0.16698585,-0.91660786,-1.1445696,-0.23741375,-1.7968776,-1.0321877,0.60763514,-0.0011313055,-1.2520163,0.60763514,0.49180675,-0.8346591,0.5020143,1.1256006,-0.41420496,-0.23741375,1.1256006,-0.57459384,-0.30782735,0.52702785,-0.7823688,-0.34304845,0.03407549,-1.1886675,0.13230051,1.1256006,-0.49541712,0.59004605,1.9002357,-0.44141045,0.36117327,1.5129182,-0.599935,0.09708656,-0.018741855,-0.5009178
