frame,Ankle.R_x,Ankle.R_y,Ankle.R_z,Knee.R_x,Knee.R_y,Knee.R_z,Hip.R_x,Hip.R_y,Hip.R_z,Hip.L_x,Hip.L_y,Hip.L_z,Knee.L_x,Knee.L_y,Knee.L_z,Ankle.L_x,Ankle.L_y,Ankle.L_z,Wrist.R_x,Wrist.R_y,Wrist.R_z,Elbow.R_x,Elbow.R_y,Elbow.R_z,Shoulder.R_x,Shoulder.R_y,Shoulder.R_z,Shoulder.L_x,Shoulder.L_y,Shoulder.L_z,Elbow.L_x,Elbow.L_y,Elbow.L_z,Wrist.L_x,Wrist.L_y,Wrist.L_z,Neck_x,Neck_y,Neck_z,Head_x,Head_y,Head_z,Nose_x,Nose_y,Nose_z,hip.Center_x,hip.Center_y,hip.Center_z
0,-0.3841016,-1.0032645,-1.0966547,-0.9504225,0.048495375,-0.86096984,0.020418908,0.008035741,-0.8797835,0.10133818,-0.032404818,-0.13722566,-0.9504225,0.08893617,-0.23450866,0.32381848,-2.237065,0.024116635,0.060878064,-0.07286445,-0.6462102,0.22267845,0.5743757,-0.52824396,0.26313856,1.4643167,-0.74137354,0.30359772,1.4238759,-0.29816663,0.3844979,0.5743757,-0.24781418,0.060878064,-0.19422428,0.15169013,0.28336838,1.4440962,-0.55901706,-0.7279327,1.9699765,-0.60766613,-0.22228214,1.7070365,-0.61839354,0.060878064,-0.0121843,-0.50229096
