frame,Ankle.R_x,Ankle.R_y,Ankle.R_z,Knee.R_x,Knee.R_y,Knee.R_z,Hip.R_x,Hip.R_y,Hip.R_z,Hip.L_x,Hip.L_y,Hip.L_z,Knee.L_x,Knee.L_y,Knee.L_z,Ankle.L_x,Ankle.L_y,Ankle.L_z,Wrist.R_x,Wrist.R_y,Wrist.R_z,Elbow.R_x,Elbow.R_y,Elbow.R_z,Shoulder.R_x,Shoulder.R_y,Shoulder.R_z,Shoulder.L_x,Shoulder.L_y,Shoulder.L_z,Elbow.L_x,Elbow.L_y,Elbow.L_z,Wrist.L_x,Wrist.L_y,Wrist.L_z,Neck_x,Neck_y,Neck_z,Head_x,Head_y,Head_z,Nose_x,Nose_y,Nose_z,hip.Center_x,hip.Center_y,hip.Center_z
0,0.5663717,-1.1053929,-0.27233437,1.3139045,0.015897768,-0.0978142,0.068028696,-0.025630934,-0.069245905,0.1095574,0.015897768,-0.9334588,1.2308471,0.015897768,-1.106519,0.77401423,-1.2299781,-0.7671405,0.026500471,0.05742623,0.09233147,-0.38880467,0.72188306,0.0761587,-0.1396339,1.4694164,0.02931416,0.026500471,1.4694164,-0.87163347,-0.22269082,0.63882565,-0.9626967,0.19261432,0.05742623,-0.8999362,-0.05656647,1.4694164,-0.3804675,0.8570812,2.050816,-0.46876687,0.40025687,1.7601161,-0.21658942,0.08879305,-0.0048665837,-0.5017056
