frame,Ankle.R_x,Ankle.R_y,Ankle.R_z,Knee.R_x,Knee.R_y,Knee.R_z,Hip.R_x,Hip.R_y,Hip.R_z,Hip.L_x,Hip.L_y,Hip.L_z,Knee.L_x,Knee.L_y,Knee.L_z,Ankle.L_x,Ankle.L_y,Ankle.L_z,Wrist.R_x,Wrist.R_y,Wrist.R_z,Elbow.R_x,Elbow.R_y,Elbow.R_z,Shoulder.R_x,Shoulder.R_y,Shoulder.R_z,Shoulder.L_x,Shoulder.L_y,Shoulder.L_z,Elbow.L_x,Elbow.L_y,Elbow.L_z,Wrist.L_x,Wrist.L_y,Wrist.L_z,Neck_x,Neck_y,Neck_z,Head_x,Head_y,Head_z,Nose_x,Nose_y,Nose_z,hip.Center_x,hip.Center_y,hip.Center_z
0,0.13137117,-1.8627775,-0.69965684,0.23895231,-0.9303897,-0.58826315,0.31066337,-0.033857144,-0.39672962,-0.11966071,0.0019983873,-0.602737,-0.22724184,-0.96624523,-0.97475636,-0.26311192,-1.8627775,-0.90645045,0.5616952,0.037854157,-1.2488158,0.63342106,0.50404805,-0.8991128,0.48996988,1.1136932,-0.50768554,-0.19138655,1.1495488,-0.49265632,-0.33482298,0.50404805,-0.71149266,-0.40654835,0.0019983873,-1.0990095,0.14929166,1.1316209,-0.49290594,-0.38861308,1.8129914,-0.432261,-0.11966071,1.4723063,-0.6183158,0.09550109,-0.01592926,-0.49981743
