frame,Ankle.R_x,Ankle.R_y,Ankle.R_z,Knee.R_x,Knee.R_y,Knee.R_z,Hip.R_x,Hip.R_y,Hip.R_z,Hip.L_x,Hip.L_y,Hip.L_z,Knee.L_x,Knee.L_y,Knee.L_z,Ankle.L_x,Ankle.L_y,Ankle.L_z,Wrist.R_x,Wrist.R_y,Wrist.R_z,Elbow.R_x,Elbow.R_y,Elbow.R_z,Shoulder.R_x,Shoulder.R_y,Shoulder.R_z,Shoulder.L_x,Shoulder.L_y,Shoulder.L_z,Elbow.L_x,Elbow.L_y,Elbow.L_z,Wrist.L_x,Wrist.L_y,Wrist.L_z,Neck_x,Neck_y,Neck_z,Head_x,Head_y,Head_z,Nose_x,Nose_y,Nose_z,hip.Center_x,hip.Center_y,hip.Center_z
0,-0.19216898,-1.9122441,-0.7551005,-0.11722688,-1.012959,-0.18865532,-0.079756536,-0.038732305,-0.49030322,0.22001049,-0.0012612492,-0.51229054,0.2574813,-0.9754882,-0.3741247,0.2574813,-1.8747733,-1.1679034,-0.079756536,0.03620957,-0.17543072,-0.3795083,0.5607865,-0.3156159,-0.22962454,1.1977756,-0.3795572,0.22001049,1.1977756,-0.6536375,0.29495212,0.5607865,-0.65829206,0.4448354,0.03620957,-0.36015886,-0.004807271,1.1977756,-0.52508074,0.5197694,2.022134,-0.73211545,0.2574813,1.6099548,-0.5929403,0.07012721,-0.019996896,-0.49966592
