frame,Ankle.R_x,Ankle.R_y,Ankle.R_z,Knee.R_x,Knee.R_y,Knee.R_z,Hip.R_x,Hip.R_y,Hip.R_z,Hip.L_x,Hip.L_y,Hip.L_z,Knee.L_x,Knee.L_y,Knee.L_z,Ankle.L_x,Ankle.L_y,Ankle.L_z,Wrist.R_x,Wrist.R_y,Wrist.R_z,Elbow.R_x,Elbow.R_y,Elbow.R_z,Shoulder.R_x,Shoulder.R_y,Shoulder.R_z,Shoulder.L_x,Shoulder.L_y,Shoulder.L_z,Elbow.L_x,Elbow.L_y,Elbow.L_z,Wrist.L_x,Wrist.L_y,Wrist.L_z,Neck_x,Neck_y,Neck_z,Head_x,Head_y,Head_z,Nose_x,Nose_y,Nose_z,hip.Center_x,hip.Center_y,hip.Center_z
0,-0.2817709,-1.3812977,-1.5314903,-0.39438507,-0.555415,-0.70329416,-0.13160345,0.04523962,-0.7208381,0.31886843,-0.06738979,-0.29376554,0.24379233,-1.080978,-0.6895176,0.16871622,-1.981937,-1.2808571,-0.39438507,-0.029836481,0.08178818,-0.2817709,0.5332648,-0.37238306,-0.13160345,1.1714419,-0.5761219,0.6567414,1.1339039,-0.35707557,0.69427943,0.4581887,-0.21932742,0.6192033,-0.14246589,-0.107684016,0.26256922,1.1526729,-0.5015893,0.22501543,2.0161092,-0.60738355,0.24379233,1.584391,-0.4386501,0.09363248,-0.011075085,-0.49500144
