frame,Ankle.R_x,Ankle.R_y,Ankle.R_z,Knee.R_x,Knee.R_y,Knee.R_z,Hip.R_x,Hip.R_y,Hip.R_z,Hip.L_x,Hip.L_y,Hip.L_z,Knee.L_x,Knee.L_y,Knee.L_z,Ankle.L_x,Ankle.L_y,Ankle.L_z,Wrist.R_x,Wrist.R_y,Wrist.R_z,Elbow.R_x,Elbow.R_y,Elbow.R_z,Shoulder.R_x,Shoulder.R_y,Shoulder.R_z,Shoulder.L_x,Shoulder.L_y,Shoulder.L_z,Elbow.L_x,Elbow.L_y,Elbow.L_z,Wrist.L_x,Wrist.L_y,Wrist.L_z,Neck_x,Neck_y,Neck_z,Head_x,Head_y,Head_z,Nose_x,Nose_y,Nose_z,hip.Center_x,hip.Center_y,hip.Center_z
0,0.017249398,-1.6157757,-1.7455047,-0.20210284,-0.92115724,-0.9117848,-0.12899512,-0.0071724877,-0.6386851,0.27316314,-0.0437335,-0.36871225,0.27316314,-0.9577042,-0.5219023,0.23660213,-1.835128,-0.93247217,-0.38490838,0.13905796,0.08843088,-0.27522534,0.650885,-0.3268285,-0.20210284,1.162712,-0.52126056,0.45595437,1.1992731,-0.5670199,0.5656236,0.5412015,-0.4649505,0.4925154,-0.0071724877,-0.27745387,0.12692577,1.1809925,-0.5948135,0.05378943,1.9487189,-0.77495027,0.090357594,1.5648557,-0.68831027,0.07208424,-0.025452994,-0.49459696
