frame,Ankle.R_x,Ankle.R_y,Ankle.R_z,Knee.R_x,Knee.R_y,Knee.R_z,Hip.R_x,Hip.R_y,Hip.R_z,Hip.L_x,Hip.L_y,Hip.L_z,Knee.L_x,Knee.L_y,Knee.L_z,Ankle.L_x,Ankle.L_y,Ankle.L_z,Wrist.R_x,Wrist.R_y,Wrist.R_z,Elbow.R_x,Elbow.R_y,Elbow.R_z,Shoulder.R_x,Shoulder.R_y,Shoulder.R_z,Shoulder.L_x,Shoulder.L_y,Shoulder.L_z,Elbow.L_x,Elbow.L_y,Elbow.L_z,Wrist.L_x,Wrist.L_y,Wrist.L_z,Neck_x,Neck_y,Neck_z,Head_x,Head_y,Head_z,Nose_x,Nose_y,Nose_z,hip.Center_x,hip.Center_y,hip.Center_z
0,-0.24950781,-1.9690274,0.08489108,0.16279516,-1.0319616,0.0032010674,0.08784207,-0.019927086,-0.4548232,0.08784207,-0.019927086,-0.55153817,0.16279516,-0.99446946,-0.6270654,0.08784207,-1.9315509,-0.87829286,0.35022363,0.017564712,-0.556111,0.05035027,0.6547727,-0.34677708,0.08784207,1.2545041,-0.4723986,0.012873732,1.2919806,-0.57669306,0.08784207,0.57980436,-0.78871167,0.31273183,0.055041492,-0.4567818,0.0503579,1.2732424,-0.5427285,0.799995,1.9854187,-0.7305053,0.4251767,1.6293305,-0.6406115,0.08784207,-0.019927086,-0.5012112
