frame,Ankle.R_x,Ankle.R_y,Ankle.R_z,Knee.R_x,Knee.R_y,Knee.R_z,Hip.R_x,Hip.R_y,Hip.R_z,Hip.L_x,Hip.L_y,Hip.L_z,Knee.L_x,Knee.L_y,Knee.L_z,Ankle.L_x,Ankle.L_y,Ankle.L_z,Wrist.R_x,Wrist.R_y,Wrist.R_z,Elbow.R_x,Elbow.R_y,Elbow.R_z,Shoulder.R_x,Shoulder.R_y,Shoulder.R_z,Shoulder.L_x,Shoulder.L_y,Shoulder.L_z,Elbow.L_x,Elbow.L_y,Elbow.L_z,Wrist.L_x,Wrist.L_y,Wrist.L_z,Neck_x,Neck_y,Neck_z,Head_x,Head_y,Head_z,Nose_x,Nose_y,Nose_z,hip.Center_x,hip.Center_y,hip.Center_z
0,-0.048357032,-2.1229901,-0.6356366,0.08070276,-1.1089354,-0.39277643,0.0069522634,-0.0395713,-0.41942573,0.1544542,-0.0026877057,-0.55875635,0.70756197,-0.7770641,-0.30701765,0.26507232,-1.6251755,-0.8354888,0.043819882,-0.0395713,-0.667122,-0.17741683,0.624171,-0.16201282,-0.02993109,1.3616642,-0.2843644,0.0069522634,1.3616642,-0.79091936,-0.06679871,0.624171,-0.99086714,0.19132134,0.03417991,-0.6615586,-0.0114898905,1.3616642,-0.50264454,0.76287127,1.8779045,-0.56435084,0.3756909,1.6197844,-0.58851063,0.08070276,-0.021129383,-0.5066954
