frame,Ankle.R_x,Ankle.R_y,Ankle.R_z,Knee.R_x,Knee.R_y,Knee.R_z,Hip.R_x,Hip.R_y,Hip.R_z,Hip.L_x,Hip.L_y,Hip.L_z,Knee.L_x,Knee.L_y,Knee.L_z,Ankle.L_x,Ankle.L_y,Ankle.L_z,Wrist.R_x,Wrist.R_y,Wrist.R_z,Elbow.R_x,Elbow.R_y,Elbow.R_z,Shoulder.R_x,Shoulder.R_y,Shoulder.R_z,Shoulder.L_x,Shoulder.L_y,Shoulder.L_z,Elbow.L_x,Elbow.L_y,Elbow.L_z,Wrist.L_x,Wrist.L_y,Wrist.L_z,Neck_x,Neck_y,Neck_z,Head_x,Head_y,Head_z,Nose_x,Nose_y,Nose_z,hip.Center_x,hip.Center_y,hip.Center_z
0,-0.14475904,-1.7619181,-1.6769128,-0.18220745,-0.93824023,-0.9034777,-0.14475904,-0.002246337,-0.51598334,0.3045212,-0.039680436,-0.48061672,0.2670728,-0.93824023,-0.7052417,0.2670728,-1.7993665,-1.2911958,-0.3694061,0.035201833,-0.027936548,-0.3694061,0.59679824,-0.36077073,-0.25707567,1.1583947,-0.47585312,0.45427144,1.1583947,-0.6342273,0.52915394,0.5593501,-0.40074515,0.52915394,-0.002246337,-0.14791805,0.09859814,1.1583947,-0.6116344,0.06114973,1.9071901,-0.73849714,0.079873696,1.5327923,-0.6031773,0.079881325,-0.020963388,-0.49687466
