frame,Ankle.R_x,Ankle.R_y,Ankle.R_z,Knee.R_x,Knee.R_y,Knee.R_z,Hip.R_x,Hip.R_y,Hip.R_z,Hip.L_x,Hip.L_y,Hip.L_z,Knee.L_x,Knee.L_y,Knee.L_z,Ankle.L_x,Ankle.L_y,Ankle.L_z,Wrist.R_x,Wrist.R_y,Wrist.R_z,Elbow.R_x,Elbow.R_y,Elbow.R_z,Shoulder.R_x,Shoulder.R_y,Shoulder.R_z,Shoulder.L_x,Shoulder.L_y,Shoulder.L_z,Elbow.L_x,Elbow.L_y,Elbow.L_z,Wrist.L_x,Wrist.L_y,Wrist.L_z,Neck_x,Neck_y,Neck_z,Head_x,Head_y,Head_z,Nose_x,Nose_y,Nose_z,hip.Center_x,hip.Center_y,hip.Center_z
0,0.16925097,-1.9567016,0.14625669,0.04162693,-1.0208277,-0.15700108,0.04162693,0.000102827325,-0.60631627,0.08416319,-0.042433433,-0.382726,0.12669897,-1.0633796,-0.6933657,0.25432348,-2.0417743,-0.5774311,-0.12853336,0.042639084,-0.4783474,0.08416319,0.63819224,-0.57261693,0.08416319,1.318818,-0.6388294,0.12669897,1.318818,-0.45818666,0.12669897,0.63819224,-0.39327672,-0.12853336,0.000102827325,-0.26322788,0.10543108,1.318818,-0.5333061,-0.7028189,1.7442111,-0.5620175,-0.29869366,1.5315145,-0.5452099,0.06289482,-0.021165064,-0.49900717
