frame,Ankle.R_x,Ankle.R_y,Ankle.R_z,Knee.R_x,Knee.R_y,Knee.R_z,Hip.R_x,Hip.R_y,Hip.R_z,Hip.L_x,Hip.L_y,Hip.L_z,Knee.L_x,Knee.L_y,Knee.L_z,Ankle.L_x,Ankle.L_y,Ankle.L_z,Wrist.R_x,Wrist.R_y,Wrist.R_z,Elbow.R_x,Elbow.R_y,Elbow.R_z,Shoulder.R_x,Shoulder.R_y,Shoulder.R_z,Shoulder.L_x,Shoulder.L_y,Shoulder.L_z,Elbow.L_x,Elbow.L_y,Elbow.L_z,Wrist.L_x,Wrist.L_y,Wrist.L_z,Neck_x,Neck_y,Neck_z,Head_x,Head_y,Head_z,Nose_x,Nose_y,Nose_z,hip.Center_x,hip.Center_y,hip.Center_z
0,-0.031083055,-1.7789764,-1.2573367,-0.10498185,-0.9291057,-0.52630734,-0.14192384,-0.0422792,-0.41425323,0.26452595,-0.0053224135,-0.58647853,0.26452595,-0.9291057,-0.8159903,0.26452595,-1.7789764,-1.4428194,-0.40059036,0.031619832,-0.22435725,-0.51144594,0.5489388,-0.43488976,-0.36363453,1.1401566,-0.34712982,0.26452595,1.1771132,-0.62346154,0.37538058,0.62283736,-0.25843638,0.48623568,0.10553245,0.0041434765,-0.049554296,1.1586349,-0.5200214,0.28301102,1.9346066,-0.5962592,0.11672836,1.5466207,-0.5163314,0.061300807,-0.023800807,-0.49971
