frame,Ankle.R_x,Ankle.R_y,Ankle.R_z,Knee.R_x,Knee.R_y,Knee.R_z,Hip.R_x,Hip.R_y,Hip.R_z,Hip.L_x,Hip.L_y,Hip.L_z,Knee.L_x,Knee.L_y,Knee.L_z,Ankle.L_x,Ankle.L_y,Ankle.L_z,Wrist.R_x,Wrist.R_y,Wrist.R_z,Elbow.R_x,Elbow.R_y,Elbow.R_z,Shoulder.R_x,Shoulder.R_y,Shoulder.R_z,Shoulder.L_x,Shoulder.L_y,Shoulder.L_z,Elbow.L_x,Elbow.L_y,Elbow.L_z,Wrist.L_x,Wrist.L_y,Wrist.L_z,Neck_x,Neck_y,Neck_z,Head_x,Head_y,Head_z,Nose_x,Nose_y,Nose_z,hip.Center_x,hip.Center_y,hip.Center_z
0,0.25178123,-1.905615,-0.15463752,0.31983018,-0.9868783,-0.25747818,0.31983018,-0.0341028,-0.3929649,-0.12253262,-7.784739e-05,-0.6100835,-0.19058205,-0.9528395,-0.9776391,-0.22460724,-1.837566,-1.1292346,0.59205604,-0.0341028,-1.2108375,0.62608075,0.4763099,-0.8531099,0.5239928,1.0888106,-0.43426585,-0.19058205,1.1228352,-0.56236017,-0.2926705,0.5103344,-0.78050476,-0.3266952,-7.784739e-05,-1.172172,0.16670536,1.1058228,-0.50657,0.5410049,1.8884469,-0.4534514,0.3538549,1.4971349,-0.6134883,0.09864877,-0.017090444,-0.50055385
