frame,Ankle.R_x,Ankle.R_y,Ankle.R_z,Knee.R_x,Knee.R_y,Knee.R_z,Hip.R_x,Hip.R_y,Hip.R_z,Hip.L_x,Hip.L_y,Hip.L_z,Knee.L_x,Knee.L_y,Knee.L_z,Ankle.L_x,Ankle.L_y,Ankle.L_z,Wrist.R_x,Wrist.R_y,Wrist.R_z,Elbow.R_x,Elbow.R_y,Elbow.R_z,Shoulder.R_x,Shoulder.R_y,Shoulder.R_z,Shoulder.L_x,Shoulder.L_y,Shoulder.L_z,Elbow.L_x,Elbow.L_y,Elbow.L_z,Wrist.L_x,Wrist.L_y,Wrist.L_z,Neck_x,Neck_y,Neck_z,Head_x,Head_y,Head_z,Nose_x,Nose_y,Nose_z,hip.Center_x,hip.Center_y,hip.Center_z
0,0.14722647,-1.8679625,-0.2906904,0.18390478,-0.9509417,-0.33661878,0.29394066,-0.03393565,-0.4019273,-0.10953747,0.0027429014,-0.5963017,-0.21957289,-0.9509417,-0.9778961,-0.3296231,-1.9046408,-1.1953444,0.4773475,0.039421454,-1.1955879,0.5873829,0.47957766,-0.89071107,0.4773475,1.1031412,-0.4816977,-0.10953747,1.1765128,-0.3993581,-0.21957289,0.5529493,-0.5940236,-0.40297973,0.039421454,-0.9112847,0.18390478,1.139827,-0.44160652,-0.47633684,1.8734406,-0.42091352,-0.14621626,1.5066338,-0.59065163,0.09220137,-0.015596494,-0.49990687
