frame,Ankle.R_x,Ankle.R_y,Ankle.R_z,Knee.R_x,Knee.R_y,Knee.R_z,Hip.R_x,Hip.R_y,Hip.R_z,Hip.L_x,Hip.L_y,Hip.L_z,Knee.L_x,Knee.L_y,Knee.L_z,Ankle.L_x,Ankle.L_y,Ankle.L_z,Wrist.R_x,Wrist.R_y,Wrist.R_z,Elbow.R_x,Elbow.R_y,Elbow.R_z,Shoulder.R_x,Shoulder.R_y,Shoulder.R_z,Shoulder.L_x,Shoulder.L_y,Shoulder.L_z,Elbow.L_x,Elbow.L_y,Elbow.L_z,Wrist.L_x,Wrist.L_y,Wrist.L_z,Neck_x,Neck_y,Neck_z,Head_x,Head_y,Head_z,Nose_x,Nose_y,Nose_z,hip.Center_x,hip.Center_y,hip.Center_z
0,0.09161142,-1.7987992,-0.3330848,0.74448925,-0.88477045,-0.26750308,0.13513139,-0.014261558,-0.2668947,0.048075236,-0.014261558,-0.7351972,0.048075236,-1.0588657,-0.81649625,-0.08250042,-2.190526,-0.7928795,0.09161142,0.029258177,-0.3729921,-0.25659558,0.6821522,-0.38747263,-0.08250042,1.3350297,-0.35177854,0.0045552626,1.2914937,-0.8115544,0.0045552626,0.5950963,-0.7887041,0.26570657,0.07279436,-0.5185825,-0.03897234,1.3132616,-0.58329856,0.74449736,1.7920277,-0.5718316,0.35276225,1.5526447,-0.46989417,0.09160332,-0.014261558,-0.49950752
