frame,Ankle.R_x,Ankle.R_y,Ankle.R_z,Knee.R_x,Knee.R_y,Knee.R_z,Hip.R_x,Hip.R_y,Hip.R_z,Hip.L_x,Hip.L_y,Hip.L_z,Knee.L_x,Knee.L_y,Knee.L_z,Ankle.L_x,Ankle.L_y,Ankle.L_z,Wrist.R_x,Wrist.R_y,Wrist.R_z,Elbow.R_x,Elbow.R_y,Elbow.R_z,Shoulder.R_x,Shoulder.R_y,Shoulder.R_z,Shoulder.L_x,Shoulder.L_y,Shoulder.L_z,Elbow.L_x,Elbow.L_y,Elbow.L_z,Wrist.L_x,Wrist.L_y,Wrist.L_z,Neck_x,Neck_y,Neck_z,Head_x,Head_y,Head_z,Nose_x,Nose_y,Nose_z,hip.Center_x,hip.Center_y,hip.Center_z
0,-0.24895212,-1.4731458,-1.4399784,-0.28533527,-0.63641584,-0.7454381,-0.13981888,0.01840057,-0.6584664,0.33311346,-0.054350235,-0.35188934,0.22397974,-1.0365971,-0.70330906,0.15121439,-1.8733124,-1.2715583,-0.35808584,0.09116616,0.067524135,-0.32171795,0.6004809,-0.42152557,-0.13981888,1.1825464,-0.54780394,0.6241462,1.1461636,-0.40946305,0.6605289,0.5277151,-0.24893221,0.58776355,-0.054350235,-0.14113268,0.24216393,1.164355,-0.52525693,0.27856138,2.0010705,-0.660937,0.26036242,1.5827127,-0.5221186,0.09664753,-0.017974714,-0.4958139
