frame,Ankle.R_x,Ankle.R_y,Ankle.R_z,Knee.R_x,Knee.R_y,Knee.R_z,Hip.R_x,Hip.R_y,Hip.R_z,Hip.L_x,Hip.L_y,Hip.L_z,Knee.L_x,Knee.L_y,Knee.L_z,Ankle.L_x,Ankle.L_y,Ankle.L_z,Wrist.R_x,Wrist.R_y,Wrist.R_z,Elbow.R_x,Elbow.R_y,Elbow.R_z,Shoulder.R_x,Shoulder.R_y,Shoulder.R_z,Shoulder.L_x,Shoulder.L_y,Shoulder.L_z,Elbow.L_x,Elbow.L_y,Elbow.L_z,Wrist.L_x,Wrist.L_y,Wrist.L_z,Neck_x,Neck_y,Neck_z,Head_x,Head_y,Head_z,Nose_x,Nose_y,Nose_z,hip.Center_x,hip.Center_y,hip.Center_z
0,0.20128123,-2.0273187,-0.18819177,0.27442902,-1.003283,-0.5368107,0.34756106,-0.052379813,-0.49483857,-0.1644562,0.020767722,-0.5129244,-0.4204653,-0.41810247,-1.2544826,-0.31075174,-1.112997,-1.2364347,0.6767332,0.020767722,-1.3043424,0.71329945,0.532801,-0.9580195,0.5670044,1.22768,-0.54409695,-0.20102246,1.22768,-0.46608078,-0.31075174,0.532801,-0.71835154,-0.45704633,0.020767722,-1.1219499,0.18299119,1.22768,-0.5600312,-0.29247648,1.8859929,-0.5084001,-0.05474265,1.5568364,-0.73968416,0.0915529,-0.015805926,-0.49991554
