frame,Ankle.R_x,Ankle.R_y,Ankle.R_z,Knee.R_x,Knee.R_y,Knee.R_z,Hip.R_x,Hip.R_y,Hip.R_z,Hip.L_x,Hip.L_y,Hip.L_z,Knee.L_x,Knee.L_y,Knee.L_z,Ankle.L_x,Ankle.L_y,Ankle.L_z,Wrist.R_x,Wrist.R_y,Wrist.R_z,Elbow.R_x,Elbow.R_y,Elbow.R_z,Shoulder.R_x,Shoulder.R_y,Shoulder.R_z,Shoulder.L_x,Shoulder.L_y,Shoulder.L_z,Elbow.L_x,Elbow.L_y,Elbow.L_z,Wrist.L_x,Wrist.L_y,Wrist.L_z,Neck_x,Neck_y,Neck_z,Head_x,Head_y,Head_z,Nose_x,Nose_y,Nose_z,hip.Center_x,hip.Center_y,hip.Center_z
0,0.050337866,-1.8819566,0.014182031,0.19224985,-1.0660036,0.02656734,0.12128599,-0.037189286,-0.47522378,0.014863566,-0.0017152242,-0.5205043,0.08581169,-0.995055,-0.75704074,0.014863566,-1.8464823,-0.99705464,0.36962086,-0.037189286,-0.5679439,0.08581169,0.6013772,-0.47342145,0.12128599,1.3109081,-0.48368254,-0.1270489,1.3109081,-0.5585214,-0.2334718,0.6368515,-0.8336834,0.19224985,-0.0017152242,-0.8343612,-0.0028819293,1.3109081,-0.50695723,0.8840204,1.8785264,-0.64408207,0.44056898,1.5947173,-0.5622712,0.06807478,-0.019452374,-0.502281
