frame,Ankle.R_x,Ankle.R_y,Ankle.R_z,Knee.R_x,Knee.R_y,Knee.R_z,Hip.R_x,Hip.R_y,Hip.R_z,Hip.L_x,Hip.L_y,Hip.L_z,Knee.L_x,Knee.L_y,Knee.L_z,Ankle.L_x,Ankle.L_y,Ankle.L_z,Wrist.R_x,Wrist.R_y,Wrist.R_z,Elbow.R_x,Elbow.R_y,Elbow.R_z,Shoulder.R_x,Shoulder.R_y,Shoulder.R_z,Shoulder.L_x,Shoulder.L_y,Shoulder.L_z,Elbow.L_x,Elbow.L_y,Elbow.L_z,Wrist.L_x,Wrist.L_y,Wrist.L_z,Neck_x,Neck_y,Neck_z,Head_x,Head_y,Head_z,Nose_x,Nose_y,Nose_z,hip.Center_x,hip.Center_y,hip.Center_z
0,0.2987169,-1.7763236,-0.5598909,0.2987169,-0.8988488,-0.58063,0.2987169,-0.021358982,-0.366191,-0.14002003,-0.021358982,-0.638036,-0.14002003,-0.8988488,-1.1713128,-0.14002003,-1.7763236,-0.88389075,0.5912088,0.088318095,-1.1949313,0.5180863,0.56362414,-0.8108117,0.37184036,1.1486077,-0.3769908,-0.28626597,1.1486077,-0.5568895,-0.4325124,0.56362414,-0.74836653,-0.4325124,0.088318095,-1.1253195,0.04278694,1.1486077,-0.47299606,0.40840137,1.879837,-0.4287564,0.22559391,1.5142224,-0.5914931,0.07934843,-0.021358982,-0.4991578
