frame,Ankle.R_x,Ankle.R_y,Ankle.R_z,Knee.R_x,Knee.R_y,Knee.R_z,Hip.R_x,Hip.R_y,Hip.R_z,Hip.L_x,Hip.L_y,Hip.L_z,Knee.L_x,Knee.L_y,Knee.L_z,Ankle.L_x,Ankle.L_y,Ankle.L_z,Wrist.R_x,Wrist.R_y,Wrist.R_z,Elbow.R_x,Elbow.R_y,Elbow.R_z,Shoulder.R_x,Shoulder.R_y,Shoulder.R_z,Shoulder.L_x,Shoulder.L_y,Shoulder.L_z,Elbow.L_x,Elbow.L_y,Elbow.L_z,Wrist.L_x,Wrist.L_y,Wrist.L_z,Neck_x,Neck_y,Neck_z,Head_x,Head_y,Head_z,Nose_x,Nose_y,Nose_z,hip.Center_x,hip.Center_y,hip.Center_z
0,0.037755378,-2.1086097,0.32334256,0.4651655,-1.0828294,-0.057825863,0.08049954,-0.014304996,-0.4245669,0.08049954,-0.014304996,-0.5604852,0.1232437,-1.0828294,-0.81740415,-0.04773294,-2.1086097,-0.98956025,0.20871627,-0.014304996,-0.38976917,-0.09046089,0.62680995,-0.41912827,-0.004988782,1.2679247,-0.49826035,-0.004988782,1.310669,-0.6344039,0.08049954,0.5413376,-0.7432683,0.2942046,-0.014304996,-0.48361203,-0.004988782,1.2892967,-0.56183267,0.76434267,1.7594508,-0.70223963,0.3796767,1.5243737,-0.611918,0.08049954,-0.014304996,-0.50111574
