frame,Ankle.R_x,Ankle.R_y,Ankle.R_z,Knee.R_x,Knee.R_y,Knee.R_z,Hip.R_x,Hip.R_y,Hip.R_z,Hip.L_x,Hip.L_y,Hip.L_z,Knee.L_x,Knee.L_y,Knee.L_z,Ankle.L_x,Ankle.L_y,Ankle.L_z,Wrist.R_x,Wrist.R_y,Wrist.R_z,Elbow.R_x,Elbow.R_y,Elbow.R_z,Shoulder.R_x,Shoulder.R_y,Shoulder.R_z,Shoulder.L_x,Shoulder.L_y,Shoulder.L_z,Elbow.L_x,Elbow.L_y,Elbow.L_z,Wrist.L_x,Wrist.L_y,Wrist.L_z,Neck_x,Neck_y,Neck_z,Head_x,Head_y,Head_z,Nose_x,Nose_y,Nose_z,hip.Center_x,hip.Center_y,hip.Center_z
0,0.071591906,-2.0946848,-0.052953124,-0.045387216,-1.1978719,-0.06556332,-0.16235012,-0.06710033,-0.24533686,0.266563,0.049878795,-0.7259896,0.4615174,-0.02811269,-0.75541854,0.42252976,-0.9639135,-0.8973144,-0.47428364,-0.1450756,-0.3102002,-0.47428364,0.47879168,-0.27576008,-0.39630836,1.1806506,-0.089624345,0.3835259,1.2196381,-0.59864146,0.5784965,0.5567669,0.020352423,0.7344633,-0.06710033,0.22383934,-0.006391473,1.2001443,-0.33705747,-0.006374784,2.0969577,-0.47125894,-0.006383367,1.648551,-0.4838847,0.052105956,-0.008610766,-0.50054884
