frame,Ankle.R_x,Ankle.R_y,Ankle.R_z,Knee.R_x,Knee.R_y,Knee.R_z,Hip.R_x,Hip.R_y,Hip.R_z,Hip.L_x,Hip.L_y,Hip.L_z,Knee.L_x,Knee.L_y,Knee.L_z,Ankle.L_x,Ankle.L_y,Ankle.L_z,Wrist.R_x,Wrist.R_y,Wrist.R_z,Elbow.R_x,Elbow.R_y,Elbow.R_z,Shoulder.R_x,Shoulder.R_y,Shoulder.R_z,Shoulder.L_x,Shoulder.L_y,Shoulder.L_z,Elbow.L_x,Elbow.L_y,Elbow.L_z,Wrist.L_x,Wrist.L_y,Wrist.L_z,Neck_x,Neck_y,Neck_z,Head_x,Head_y,Head_z,Nose_x,Nose_y,Nose_z,hip.Center_x,hip.Center_y,hip.Center_z
0,-0.076105066,-1.7776164,-1.1338083,-0.114208646,-0.9013384,-0.45388678,-0.114208646,-0.025060503,-0.40766612,0.26678234,-0.025060503,-0.5930854,0.30488592,-0.9013384,-0.73700863,0.26678234,-1.7776164,-1.3344882,-0.41899294,0.051132113,-0.27690196,-0.45709604,0.5845224,-0.46831584,-0.30469698,1.1560017,-0.33032346,0.3429895,1.1560017,-0.6351679,0.4191814,0.5845224,-0.24313575,0.4953738,0.089235455,-0.007733226,0.019146018,1.1560017,-0.5258872,0.20962006,1.9941903,-0.61516535,0.11438327,1.575096,-0.56737006,0.076286845,-0.025060503,-0.49981079
