frame,Ankle.R_x,Ankle.R_y,Ankle.R_z,Knee.R_x,Knee.R_y,Knee.R_z,Hip.R_x,Hip.R_y,Hip.R_z,Hip.L_x,Hip.L_y,Hip.L_z,Knee.L_x,Knee.L_y,Knee.L_z,Ankle.L_x,Ankle.L_y,Ankle.L_z,Wrist.R_x,Wrist.R_y,Wrist.R_z,Elbow.R_x,Elbow.R_y,Elbow.R_z,Shoulder.R_x,Shoulder.R_y,Shoulder.R_z,Shoulder.L_x,Shoulder.L_y,Shoulder.L_z,Elbow.L_x,Elbow.L_y,Elbow.L_z,Wrist.L_x,Wrist.L_y,Wrist.L_z,Neck_x,Neck_y,Neck_z,Head_x,Head_y,Head_z,Nose_x,Nose_y,Nose_z,hip.Center_x,hip.Center_y,hip.Center_z
0,0.2077621,-1.9080181,-0.4964604,0.27530324,-0.96241736,-0.5189317,0.30907333,-0.016816631,-0.37106973,-0.12994207,-0.016816631,-0.62839466,-0.16371264,-0.9286468,-1.1470895,-0.16371264,-1.874248,-1.1604548,0.57925117,-0.016816631,-1.1953197,0.57925117,0.5235245,-0.84742415,0.4441694,1.1314065,-0.4433119,-0.2988087,1.1314065,-0.61281914,-0.36634934,0.5235245,-0.81323516,-0.36634934,0.01695393,-1.165401,0.07268034,1.1314065,-0.53618205,0.47792518,1.8068151,-0.50721985,0.27530324,1.4691108,-0.66525984,0.08956562,-0.016816631,-0.5007267
