frame,Ankle.R_x,Ankle.R_y,Ankle.R_z,Knee.R_x,Knee.R_y,Knee.R_z,Hip.R_x,Hip.R_y,Hip.R_z,Hip.L_x,Hip.L_y,Hip.L_z,Knee.L_x,Knee.L_y,Knee.L_z,Ankle.L_x,Ankle.L_y,Ankle.L_z,Wrist.R_x,Wrist.R_y,Wrist.R_z,Elbow.R_x,Elbow.R_y,Elbow.R_z,Shoulder.R_x,Shoulder.R_y,Shoulder.R_z,Shoulder.L_x,Shoulder.L_y,Shoulder.L_z,Elbow.L_x,Elbow.L_y,Elbow.L_z,Wrist.L_x,Wrist.L_y,Wrist.L_z,Neck_x,Neck_y,Neck_z,Head_x,Head_y,Head_z,Nose_x,Nose_y,Nose_z,hip.Center_x,hip.Center_y,hip.Center_z
0,0.05216836,-1.804368,0.21284258,0.13644075,-1.1134326,-0.11265677,0.20384598,-0.034901142,-0.42247862,-0.032088287,-0.0011985283,-0.5715466,0.06901979,-1.07973,-0.8558648,-0.06579066,-1.7201114,-0.6062497,0.507185,-0.102306604,-0.606477,0.2712512,0.5717776,-0.4909434,0.2712512,1.2795643,-0.5204581,-0.09949351,1.2795643,-0.5878709,-0.13319635,0.6054802,-0.83520156,0.035317414,0.13362765,-0.8600762,0.08587884,1.2795643,-0.5256957,0.79365015,1.8862431,-0.5331487,0.4397645,1.5829037,-0.6000823,0.08587884,-0.018049954,-0.50209063
