frame,Ankle.R_x,Ankle.R_y,Ankle.R_z,Knee.R_x,Knee.R_y,Knee.R_z,Hip.R_x,Hip.R_y,Hip.R_z,Hip.L_x,Hip.L_y,Hip.L_z,Knee.L_x,Knee.L_y,Knee.L_z,Ankle.L_x,Ankle.L_y,Ankle.L_z,Wrist.R_x,Wrist.R_y,Wrist.R_z,Elbow.R_x,Elbow.R_y,Elbow.R_z,Shoulder.R_x,Shoulder.R_y,Shoulder.R_z,Shoulder.L_x,Shoulder.L_y,Shoulder.L_z,Elbow.L_x,Elbow.L_y,Elbow.L_z,Wrist.L_x,Wrist.L_y,Wrist.L_z,Neck_x,Neck_y,Neck_z,Head_x,Head_y,Head_z,Nose_x,Nose_y,Nose_z,hip.Center_x,hip.Center_y,hip.Center_z
0,-0.060595617,-1.765276,-1.2809103,-0.13627397,-0.9328456,-0.6658293,-0.13627397,-0.024722308,-0.4170426,0.24211682,-0.024722308,-0.58108187,0.31778038,-0.9328456,-0.79176915,0.31778038,-1.765276,-1.3056431,-0.4011327,0.050955564,-0.10412279,-0.43897212,0.54284906,-0.42900714,-0.36329424,1.1104206,-0.35941064,0.3556198,1.1482598,-0.6392695,0.4691366,0.6185272,-0.27549568,0.54481494,0.050955564,-0.10718328,-0.003837213,1.1293402,-0.5457468,0.10968007,1.99961,-0.65668666,0.05292119,1.564475,-0.5660392,0.05292119,-0.024722308,-0.49795008
