frame,Ankle.R_x,Ankle.R_y,Ankle.R_z,Knee.R_x,Knee.R_y,Knee.R_z,Hip.R_x,Hip.R_y,Hip.R_z,Hip.L_x,Hip.L_y,Hip.L_z,Knee.L_x,Knee.L_y,Knee.L_z,Ankle.L_x,Ankle.L_y,Ankle.L_z,Wrist.R_x,Wrist.R_y,Wrist.R_z,Elbow.R_x,Elbow.R_y,Elbow.R_z,Shoulder.R_x,Shoulder.R_y,Shoulder.R_z,Shoulder.L_x,Shoulder.L_y,Shoulder.L_z,Elbow.L_x,Elbow.L_y,Elbow.L_z,Wrist.L_x,Wrist.L_y,Wrist.L_z,Neck_x,Neck_y,Neck_z,Head_x,Head_y,Head_z,Nose_x,Nose_y,Nose_z,hip.Center_x,hip.Center_y,hip.Center_z
0,-0.14395365,-1.6982458,-1.2677414,-0.17875418,-0.89784795,-0.49289936,-0.14395365,-0.027848277,-0.45463198,0.27365318,-0.027848277,-0.5498458,0.27365318,-0.93264824,-0.7596092,0.27365318,-1.6982458,-1.4342079,-0.42234358,0.041752543,-0.15337995,-0.352743,0.56374687,-0.4438685,-0.21355423,1.1553419,-0.36495575,0.48245636,1.1553419,-0.62757725,0.55204356,0.59854716,-0.27818125,0.55204356,0.076553315,-0.049003273,0.13445106,1.1553419,-0.5485274,0.20405164,1.9905543,-0.6557949,0.16925159,1.5729482,-0.5808324,0.06484952,-0.027848277,-0.49878338
