frame,Ankle.R_x,Ankle.R_y,Ankle.R_z,Knee.R_x,Knee.R_y,Knee.R_z,Hip.R_x,Hip.R_y,Hip.R_z,Hip.L_x,Hip.L_y,Hip.L_z,Knee.L_x,Knee.L_y,Knee.L_z,Ankle.L_x,Ankle.L_y,Ankle.L_z,Wrist.R_x,Wrist.R_y,Wrist.R_z,Elbow.R_x,Elbow.R_y,Elbow.R_z,Shoulder.R_x,Shoulder.R_y,Shoulder.R_z,Shoulder.L_x,Shoulder.L_y,Shoulder.L_z,Elbow.L_x,Elbow.L_y,Elbow.L_z,Wrist.L_x,Wrist.L_y,Wrist.L_z,Neck_x,Neck_y,Neck_z,Head_x,Head_y,Head_z,Nose_x,Nose_y,Nose_z,hip.Center_x,hip.Center_y,hip.Center_z
0,0.40070298,-1.027327,-1.4149386,0.5748639,-0.26099023,-1.0598133,0.29620317,0.017670317,-0.330897,-0.15663382,-0.051990822,-0.67317706,-0.08697269,-1.027327,-0.89654267,-0.052134015,-1.898163,-0.4817114,0.5748639,0.052508995,-1.1925104,0.47036412,0.60984606,-0.7878748,0.29620317,1.2716671,-0.5513806,-0.47013327,1.202006,-0.7395937,-0.57463264,0.50534624,-0.9813009,-0.5398102,-0.051990822,-1.3066304,-0.08696506,1.2368367,-0.63963914,0.33101848,2.0728505,-0.5562545,0.12202694,1.6548434,-0.75550264,0.06978514,-0.017160254,-0.49980262
