frame,Ankle.R_x,Ankle.R_y,Ankle.R_z,Knee.R_x,Knee.R_y,Knee.R_z,Hip.R_x,Hip.R_y,Hip.R_z,Hip.L_x,Hip.L_y,Hip.L_z,Knee.L_x,Knee.L_y,Knee.L_z,Ankle.L_x,Ankle.L_y,Ankle.L_z,Wrist.R_x,Wrist.R_y,Wrist.R_z,Elbow.R_x,Elbow.R_y,Elbow.R_z,Shoulder.R_x,Shoulder.R_y,Shoulder.R_z,Shoulder.L_x,Shoulder.L_y,Shoulder.L_z,Elbow.L_x,Elbow.L_y,Elbow.L_z,Wrist.L_x,Wrist.L_y,Wrist.L_z,Neck_x,Neck_y,Neck_z,Head_x,Head_y,Head_z,Nose_x,Nose_y,Nose_z,hip.Center_x,hip.Center_y,hip.Center_z
0,0.28552806,-1.8716038,-0.037367463,0.13087307,-0.9823411,-0.32845634,0.20819317,-0.015743097,-0.57959205,-0.06244959,-0.015743097,-0.414699,-0.10111727,-1.0209936,-0.7272178,-0.02378191,-2.0262587,-0.82541126,0.014885291,0.17757957,-0.9309938,0.32419527,0.5255572,-0.8981577,0.20819317,1.1828297,-0.67384213,-0.13976969,1.1828297,-0.3532976,-0.25577223,0.5255572,-0.36606026,-0.4877473,-0.015743097,-0.49913013,0.0342115,1.1828297,-0.5153038,-0.7003962,1.878785,-0.5570467,-0.33309186,1.5308075,-0.6460733,0.07287155,-0.015743097,-0.498314
