frame,Ankle.R_x,Ankle.R_y,Ankle.R_z,Knee.R_x,Knee.R_y,Knee.R_z,Hip.R_x,Hip.R_y,Hip.R_z,Hip.L_x,Hip.L_y,Hip.L_z,Knee.L_x,Knee.L_y,Knee.L_z,Ankle.L_x,Ankle.L_y,Ankle.L_z,Wrist.R_x,Wrist.R_y,Wrist.R_z,Elbow.R_x,Elbow.R_y,Elbow.R_z,Shoulder.R_x,Shoulder.R_y,Shoulder.R_z,Shoulder.L_x,Shoulder.L_y,Shoulder.L_z,Elbow.L_x,Elbow.L_y,Elbow.L_z,Wrist.L_x,Wrist.L_y,Wrist.L_z,Neck_x,Neck_y,Neck_z,Head_x,Head_y,Head_z,Nose_x,Nose_y,Nose_z,hip.Center_x,hip.Center_y,hip.Center_z
0,-0.074417815,-1.8010476,-1.218528,-0.11221002,-0.9317762,-0.5162915,-0.11221002,-0.024713,-0.40062517,0.26573777,-0.024713,-0.6003379,0.3035295,-0.9317762,-0.7534226,0.26573777,-1.8010476,-1.3505557,-0.3767674,0.013078967,-0.2869851,-0.4145596,0.58000046,-0.4555483,-0.30118346,1.1846998,-0.3409424,0.3413217,1.1469078,-0.65907407,0.41690564,0.58000046,-0.28615007,0.49250388,0.08866266,-0.026406378,0.020068899,1.1658038,-0.5410882,0.2090428,1.9594911,-0.6182779,0.11455609,1.5626475,-0.5592701,0.07676388,-0.024713,-0.49977884
