frame,Ankle.R_x,Ankle.R_y,Ankle.R_z,Knee.R_x,Knee.R_y,Knee.R_z,Hip.R_x,Hip.R_y,Hip.R_z,Hip.L_x,Hip.L_y,Hip.L_z,Knee.L_x,Knee.L_y,Knee.L_z,Ankle.L_x,Ankle.L_y,Ankle.L_z,Wrist.R_x,Wrist.R_y,Wrist.R_z,Elbow.R_x,Elbow.R_y,Elbow.R_z,Shoulder.R_x,Shoulder.R_y,Shoulder.R_z,Shoulder.L_x,Shoulder.L_y,Shoulder.L_z,Elbow.L_x,Elbow.L_y,Elbow.L_z,Wrist.L_x,Wrist.L_y,Wrist.L_z,Neck_x,Neck_y,Neck_z,Head_x,Head_y,Head_z,Nose_x,Nose_y,Nose_z,hip.Center_x,hip.Center_y,hip.Center_z
0,0.3595288,-1.928707,-0.793465,0.16807726,-0.9714507,-0.72084415,0.24464872,-0.014179336,-0.51689714,-0.09996054,-0.014179336,-0.47901762,-0.09996054,-1.0480222,-0.6739851,-0.02337382,-2.0052936,-0.660871,0.2829421,0.10068573,-1.0726051,0.43611506,0.52188146,-0.95144105,0.32123545,1.1345434,-0.62665313,-0.21482489,1.1345434,-0.4638187,-0.32970497,0.48360312,-0.57579345,-0.48286268,-0.09076582,-0.78432286,0.053205274,1.1345434,-0.5432736,-0.7126148,1.823762,-0.5468142,-0.32970497,1.4791528,-0.6809356,0.07234409,-0.014179336,-0.49853176
