frame,Ankle.R_x,Ankle.R_y,Ankle.R_z,Knee.R_x,Knee.R_y,Knee.R_z,Hip.R_x,Hip.R_y,Hip.R_z,Hip.L_x,Hip.L_y,Hip.L_z,Knee.L_x,Knee.L_y,Knee.L_z,Ankle.L_x,Ankle.L_y,Ankle.L_z,Wrist.R_x,Wrist.R_y,Wrist.R_z,Elbow.R_x,Elbow.R_y,Elbow.R_z,Shoulder.R_x,Shoulder.R_y,Shoulder.R_z,Shoulder.L_x,Shoulder.L_y,Shoulder.L_z,Elbow.L_x,Elbow.L_y,Elbow.L_z,Wrist.L_x,Wrist.L_y,Wrist.L_z,Neck_x,Neck_y,Neck_z,Head_x,Head_y,Head_z,Nose_x,Nose_y,Nose_z,hip.Center_x,hip.Center_y,hip.Center_z
0,-0.17445123,-1.8738652,-0.9600031,-0.13662755,-1.0038298,-0.3278268,-0.09880387,-0.02032268,-0.4406946,0.24163973,-0.02032268,-0.5636715,0.24163973,-0.9660059,-0.4327524,0.20381606,-1.8738652,-1.1771238,-0.13662755,0.017515779,-0.21641544,-0.4014238,0.5849167,-0.327358,-0.25011384,1.1901712,-0.3678928,0.24163973,1.1901712,-0.69753253,0.2794782,0.54709303,-0.62413573,0.43078768,0.055339694,-0.31428498,-0.004237525,1.1901712,-0.5597125,0.48751652,2.0223532,-0.73470724,0.24163973,1.6062623,-0.6287,0.071417935,-0.02032268,-0.49917093
