frame,Ankle.R_x,Ankle.R_y,Ankle.R_z,Knee.R_x,Knee.R_y,Knee.R_z,Hip.R_x,Hip.R_y,Hip.R_z,Hip.L_x,Hip.L_y,Hip.L_z,Knee.L_x,Knee.L_y,Knee.L_z,Ankle.L_x,Ankle.L_y,Ankle.L_z,Wrist.R_x,Wrist.R_y,Wrist.R_z,Elbow.R_x,Elbow.R_y,Elbow.R_z,Shoulder.R_x,Shoulder.R_y,Shoulder.R_z,Shoulder.L_x,Shoulder.L_y,Shoulder.L_z,Elbow.L_x,Elbow.L_y,Elbow.L_z,Wrist.L_x,Wrist.L_y,Wrist.L_z,Neck_x,Neck_y,Neck_z,Head_x,Head_y,Head_z,Nose_x,Nose_y,Nose_z,hip.Center_x,hip.Center_y,hip.Center_z
0,-0.10932073,-1.7092907,-1.7491193,-0.21805677,-0.91194606,-0.90821147,-0.14556608,-0.005865071,-0.5680405,0.28935185,-0.042110417,-0.4361778,0.2531065,-0.9844372,-0.74877894,0.2531065,-1.8180273,-1.3719299,-0.32677945,0.10287145,0.13942844,-0.2905341,0.6465256,-0.2688347,-0.1818119,1.1539205,-0.50195014,0.50681055,1.1539205,-0.62489593,0.61554706,0.5377891,-0.49686217,0.57930124,-0.005865071,-0.2603781,0.16249982,1.1539205,-0.6280705,0.19875899,1.8788022,-0.7855323,0.18062916,1.5163614,-0.62987876,0.07189265,-0.023987744,-0.49573588
