frame,Ankle.R_x,Ankle.R_y,Ankle.R_z,Knee.R_x,Knee.R_y,Knee.R_z,Hip.R_x,Hip.R_y,Hip.R_z,Hip.L_x,Hip.L_y,Hip.L_z,Knee.L_x,Knee.L_y,Knee.L_z,Ankle.L_x,Ankle.L_y,Ankle.L_z,Wrist.R_x,Wrist.R_y,Wrist.R_z,Elbow.R_x,Elbow.R_y,Elbow.R_z,Shoulder.R_x,Shoulder.R_y,Shoulder.R_z,Shoulder.L_x,Shoulder.L_y,Shoulder.L_z,Elbow.L_x,Elbow.L_y,Elbow.L_z,Wrist.L_x,Wrist.L_y,Wrist.L_z,Neck_x,Neck_y,Neck_z,Head_x,Head_y,Head_z,Nose_x,Nose_y,Nose_z,hip.Center_x,hip.Center_y,hip.Center_z
0,0.005674761,-1.7941096,-1.2398822,-0.107256964,-0.9283016,-0.6093985,-0.14490564,-0.024844864,-0.3923687,0.2691883,-0.024844864,-0.60271996,0.38212004,-0.89066696,-0.77756596,0.34447137,-1.7564747,-1.3655307,-0.44605312,0.012789985,-0.28225756,-0.44605312,0.5774505,-0.48178935,-0.3331209,1.1421108,-0.3487051,0.34447137,1.1421108,-0.6606474,0.45740357,0.5774505,-0.28424683,0.49505177,0.050438665,-0.029646516,0.005674761,1.1421108,-0.549863,0.0809726,1.9702702,-0.63581353,0.043323915,1.5561905,-0.57330453,0.062140863,-0.024844864,-0.49888062
