frame,Ankle.R_x,Ankle.R_y,Ankle.R_z,Knee.R_x,Knee.R_y,Knee.R_z,Hip.R_x,Hip.R_y,Hip.R_z,Hip.L_x,Hip.L_y,Hip.L_z,Knee.L_x,Knee.L_y,Knee.L_z,Ankle.L_x,Ankle.L_y,Ankle.L_z,Wrist.R_x,Wrist.R_y,Wrist.R_z,Elbow.R_x,Elbow.R_y,Elbow.R_z,Shoulder.R_x,Shoulder.R_y,Shoulder.R_z,Shoulder.L_x,Shoulder.L_y,Shoulder.L_z,Elbow.L_x,Elbow.L_y,Elbow.L_z,Wrist.L_x,Wrist.L_y,Wrist.L_z,Neck_x,Neck_y,Neck_z,Head_x,Head_y,Head_z,Nose_x,Nose_y,Nose_z,hip.Center_x,hip.Center_y,hip.Center_z
0,-0.08565357,-1.6980678,-1.5277178,-0.15458277,-0.9053222,-0.8002604,-0.15458277,-0.009176144,-0.51396006,0.29349062,-0.043633826,-0.4874935,0.2590191,-0.9397801,-0.7345766,0.2590191,-1.732526,-1.4382875,-0.32692555,0.12869583,0.050815105,-0.2924545,0.6457118,-0.32429683,-0.15458277,1.1627139,-0.46562275,0.5002916,1.1282425,-0.6374605,0.6036918,0.576769,-0.45816243,0.63816285,0.025295367,-0.24878079,0.17285463,1.1454782,-0.61733854,0.20732567,1.9382378,-0.7577191,0.19009039,1.5418581,-0.64620984,0.069453925,-0.026404748,-0.49677786
