frame,Ankle.R_x,Ankle.R_y,Ankle.R_z,Knee.R_x,Knee.R_y,Knee.R_z,Hip.R_x,Hip.R_y,Hip.R_z,Hip.L_x,Hip.L_y,Hip.L_z,Knee.L_x,Knee.L_y,Knee.L_z,Ankle.L_x,Ankle.L_y,Ankle.L_z,Wrist.R_x,Wrist.R_y,Wrist.R_z,Elbow.R_x,Elbow.R_y,Elbow.R_z,Shoulder.R_x,Shoulder.R_y,Shoulder.R_z,Shoulder.L_x,Shoulder.L_y,Shoulder.L_z,Elbow.L_x,Elbow.L_y,Elbow.L_z,Wrist.L_x,Wrist.L_y,Wrist.L_z,Neck_x,Neck_y,Neck_z,Head_x,Head_y,Head_z,Nose_x,Nose_y,Nose_z,hip.Center_x,hip.Center_y,hip.Center_z
0,0.14992556,-2.0941947,-0.19721934,0.26033053,-1.1005028,-0.56167275,0.33394417,-0.033227988,-0.50244635,-0.1444985,0.0035788324,-0.502967,-0.3653237,-0.40125018,-1.2443368,-0.25490347,-0.95329076,-1.1714836,0.66517484,-0.033227988,-1.2395295,0.66517484,0.5556194,-0.9377693,0.5179471,1.2180808,-0.47229278,-0.25490347,1.2548877,-0.4926542,-0.3653237,0.5556194,-0.6953248,-0.43892255,0.040385656,-1.0869362,0.13152203,1.2364842,-0.54157835,-0.27332225,1.9357214,-0.45306212,-0.070900105,1.5861028,-0.7601948,0.09472308,-0.014824698,-0.498688
