frame,Ankle.R_x,Ankle.R_y,Ankle.R_z,Knee.R_x,Knee.R_y,Knee.R_z,Hip.R_x,Hip.R_y,Hip.R_z,Hip.L_x,Hip.L_y,Hip.L_z,Knee.L_x,Knee.L_y,Knee.L_z,Ankle.L_x,Ankle.L_y,Ankle.L_z,Wrist.R_x,Wrist.R_y,Wrist.R_z,Elbow.R_x,Elbow.R_y,Elbow.R_z,Shoulder.R_x,Shoulder.R_y,Shoulder.R_z,Shoulder.L_x,Shoulder.L_y,Shoulder.L_z,Elbow.L_x,Elbow.L_y,Elbow.L_z,Wrist.L_x,Wrist.L_y,Wrist.L_z,Neck_x,Neck_y,Neck_z,Head_x,Head_y,Head_z,Nose_x,Nose_y,Nose_z,hip.Center_x,hip.Center_y,hip.Center_z
0,0.15098791,-2.1632476,-0.3593674,0.26633006,-1.0866383,-0.6921278,0.34324104,-0.048476856,-0.539273,-0.15662403,0.028417904,-0.45795432,-0.42577237,-0.12538783,-1.0965078,-0.34887713,-0.7021317,-1.5318114,0.68928367,-0.048476856,-1.2420235,0.72774774,0.56673056,-0.95375246,0.5739415,1.2203856,-0.5276668,-0.23351927,1.2203856,-0.54960066,-0.34887713,0.52828294,-0.7183363,-0.541115,-0.010029475,-1.0584826,0.17021112,1.2203856,-0.5935477,-0.3296377,1.9893988,-0.5397085,-0.07971306,1.6048921,-0.8743557,0.093308255,-0.010029475,-0.4974437
