frame,Ankle.R_x,Ankle.R_y,Ankle.R_z,Knee.R_x,Knee.R_y,Knee.R_z,Hip.R_x,Hip.R_y,Hip.R_z,Hip.L_x,Hip.L_y,Hip.L_z,Knee.L_x,Knee.L_y,Knee.L_z,Ankle.L_x,Ankle.L_y,Ankle.L_z,Wrist.R_x,Wrist.R_y,Wrist.R_z,Elbow.R_x,Elbow.R_y,Elbow.R_z,Shoulder.R_x,Shoulder.R_y,Shoulder.R_z,Shoulder.L_x,Shoulder.L_y,Shoulder.L_z,Elbow.L_x,Elbow.L_y,Elbow.L_z,Wrist.L_x,Wrist.L_y,Wrist.L_z,Neck_x,Neck_y,Neck_z,Head_x,Head_y,Head_z,Nose_x,Nose_y,Nose_z,hip.Center_x,hip.Center_y,hip.Center_z
0,0.06825628,-1.7361205,-0.028366625,0.18729392,-1.1408842,-0.063278675,0.1192769,-0.01845951,-0.34539393,0.017235659,-0.01845951,-0.6565696,0.32334414,-1.0728514,-0.8175397,0.1192769,-1.6851003,-0.785238,0.32334414,-0.01845951,-0.5651106,0.017235659,0.6277979,-0.4031557,0.1192769,1.3080637,-0.31558996,-0.1528388,1.3080637,-0.64348817,-0.28888902,0.6618064,-0.7217976,-0.18684778,0.117606446,-0.5630106,-0.01678095,1.3080637,-0.4812293,0.86755216,1.8522638,-0.56518066,0.4253854,1.5801638,-0.5929065,0.06825628,-0.01845951,-0.5010816
