frame,Ankle.R_x,Ankle.R_y,Ankle.R_z,Knee.R_x,Knee.R_y,Knee.R_z,Hip.R_x,Hip.R_y,Hip.R_z,Hip.L_x,Hip.L_y,Hip.L_z,Knee.L_x,Knee.L_y,Knee.L_z,Ankle.L_x,Ankle.L_y,Ankle.L_z,Wrist.R_x,Wrist.R_y,Wrist.R_z,Elbow.R_x,Elbow.R_y,Elbow.R_z,Shoulder.R_x,Shoulder.R_y,Shoulder.R_z,Shoulder.L_x,Shoulder.L_y,Shoulder.L_z,Elbow.L_x,Elbow.L_y,Elbow.L_z,Wrist.L_x,Wrist.L_y,Wrist.L_z,Neck_x,Neck_y,Neck_z,Head_x,Head_y,Head_z,Nose_x,Nose_y,Nose_z,hip.Center_x,hip.Center_y,hip.Center_z
0,0.01744268,-1.6555656,-1.672554,-0.23618749,-0.93091476,-0.78928983,-0.12749913,-0.025097735,-0.6427895,0.27107236,-0.025097735,-0.36767536,0.27107236,-0.96713984,-0.597502,0.23483369,-1.8004926,-1.1186926,-0.34489015,0.119843595,0.10175133,-0.27242616,0.62710345,-0.33364493,-0.19996265,1.1705881,-0.5384889,0.48846337,1.1705881,-0.553812,0.5609269,0.55462563,-0.43751255,0.5247021,-0.025097735,-0.3136849,0.14425036,1.1705881,-0.59518766,0.1080117,1.9677025,-0.7783903,0.12613103,1.5691453,-0.65261555,0.07178638,-0.025097735,-0.49516043
