frame,Ankle.R_x,Ankle.R_y,Ankle.R_z,Knee.R_x,Knee.R_y,Knee.R_z,Hip.R_x,Hip.R_y,Hip.R_z,Hip.L_x,Hip.L_y,Hip.L_z,Knee.L_x,Knee.L_y,Knee.L_z,Ankle.L_x,Ankle.L_y,Ankle.L_z,Wrist.R_x,Wrist.R_y,Wrist.R_z,Elbow.R_x,Elbow.R_y,Elbow.R_z,Shoulder.R_x,Shoulder.R_y,Shoulder.R_z,Shoulder.L_x,Shoulder.L_y,Shoulder.L_z,Elbow.L_x,Elbow.L_y,Elbow.L_z,Wrist.L_x,Wrist.L_y,Wrist.L_z,Neck_x,Neck_y,Neck_z,Head_x,Head_y,Head_z,Nose_x,Nose_y,Nose_z,hip.Center_x,hip.Center_y,hip.Center_z
0,-0.27919424,-1.3714656,-0.9533785,-0.39101064,-0.43977457,-0.5023957,-0.13012637,0.044712,-0.7111815,0.3170935,-0.06708891,-0.29927254,0.24254428,-1.1105963,-0.65320307,0.16800986,-2.0795543,-1.1476414,-0.39101064,-0.029821938,0.01913786,-0.27919424,0.5291988,-0.40090278,-0.13012637,1.1627535,-0.6242058,0.65249693,1.1254865,-0.31620893,0.68976414,0.45466465,-0.163246,0.65249693,-0.14162308,-0.04098779,0.2611853,1.14412,-0.49828178,0.29846776,2.0012925,-0.5329133,0.27982628,1.5727062,-0.39264122,0.09348355,-0.011188334,-0.49491766
