frame,Ankle.R_x,Ankle.R_y,Ankle.R_z,Knee.R_x,Knee.R_y,Knee.R_z,Hip.R_x,Hip.R_y,Hip.R_z,Hip.L_x,Hip.L_y,Hip.L_z,Knee.L_x,Knee.L_y,Knee.L_z,Ankle.L_x,Ankle.L_y,Ankle.L_z,Wrist.R_x,Wrist.R_y,Wrist.R_z,Elbow.R_x,Elbow.R_y,Elbow.R_z,Shoulder.R_x,Shoulder.R_y,Shoulder.R_z,Shoulder.L_x,Shoulder.L_y,Shoulder.L_z,Elbow.L_x,Elbow.L_y,Elbow.L_z,Wrist.L_x,Wrist.L_y,Wrist.L_z,Neck_x,Neck_y,Neck_z,Head_x,Head_y,Head_z,Nose_x,Nose_y,Nose_z,hip.Center_x,hip.Center_y,hip.Center_z
0,0.16328946,-1.8067305,-0.5456091,0.23396388,-0.92331624,-0.6249016,0.26930133,-0.039887927,-0.29285327,-0.119393446,-0.004550481,-0.71454877,-0.048719503,-0.8526418,-1.3191497,-0.084056474,-1.7007191,-0.8981778,0.7993578,-0.004550481,-1.1673591,0.58733547,0.5254924,-0.741179,0.4813241,1.1262239,-0.37050498,-0.15473089,1.161561,-0.6863365,-0.3314167,0.63150406,-0.8743782,-0.29607925,0.10146067,-1.1866814,0.16329661,1.1438925,-0.53502417,0.65800273,1.8859723,-0.5104859,0.4106492,1.5149325,-0.6177982,0.07495346,-0.022219205,-0.5001503
