frame,Ankle.R_x,Ankle.R_y,Ankle.R_z,Knee.R_x,Knee.R_y,Knee.R_z,Hip.R_x,Hip.R_y,Hip.R_z,Hip.L_x,Hip.L_y,Hip.L_z,Knee.L_x,Knee.L_y,Knee.L_z,Ankle.L_x,Ankle.L_y,Ankle.L_z,Wrist.R_x,Wrist.R_y,Wrist.R_z,Elbow.R_x,Elbow.R_y,Elbow.R_z,Shoulder.R_x,Shoulder.R_y,Shoulder.R_z,Shoulder.L_x,Shoulder.L_y,Shoulder.L_z,Elbow.L_x,Elbow.L_y,Elbow.L_z,Wrist.L_x,Wrist.L_y,Wrist.L_z,Neck_x,Neck_y,Neck_z,Head_x,Head_y,Head_z,Nose_x,Nose_y,Nose_z,hip.Center_x,hip.Center_y,hip.Center_z
0,0.5936619,-0.9988505,-0.47539183,1.2814237,0.053021725,-0.43815595,0.06773577,-0.027895872,-0.13427177,0.10819445,0.012562808,-0.8896934,-0.013182543,-1.2820432,-0.9651339,0.83639634,-1.1606667,-1.156717,0.06773577,0.09348041,-0.23103568,-0.37729254,0.74076444,-0.08289057,-0.13455859,1.4689852,-0.34456563,0.027276613,1.4689852,-1.2290931,-0.21545735,0.61940724,-0.74330425,0.18909273,0.09348041,-0.63372576,-0.053641222,1.4689852,-0.8896303,0.8364154,2.0353706,-0.8116718,0.39138708,1.7521781,-0.5673203,0.08796463,-0.00766677,-0.49917156
