frame,Ankle.R_x,Ankle.R_y,Ankle.R_z,Knee.R_x,Knee.R_y,Knee.R_z,Hip.R_x,Hip.R_y,Hip.R_z,Hip.L_x,Hip.L_y,Hip.L_z,Knee.L_x,Knee.L_y,Knee.L_z,Ankle.L_x,Ankle.L_y,Ankle.L_z,Wrist.R_x,Wrist.R_y,Wrist.R_z,Elbow.R_x,Elbow.R_y,Elbow.R_z,Shoulder.R_x,Shoulder.R_y,Shoulder.R_z,Shoulder.L_x,Shoulder.L_y,Shoulder.L_z,Elbow.L_x,Elbow.L_y,Elbow.L_z,Wrist.L_x,Wrist.L_y,Wrist.L_z,Neck_x,Neck_y,Neck_z,Head_x,Head_y,Head_z,Nose_x,Nose_y,Nose_z,hip.Center_x,hip.Center_y,hip.Center_z
0,-0.37802976,-1.9066192,-0.8241793,-0.13744207,-0.9843856,-0.22413653,-0.05725141,-0.022049332,-0.49607614,0.22343926,-0.022049332,-0.507177,0.1833363,-0.9843856,-0.19346198,0.1432486,-1.9066192,-0.9833893,-0.09733911,-0.022049332,-0.38650307,-0.29782385,0.57942045,-0.33109298,-0.17753024,1.2610811,-0.42629874,0.1432486,1.220978,-0.675002,0.1432486,0.5393175,-0.73589814,0.34373337,0.058156826,-0.3523739,-0.01714082,1.2410295,-0.5522435,0.6244021,2.0028658,-0.7278997,0.3036304,1.6219476,-0.6287835,0.083094165,-0.022049332,-0.5018638
