frame,Ankle.R_x,Ankle.R_y,Ankle.R_z,Knee.R_x,Knee.R_y,Knee.R_z,Hip.R_x,Hip.R_y,Hip.R_z,Hip.L_x,Hip.L_y,Hip.L_z,Knee.L_x,Knee.L_y,Knee.L_z,Ankle.L_x,Ankle.L_y,Ankle.L_z,Wrist.R_x,Wrist.R_y,Wrist.R_z,Elbow.R_x,Elbow.R_y,Elbow.R_z,Shoulder.R_x,Shoulder.R_y,Shoulder.R_z,Shoulder.L_x,Shoulder.L_y,Shoulder.L_z,Elbow.L_x,Elbow.L_y,Elbow.L_z,Wrist.L_x,Wrist.L_y,Wrist.L_z,Neck_x,Neck_y,Neck_z,Head_x,Head_y,Head_z,Nose_x,Nose_y,Nose_z,hip.Center_x,hip.Center_y,hip.Center_z
0,-0.10760712,-1.7147176,-1.6505013,-0.17877746,-0.89619094,-0.88218576,-0.14319205,-0.006480491,-0.5200751,0.28387046,-0.042065658,-0.48018587,0.24828553,-0.96736103,-0.8307605,0.24828553,-1.7859018,-1.4901047,-0.3567164,0.10028859,0.06751692,-0.28554654,0.6341203,-0.29709214,-0.17877746,1.1679385,-0.4744218,0.4973948,1.1323533,-0.6348287,0.6041639,0.5273513,-0.45722398,0.6397493,-0.006480491,-0.23041481,0.15930867,1.150146,-0.6177379,0.26606393,1.897516,-0.7472883,0.2126863,1.523831,-0.63315034,0.07033897,-0.024273193,-0.49672118
