frame,Ankle.R_x,Ankle.R_y,Ankle.R_z,Knee.R_x,Knee.R_y,Knee.R_z,Hip.R_x,Hip.R_y,Hip.R_z,Hip.L_x,Hip.L_y,Hip.L_z,Knee.L_x,Knee.L_y,Knee.L_z,Ankle.L_x,Ankle.L_y,Ankle.L_z,Wrist.R_x,Wrist.R_y,Wrist.R_z,Elbow.R_x,Elbow.R_y,Elbow.R_z,Shoulder.R_x,Shoulder.R_y,Shoulder.R_z,Shoulder.L_x,Shoulder.L_y,Shoulder.L_z,Elbow.L_x,Elbow.L_y,Elbow.L_z,Wrist.L_x,Wrist.L_y,Wrist.L_z,Neck_x,Neck_y,Neck_z,Head_x,Head_y,Head_z,Nose_x,Nose_y,Nose_z,hip.Center_x,hip.Center_y,hip.Center_z
0,0.0075047463,-1.7022612,-0.98992234,-0.06533404,-0.9010611,-0.42408383,-0.17458554,-0.063419856,-0.4116283,0.26243383,0.009418927,-0.586895,0.3352731,-0.86463434,-0.81164294,0.37168533,-1.665849,-1.4046836,-0.61161965,0.045831405,-0.3180858,-0.5387804,0.5556902,-0.50769967,-0.42951506,1.1019753,-0.37748843,0.26243383,1.1748142,-0.5698558,0.40811187,0.66495556,-0.11108431,0.4445246,0.11867043,0.19190758,-0.08354063,1.1383947,-0.50845397,-0.11995287,1.9395953,-0.5487379,-0.10174675,1.538995,-0.5216146,0.043924138,-0.027000464,-0.50004977
