frame,Ankle.R_x,Ankle.R_y,Ankle.R_z,Knee.R_x,Knee.R_y,Knee.R_z,Hip.R_x,Hip.R_y,Hip.R_z,Hip.L_x,Hip.L_y,Hip.L_z,Knee.L_x,Knee.L_y,Knee.L_z,Ankle.L_x,Ankle.L_y,Ankle.L_z,Wrist.R_x,Wrist.R_y,Wrist.R_z,Elbow.R_x,Elbow.R_y,Elbow.R_z,Shoulder.R_x,Shoulder.R_y,Shoulder.R_z,Shoulder.L_x,Shoulder.L_y,Shoulder.L_z,Elbow.L_x,Elbow.L_y,Elbow.L_z,Wrist.L_x,Wrist.L_y,Wrist.L_z,Neck_x,Neck_y,Neck_z,Head_x,Head_y,Head_z,Nose_x,Nose_y,Nose_z,hip.Center_x,hip.Center_y,hip.Center_z
0,0.03636064,-1.9327774,-0.308858,-0.085828885,-0.99600816,-0.15477687,-0.16728793,-0.059238914,-0.31157166,0.28073922,0.022220846,-0.67392814,0.40292826,-0.7516296,-0.7042392,0.40292826,-1.484765,-1.3721325,-0.452396,-0.059238914,-0.31217963,-0.493126,0.51097775,-0.41620776,-0.37093648,1.1219238,-0.21760765,0.36219874,1.1626536,-0.60706645,0.4843878,0.592437,-0.07122648,0.5658473,0.022220846,0.23858023,-0.0043688826,1.1422887,-0.42323416,-0.085828885,1.9976132,-0.48482108,-0.045098882,1.5699509,-0.4865438,0.05672588,-0.018509153,-0.50149214
