frame,Ankle.R_x,Ankle.R_y,Ankle.R_z,Knee.R_x,Knee.R_y,Knee.R_z,Hip.R_x,Hip.R_y,Hip.R_z,Hip.L_x,Hip.L_y,Hip.L_z,Knee.L_x,Knee.L_y,Knee.L_z,Ankle.L_x,Ankle.L_y,Ankle.L_z,Wrist.R_x,Wrist.R_y,Wrist.R_z,Elbow.R_x,Elbow.R_y,Elbow.R_z,Shoulder.R_x,Shoulder.R_y,Shoulder.R_z,Shoulder.L_x,Shoulder.L_y,Shoulder.L_z,Elbow.L_x,Elbow.L_y,Elbow.L_z,Wrist.L_x,Wrist.L_y,Wrist.L_z,Neck_x,Neck_y,Neck_z,Head_x,Head_y,Head_z,Nose_x,Nose_y,Nose_z,hip.Center_x,hip.Center_y,hip.Center_z
0,0.4224213,-1.4187233,-1.4757162,0.49712452,-0.59697217,-0.9859183,0.310366,0.0006537754,-0.34705582,-0.17522016,-0.036697835,-0.65805537,-0.06315056,-0.93315214,-1.0294476,0.011553131,-1.9416616,-0.5069479,0.5718277,0.03800562,-1.073904,0.4597729,0.59829503,-0.7257036,0.310366,1.2332878,-0.39776278,-0.43668142,1.1585845,-0.6294396,-0.51138514,0.5235918,-0.87856406,-0.43668142,-0.036697835,-1.2313488,-0.063157715,1.1959362,-0.49948335,0.38507685,1.9429688,-0.40667734,0.16095957,1.5694525,-0.57827103,0.067572914,-0.018022029,-0.49890918
