frame,Ankle.R_x,Ankle.R_y,Ankle.R_z,Knee.R_x,Knee.R_y,Knee.R_z,Hip.R_x,Hip.R_y,Hip.R_z,Hip.L_x,Hip.L_y,Hip.L_z,Knee.L_x,Knee.L_y,Knee.L_z,Ankle.L_x,Ankle.L_y,Ankle.L_z,Wrist.R_x,Wrist.R_y,Wrist.R_z,Elbow.R_x,Elbow.R_y,Elbow.R_z,Shoulder.R_x,Shoulder.R_y,Shoulder.R_z,Shoulder.L_x,Shoulder.L_y,Shoulder.L_z,Elbow.L_x,Elbow.L_y,Elbow.L_z,Wrist.L_x,Wrist.L_y,Wrist.L_z,Neck_x,Neck_y,Neck_z,Head_x,Head_y,Head_z,Nose_x,Nose_y,Nose_z,hip.Center_x,hip.Center_y,hip.Center_z
0,0.018412571,-1.7404593,-1.0362313,-0.087589756,-0.9278313,-0.4084014,-0.15825798,-0.044521455,-0.46244192,0.26573703,-0.009187583,-0.54098094,0.30107114,-0.9278313,-0.7024058,0.33639142,-1.705139,-1.254703,-0.44091657,0.06146657,-0.12999782,-0.44091657,0.59144986,-0.39148813,-0.33491376,1.1567671,-0.39778173,0.37172553,1.1921011,-0.58650464,0.44239375,0.6267837,-0.20630187,0.47772786,0.06146657,0.02486837,0.018405419,1.1744341,-0.5396513,0.018419724,1.9163938,-0.6318265,0.018412571,1.545414,-0.5357555,0.05373953,-0.026854638,-0.4990057
