frame,Ankle.R_x,Ankle.R_y,Ankle.R_z,Knee.R_x,Knee.R_y,Knee.R_z,Hip.R_x,Hip.R_y,Hip.R_z,Hip.L_x,Hip.L_y,Hip.L_z,Knee.L_x,Knee.L_y,Knee.L_z,Ankle.L_x,Ankle.L_y,Ankle.L_z,Wrist.R_x,Wrist.R_y,Wrist.R_z,Elbow.R_x,Elbow.R_y,Elbow.R_z,Shoulder.R_x,Shoulder.R_y,Shoulder.R_z,Shoulder.L_x,Shoulder.L_y,Shoulder.L_z,Elbow.L_x,Elbow.L_y,Elbow.L_z,Wrist.L_x,Wrist.L_y,Wrist.L_z,Neck_x,Neck_y,Neck_z,Head_x,Head_y,Head_z,Nose_x,Nose_y,Nose_z,hip.Center_x,hip.Center_y,hip.Center_z
0,0.060859874,-1.9321953,-0.24632901,-0.23995905,-0.9437625,-0.31055254,-0.025083825,0.0016983412,-0.6160419,0.14681931,-0.04127351,-0.37257576,0.14681931,-1.0726782,-0.5633314,0.27573508,-2.104099,-0.7312528,-0.11104374,-0.04127351,-0.35056058,0.1897914,0.60335237,-0.48396015,0.14681931,1.333938,-0.7114806,0.1897914,1.2909662,-0.57703424,0.232763,0.5603805,-0.41454697,0.017888263,-0.12723342,-0.28923127,0.16830511,1.3124521,-0.65594435,-0.7341998,1.7851745,-0.7214547,-0.28294688,1.5488133,-0.7453834,0.06086798,-0.019787464,-0.49884778
