frame,Ankle.R_x,Ankle.R_y,Ankle.R_z,Knee.R_x,Knee.R_y,Knee.R_z,Hip.R_x,Hip.R_y,Hip.R_z,Hip.L_x,Hip.L_y,Hip.L_z,Knee.L_x,Knee.L_y,Knee.L_z,Ankle.L_x,Ankle.L_y,Ankle.L_z,Wrist.R_x,Wrist.R_y,Wrist.R_z,Elbow.R_x,Elbow.R_y,Elbow.R_z,Shoulder.R_x,Shoulder.R_y,Shoulder.R_z,Shoulder.L_x,Shoulder.L_y,Shoulder.L_z,Elbow.L_x,Elbow.L_y,Elbow.L_z,Wrist.L_x,Wrist.L_y,Wrist.L_z,Neck_x,Neck_y,Neck_z,Head_x,Head_y,Head_z,Nose_x,Nose_y,Nose_z,hip.Center_x,hip.Center_y,hip.Center_z
0,-0.29590967,-1.6460049,-1.2280269,-0.22478035,-0.8636553,-0.4498412,-0.118093766,-0.010176687,-0.46831304,0.30863878,-0.045734197,-0.53783673,0.23752329,-0.9347706,-0.6569779,0.1308367,-1.7171338,-1.3879838,-0.33146694,0.0965099,-0.0841496,-0.29590967,0.62994266,-0.40160498,-0.15366486,1.1989189,-0.4225604,0.5575692,1.1278038,-0.6259951,0.5931408,0.5588136,-0.3196008,0.5575692,0.02539465,-0.14413416,0.20195219,1.1633614,-0.58135056,0.20195219,2.0168538,-0.7140167,0.20195219,1.5901077,-0.6259174,0.095272265,-0.027955322,-0.49765906
