frame,Ankle.R_x,Ankle.R_y,Ankle.R_z,Knee.R_x,Knee.R_y,Knee.R_z,Hip.R_x,Hip.R_y,Hip.R_z,Hip.L_x,Hip.L_y,Hip.L_z,Knee.L_x,Knee.L_y,Knee.L_z,Ankle.L_x,Ankle.L_y,Ankle.L_z,Wrist.R_x,Wrist.R_y,Wrist.R_z,Elbow.R_x,Elbow.R_y,Elbow.R_z,Shoulder.R_x,Shoulder.R_y,Shoulder.R_z,Shoulder.L_x,Shoulder.L_y,Shoulder.L_z,Elbow.L_x,Elbow.L_y,Elbow.L_z,Wrist.L_x,Wrist.L_y,Wrist.L_z,Neck_x,Neck_y,Neck_z,Head_x,Head_y,Head_z,Nose_x,Nose_y,Nose_z,hip.Center_x,hip.Center_y,hip.Center_z
0,0.167392,-1.9690225,-0.48438925,0.08156417,-1.0249214,-0.54847854,-0.04718472,0.004991295,-0.60719705,0.167392,-0.037914276,-0.3877427,0.03864263,-1.0249214,-0.49561968,0.21029733,-2.011944,-0.42869365,-0.21883942,-0.037914276,-0.19418696,-0.17591788,0.5628772,-0.34129056,-0.13301207,1.2065747,-0.5067718,0.33904672,1.2494965,-0.6324916,0.42487407,0.605783,-0.36111367,0.29612517,-0.037914276,-0.2659255,0.10301708,1.2280356,-0.5838196,-0.45485282,1.871733,-0.6844311,-0.17591788,1.5498842,-0.6299032,0.060103163,-0.01646137,-0.49695805
