frame,Ankle.R_x,Ankle.R_y,Ankle.R_z,Knee.R_x,Knee.R_y,Knee.R_z,Hip.R_x,Hip.R_y,Hip.R_z,Hip.L_x,Hip.L_y,Hip.L_z,Knee.L_x,Knee.L_y,Knee.L_z,Ankle.L_x,Ankle.L_y,Ankle.L_z,Wrist.R_x,Wrist.R_y,Wrist.R_z,Elbow.R_x,Elbow.R_y,Elbow.R_z,Shoulder.R_x,Shoulder.R_y,Shoulder.R_z,Shoulder.L_x,Shoulder.L_y,Shoulder.L_z,Elbow.L_x,Elbow.L_y,Elbow.L_z,Wrist.L_x,Wrist.L_y,Wrist.L_z,Neck_x,Neck_y,Neck_z,Head_x,Head_y,Head_z,Nose_x,Nose_y,Nose_z,hip.Center_x,hip.Center_y,hip.Center_z
0,0.2428748,-1.5272288,-0.297114,0.9342596,-0.6629732,-0.119128585,0.113226116,-0.014793671,-0.2285138,0.07002038,-0.014793671,-0.7787045,0.026798427,-1.0951095,-0.84549,-0.102834046,-2.2186303,-0.7806948,0.07002038,0.07163378,-0.3610918,-0.3188942,0.71982974,-0.34348005,-0.102834046,1.3680093,-0.30871084,0.026798427,1.324804,-0.91449773,0.07002038,0.5901806,-0.87480164,0.19965333,0.11483904,-0.3417576,-0.038018048,1.3464066,-0.61750644,0.7830331,1.8217317,-0.5959075,0.37250727,1.5840691,-0.50958097,0.091623485,-0.014793671,-0.5000695
