frame,Ankle.R_x,Ankle.R_y,Ankle.R_z,Knee.R_x,Knee.R_y,Knee.R_z,Hip.R_x,Hip.R_y,Hip.R_z,Hip.L_x,Hip.L_y,Hip.L_z,Knee.L_x,Knee.L_y,Knee.L_z,Ankle.L_x,Ankle.L_y,Ankle.L_z,Wrist.R_x,Wrist.R_y,Wrist.R_z,Elbow.R_x,Elbow.R_y,Elbow.R_z,Shoulder.R_x,Shoulder.R_y,Shoulder.R_z,Shoulder.L_x,Shoulder.L_y,Shoulder.L_z,Elbow.L_x,Elbow.L_y,Elbow.L_z,Wrist.L_x,Wrist.L_y,Wrist.L_z,Neck_x,Neck_y,Neck_z,Head_x,Head_y,Head_z,Nose_x,Nose_y,Nose_z,hip.Center_x,hip.Center_y,hip.Center_z
0,0.06792279,-1.7991952,0.0109270215,0.18897697,-1.1593298,0.0030825734,0.11979409,-0.017966181,-0.38856304,0.016035281,-0.017966181,-0.61100024,0.43108627,-1.055571,-0.73457205,0.15438578,-1.7473077,-1.0024188,0.32732794,-0.052557617,-0.4604655,0.016035281,0.6391789,-0.4120893,0.11979409,1.296324,-0.38128883,-0.15689114,1.296324,-0.60842615,-0.22607401,0.6391789,-0.8416011,0.2581446,0.051201433,-0.79232305,-0.018548764,1.296324,-0.47342104,0.8807213,1.849726,-0.530353,0.43108627,1.573025,-0.55872893,0.06791421,-0.017966181,-0.50264585
