frame,Ankle.R_x,Ankle.R_y,Ankle.R_z,Knee.R_x,Knee.R_y,Knee.R_z,Hip.R_x,Hip.R_y,Hip.R_z,Hip.L_x,Hip.L_y,Hip.L_z,Knee.L_x,Knee.L_y,Knee.L_z,Ankle.L_x,Ankle.L_y,Ankle.L_z,Wrist.R_x,Wrist.R_y,Wrist.R_z,Elbow.R_x,Elbow.R_y,Elbow.R_z,Shoulder.R_x,Shoulder.R_y,Shoulder.R_z,Shoulder.L_x,Shoulder.L_y,Shoulder.L_z,Elbow.L_x,Elbow.L_y,Elbow.L_z,Wrist.L_x,Wrist.L_y,Wrist.L_z,Neck_x,Neck_y,Neck_z,Head_x,Head_y,Head_z,Nose_x,Nose_y,Nose_z,hip.Center_x,hip.Center_y,hip.Center_z
0,-0.107508406,-1.8240416,-0.6114969,0.052320734,-1.2024972,-0.38467476,0.016797796,-0.030436771,-0.5543967,0.15887333,0.005086167,-0.4503718,0.016797796,-1.1669738,-0.40918487,0.9757526,-1.2735264,-0.54933715,0.08784415,-0.065959945,-0.41311038,-0.23181365,0.64438415,-0.4649048,-0.054231867,1.3547112,-0.5005527,0.052320734,1.3902342,-0.54621017,-0.16078399,0.60886097,-0.7663754,0.12334992,0.076115355,-0.69915795,-0.0009558052,1.3724726,-0.4303692,0.8159239,1.905218,-0.5351994,0.4074843,1.6388454,-0.44366637,0.08783509,-0.012675302,-0.5005839
