frame,Ankle.R_x,Ankle.R_y,Ankle.R_z,Knee.R_x,Knee.R_y,Knee.R_z,Hip.R_x,Hip.R_y,Hip.R_z,Hip.L_x,Hip.L_y,Hip.L_z,Knee.L_x,Knee.L_y,Knee.L_z,Ankle.L_x,Ankle.L_y,Ankle.L_z,Wrist.R_x,Wrist.R_y,Wrist.R_z,Elbow.R_x,Elbow.R_y,Elbow.R_z,Shoulder.R_x,Shoulder.R_y,Shoulder.R_z,Shoulder.L_x,Shoulder.L_y,Shoulder.L_z,Elbow.L_x,Elbow.L_y,Elbow.L_z,Wrist.L_x,Wrist.L_y,Wrist.L_z,Neck_x,Neck_y,Neck_z,Head_x,Head_y,Head_z,Nose_x,Nose_y,Nose_z,hip.Center_x,hip.Center_y,hip.Center_z
0,0.17695358,-2.4831028,-0.036390543,0.04168108,-1.265597,-0.40349203,0.04168108,-0.003012721,-0.74696237,0.08677843,-0.003012721,-0.24414727,-0.90526175,-0.18338186,-0.82375515,-0.31905672,-1.2205001,-0.77964437,-0.13868782,-0.13828498,-0.74038225,0.04168108,0.5381133,-0.6383319,-0.04849407,1.304687,-0.6908818,0.26714733,1.3497839,-0.37751007,0.40241984,0.6282887,0.035922647,0.26714733,-0.18338186,-0.0076954365,0.10932663,1.3272355,-0.6040896,-0.74744105,1.7330707,-0.6810708,-0.31905672,1.530153,-0.7763959,0.06422976,-0.003012721,-0.49903136
