frame,Ankle.R_x,Ankle.R_y,Ankle.R_z,Knee.R_x,Knee.R_y,Knee.R_z,Hip.R_x,Hip.R_y,Hip.R_z,Hip.L_x,Hip.L_y,Hip.L_z,Knee.L_x,Knee.L_y,Knee.L_z,Ankle.L_x,Ankle.L_y,Ankle.L_z,Wrist.R_x,Wrist.R_y,Wrist.R_z,Elbow.R_x,Elbow.R_y,Elbow.R_z,Shoulder.R_x,Shoulder.R_y,Shoulder.R_z,Shoulder.L_x,Shoulder.L_y,Shoulder.L_z,Elbow.L_x,Elbow.L_y,Elbow.L_z,Wrist.L_x,Wrist.L_y,Wrist.L_z,Neck_x,Neck_y,Neck_z,Head_x,Head_y,Head_z,Nose_x,Nose_y,Nose_z,hip.Center_x,hip.Center_y,hip.Center_z
0,-0.39161438,-1.8917339,-0.8019189,-0.11314291,-1.0165167,-0.24586761,-0.033570707,-0.021956252,-0.46863118,0.20511538,-0.021956252,-0.5352627,0.1653443,-0.97674567,-0.33378187,0.12555844,-1.8917339,-1.041597,-0.07335657,-0.021956252,-0.50563043,-0.31204313,0.61456007,-0.3602693,-0.15291399,1.2510763,-0.42505574,0.12555844,1.2112902,-0.68462265,0.12555844,0.53498787,-0.7685136,0.32447392,0.057600692,-0.34953138,-0.013677537,1.2311833,-0.5561558,0.6626249,2.0665996,-0.7172056,0.32447392,1.6488916,-0.6524713,0.085772574,-0.021956252,-0.5017932
