frame,Ankle.R_x,Ankle.R_y,Ankle.R_z,Knee.R_x,Knee.R_y,Knee.R_z,Hip.R_x,Hip.R_y,Hip.R_z,Hip.L_x,Hip.L_y,Hip.L_z,Knee.L_x,Knee.L_y,Knee.L_z,Ankle.L_x,Ankle.L_y,Ankle.L_z,Wrist.R_x,Wrist.R_y,Wrist.R_z,Elbow.R_x,Elbow.R_y,Elbow.R_z,Shoulder.R_x,Shoulder.R_y,Shoulder.R_z,Shoulder.L_x,Shoulder.L_y,Shoulder.L_z,Elbow.L_x,Elbow.L_y,Elbow.L_z,Wrist.L_x,Wrist.L_y,Wrist.L_z,Neck_x,Neck_y,Neck_z,Head_x,Head_y,Head_z,Nose_x,Nose_y,Nose_z,hip.Center_x,hip.Center_y,hip.Center_z
0,0.11443529,-1.9312818,-0.3434136,0.11443529,-0.9713475,-0.37883282,0.27441892,-0.01141328,-0.45478007,-0.08554878,-0.01141328,-0.5403717,-0.24554768,-1.051347,-0.77396846,-0.32553235,-2.051266,-0.9664486,0.31441888,0.028571423,-1.1483163,0.5144025,0.46855408,-0.91084397,0.35441884,1.108505,-0.54706734,-0.08554878,1.1884896,-0.4037953,-0.16554824,0.50853854,-0.48183182,-0.4055318,0.028571423,-0.7780436,0.13443479,1.1484973,-0.48240757,-0.54553115,1.868448,-0.51518035,-0.2055482,1.5084726,-0.6468352,0.09443531,-0.01141328,-0.49805066
