frame,Ankle.R_x,Ankle.R_y,Ankle.R_z,Knee.R_x,Knee.R_y,Knee.R_z,Hip.R_x,Hip.R_y,Hip.R_z,Hip.L_x,Hip.L_y,Hip.L_z,Knee.L_x,Knee.L_y,Knee.L_z,Ankle.L_x,Ankle.L_y,Ankle.L_z,Wrist.R_x,Wrist.R_y,Wrist.R_z,Elbow.R_x,Elbow.R_y,Elbow.R_z,Shoulder.R_x,Shoulder.R_y,Shoulder.R_z,Shoulder.L_x,Shoulder.L_y,Shoulder.L_z,Elbow.L_x,Elbow.L_y,Elbow.L_z,Wrist.L_x,Wrist.L_y,Wrist.L_z,Neck_x,Neck_y,Neck_z,Head_x,Head_y,Head_z,Nose_x,Nose_y,Nose_z,hip.Center_x,hip.Center_y,hip.Center_z
0,-0.08521376,-2.0957334,-0.62227815,0.045798205,-1.2160251,-0.43959165,0.008370779,-0.055562276,-0.38332817,0.15811339,0.019308787,-0.59489155,0.8693656,-0.5796447,-0.44706804,0.3078393,-1.4780662,-0.71606576,0.045798205,-0.055562276,-0.7093399,-0.21624288,0.61826205,-0.1427376,-0.066500284,1.366958,-0.21803778,0.008370779,1.366958,-0.79855925,-0.10392723,0.6556895,-1.0230188,0.15811339,0.056752663,-0.66799986,-0.029064275,1.366958,-0.48540357,0.7196311,1.8910402,-0.48731256,0.34528342,1.6289991,-0.65304977,0.08324232,-0.018126745,-0.5053438
