frame,Ankle.R_x,Ankle.R_y,Ankle.R_z,Knee.R_x,Knee.R_y,Knee.R_z,Hip.R_x,Hip.R_y,Hip.R_z,Hip.L_x,Hip.L_y,Hip.L_z,Knee.L_x,Knee.L_y,Knee.L_z,Ankle.L_x,Ankle.L_y,Ankle.L_z,Wrist.R_x,Wrist.R_y,Wrist.R_z,Elbow.R_x,Elbow.R_y,Elbow.R_z,Shoulder.R_x,Shoulder.R_y,Shoulder.R_z,Shoulder.L_x,Shoulder.L_y,Shoulder.L_z,Elbow.L_x,Elbow.L_y,Elbow.L_z,Wrist.L_x,Wrist.L_y,Wrist.L_z,Neck_x,Neck_y,Neck_z,Head_x,Head_y,Head_z,Nose_x,Nose_y,Nose_z,hip.Center_x,hip.Center_y,hip.Center_z
0,0.458664,-1.919766,-0.4817885,0.38326555,-0.9396259,-0.52815443,0.2701674,0.0028298367,-0.39140287,-0.14451118,-0.034869626,-0.6045752,-0.10681148,-0.97732514,-1.0661117,-0.031413034,-1.882081,-0.9380489,0.4963637,0.040529057,-1.2143141,0.5340629,0.53060657,-0.8661117,0.38326555,1.1337821,-0.47938943,-0.33299392,1.0960827,-0.5293623,-0.40839237,0.45520788,-0.7472662,-0.4460916,-0.034869626,-1.08113,0.025136039,1.1149324,-0.5019735,-0.3895573,1.8311917,-0.44939265,-0.1822104,1.473062,-0.6441424,0.06282811,-0.016020013,-0.5001654
