frame,Ankle.R_x,Ankle.R_y,Ankle.R_z,Knee.R_x,Knee.R_y,Knee.R_z,Hip.R_x,Hip.R_y,Hip.R_z,Hip.L_x,Hip.L_y,Hip.L_z,Knee.L_x,Knee.L_y,Knee.L_z,Ankle.L_x,Ankle.L_y,Ankle.L_z,Wrist.R_x,Wrist.R_y,Wrist.R_z,Elbow.R_x,Elbow.R_y,Elbow.R_z,Shoulder.R_x,Shoulder.R_y,Shoulder.R_z,Shoulder.L_x,Shoulder.L_y,Shoulder.L_z,Elbow.L_x,Elbow.L_y,Elbow.L_z,Wrist.L_x,Wrist.L_y,Wrist.L_z,Neck_x,Neck_y,Neck_z,Head_x,Head_y,Head_z,Nose_x,Nose_y,Nose_z,hip.Center_x,hip.Center_y,hip.Center_z
0,0.18364279,-1.9841306,-0.23371226,0.29194874,-1.0092571,-0.4124958,0.3280558,-0.034383815,-0.37685865,-0.14131983,0.0017232485,-0.6251278,-0.24964102,-0.72040135,-1.2417166,-0.21353395,-1.4425409,-1.0532538,0.61691135,0.0017232485,-1.1904316,0.61691135,0.54331297,-0.82835716,0.47248358,1.1932235,-0.38884163,-0.24964102,1.1932235,-0.55350965,-0.3579622,0.54331297,-0.77585757,-0.39406878,0.03781529,-1.1668026,0.11142151,1.1932235,-0.4791832,0.5446901,1.8431191,-0.45400172,0.3280558,1.5181713,-0.6161162,0.09336798,-0.016330283,-0.5005048
