frame,Ankle.R_x,Ankle.R_y,Ankle.R_z,Knee.R_x,Knee.R_y,Knee.R_z,Hip.R_x,Hip.R_y,Hip.R_z,Hip.L_x,Hip.L_y,Hip.L_z,Knee.L_x,Knee.L_y,Knee.L_z,Ankle.L_x,Ankle.L_y,Ankle.L_z,Wrist.R_x,Wrist.R_y,Wrist.R_z,Elbow.R_x,Elbow.R_y,Elbow.R_z,Shoulder.R_x,Shoulder.R_y,Shoulder.R_z,Shoulder.L_x,Shoulder.L_y,Shoulder.L_z,Elbow.L_x,Elbow.L_y,Elbow.L_z,Wrist.L_x,Wrist.L_y,Wrist.L_z,Neck_x,Neck_y,Neck_z,Head_x,Head_y,Head_z,Nose_x,Nose_y,Nose_z,hip.Center_x,hip.Center_y,hip.Center_z
0,0.21274483,-2.28721,-0.31586048,0.08512174,-1.1811581,-0.5227227,0.042586915,0.009999713,-0.71656173,0.08512174,-0.032553233,-0.27112487,-0.8082193,-0.6281143,-0.755867,-0.12757051,-1.5214734,-0.14785963,5.2563846e-05,-0.07508806,-0.6112998,5.2563846e-05,0.56302565,-0.5069614,5.2563846e-05,1.3712974,-0.67537445,0.25529778,1.3712974,-0.4298165,0.2978326,0.6481134,-0.13016135,0.08512174,-0.07508806,-0.112145185,0.1276747,1.3712974,-0.56880885,-0.7231668,1.7967185,-0.5921581,-0.29774654,1.5840079,-0.74001193,0.06385433,-0.011276761,-0.4989017
