frame,Ankle.R_x,Ankle.R_y,Ankle.R_z,Knee.R_x,Knee.R_y,Knee.R_z,Hip.R_x,Hip.R_y,Hip.R_z,Hip.L_x,Hip.L_y,Hip.L_z,Knee.L_x,Knee.L_y,Knee.L_z,Ankle.L_x,Ankle.L_y,Ankle.L_z,Wrist.R_x,Wrist.R_y,Wrist.R_z,Elbow.R_x,Elbow.R_y,Elbow.R_z,Shoulder.R_x,Shoulder.R_y,Shoulder.R_z,Shoulder.L_x,Shoulder.L_y,Shoulder.L_z,Elbow.L_x,Elbow.L_y,Elbow.L_z,Wrist.L_x,Wrist.L_y,Wrist.L_z,Neck_x,Neck_y,Neck_z,Head_x,Head_y,Head_z,Nose_x,Nose_y,Nose_z,hip.Center_x,hip.Center_y,hip.Center_z
0,0.21588677,-1.9085312,-0.51619947,0.21588677,-0.9429346,-0.5705949,0.29015177,-0.014463233,-0.45981354,-0.1183589,-0.014463233,-0.5390566,-0.1554988,-0.9429346,-1.0340768,-0.081233315,-1.982811,-1.1251948,0.4758522,0.02267666,-1.1780065,0.5129921,0.50546783,-0.85354805,0.36443204,1.136819,-0.5118662,-0.30405885,1.136819,-0.42637146,-0.3783391,0.50546783,-0.62316525,-0.415479,0.02267666,-1.0052824,0.030186363,1.136819,-0.48514095,-0.48974448,1.8053101,-0.47597992,-0.22977906,1.4710646,-0.64971787,0.08589668,-0.014463233,-0.50022846
