frame,Ankle.R_x,Ankle.R_y,Ankle.R_z,Knee.R_x,Knee.R_y,Knee.R_z,Hip.R_x,Hip.R_y,Hip.R_z,Hip.L_x,Hip.L_y,Hip.L_z,Knee.L_x,Knee.L_y,Knee.L_z,Ankle.L_x,Ankle.L_y,Ankle.L_z,Wrist.R_x,Wrist.R_y,Wrist.R_z,Elbow.R_x,Elbow.R_y,Elbow.R_z,Shoulder.R_x,Shoulder.R_y,Shoulder.R_z,Shoulder.L_x,Shoulder.L_y,Shoulder.L_z,Elbow.L_x,Elbow.L_y,Elbow.L_z,Wrist.L_x,Wrist.L_y,Wrist.L_z,Neck_x,Neck_y,Neck_z,Head_x,Head_y,Head_z,Nose_x,Nose_y,Nose_z,hip.Center_x,hip.Center_y,hip.Center_z
0,-0.24040577,-1.7023159,-1.3278384,-0.20551369,-0.89987665,-0.47567576,-0.1357443,-0.027668322,-0.45284387,0.31780604,-0.027668322,-0.5537672,0.24803618,-0.93476826,-0.7784003,0.17825297,-1.7372075,-1.4484549,-0.31017467,0.07699291,-0.034110904,-0.31017467,0.60032624,-0.3499127,-0.17062208,1.1585374,-0.40544775,0.5620335,1.1236458,-0.63806784,0.5969117,0.56543463,-0.34444743,0.5620335,0.007223284,-0.16136545,0.19570568,1.1410917,-0.5774181,0.23058346,2.0133002,-0.70778114,0.21314457,1.5771958,-0.58466464,0.09103087,-0.027668322,-0.4984836
