frame,Ankle.R_x,Ankle.R_y,Ankle.R_z,Knee.R_x,Knee.R_y,Knee.R_z,Hip.R_x,Hip.R_y,Hip.R_z,Hip.L_x,Hip.L_y,Hip.L_z,Knee.L_x,Knee.L_y,Knee.L_z,Ankle.L_x,Ankle.L_y,Ankle.L_z,Wrist.R_x,Wrist.R_y,Wrist.R_z,Elbow.R_x,Elbow.R_y,Elbow.R_z,Shoulder.R_x,Shoulder.R_y,Shoulder.R_z,Shoulder.L_x,Shoulder.L_y,Shoulder.L_z,Elbow.L_x,Elbow.L_y,Elbow.L_z,Wrist.L_x,Wrist.L_y,Wrist.L_z,Neck_x,Neck_y,Neck_z,Head_x,Head_y,Head_z,Nose_x,Nose_y,Nose_z,hip.Center_x,hip.Center_y,hip.Center_z
0,0.10701821,-1.9937366,-0.29002506,-0.06661203,-1.0821389,-0.385651,0.020202853,0.003089251,-0.60097075,0.10701821,-0.04032606,-0.39018476,0.10701821,-1.0821389,-0.57501966,0.23724863,-2.123951,-0.41181162,-0.1100271,-0.12714118,-0.404756,0.10701821,0.567411,-0.4651598,0.10701821,1.3053629,-0.6277831,0.15043327,1.2619474,-0.5814638,0.15043327,0.567411,-0.3798526,-0.06661203,-0.12714118,-0.26979285,0.12872574,1.2836552,-0.6007694,-0.78287244,1.7611619,-0.6304508,-0.32707337,1.5224085,-0.61715555,0.06361077,-0.018618522,-0.49867678
