frame,Ankle.R_x,Ankle.R_y,Ankle.R_z,Knee.R_x,Knee.R_y,Knee.R_z,Hip.R_x,Hip.R_y,Hip.R_z,Hip.L_x,Hip.L_y,Hip.L_z,Knee.L_x,Knee.L_y,Knee.L_z,Ankle.L_x,Ankle.L_y,Ankle.L_z,Wrist.R_x,Wrist.R_y,Wrist.R_z,Elbow.R_x,Elbow.R_y,Elbow.R_z,Shoulder.R_x,Shoulder.R_y,Shoulder.R_z,Shoulder.L_x,Shoulder.L_y,Shoulder.L_z,Elbow.L_x,Elbow.L_y,Elbow.L_z,Wrist.L_x,Wrist.L_y,Wrist.L_z,Neck_x,Neck_y,Neck_z,Head_x,Head_y,Head_z,Nose_x,Nose_y,Nose_z,hip.Center_x,hip.Center_y,hip.Center_z
0,0.02479159,-1.7074585,-0.68352586,-0.08013786,-0.9029533,-0.2610718,-0.15009558,-0.063490346,-0.46034834,0.23466384,0.006467387,-0.5397898,0.30462158,-0.8679814,-0.6851361,0.3745793,-1.7074585,-1.0357339,-0.60481274,0.04145293,-0.28892845,-0.49988377,0.5661281,-0.48002002,-0.3949405,1.1257747,-0.39244315,0.26963603,1.1957322,-0.55648124,0.40955102,0.6710575,-0.10105732,0.3745793,0.14638261,0.17829174,-0.06265176,1.1607536,-0.50189024,-0.23753941,1.9302592,-0.5546697,-0.15009558,1.5455064,-0.51383305,0.042284362,-0.02851148,-0.49939013
