frame,Ankle.R_x,Ankle.R_y,Ankle.R_z,Knee.R_x,Knee.R_y,Knee.R_z,Hip.R_x,Hip.R_y,Hip.R_z,Hip.L_x,Hip.L_y,Hip.L_z,Knee.L_x,Knee.L_y,Knee.L_z,Ankle.L_x,Ankle.L_y,Ankle.L_z,Wrist.R_x,Wrist.R_y,Wrist.R_z,Elbow.R_x,Elbow.R_y,Elbow.R_z,Shoulder.R_x,Shoulder.R_y,Shoulder.R_z,Shoulder.L_x,Shoulder.L_y,Shoulder.L_z,Elbow.L_x,Elbow.L_y,Elbow.L_z,Wrist.L_x,Wrist.L_y,Wrist.L_z,Neck_x,Neck_y,Neck_z,Head_x,Head_y,Head_z,Nose_x,Nose_y,Nose_z,hip.Center_x,hip.Center_y,hip.Center_z
0,-0.11892343,-1.7546768,-0.41272855,0.034255736,-1.1589704,0.09020662,0.06829428,-0.03564954,-0.44976306,0.10233187,-0.0015952624,-0.5485089,0.17040801,-1.1249318,-0.38298288,0.06829428,-1.7036114,-0.890056,0.23850036,-0.03564954,-0.49827597,-0.101912744,0.6451602,-0.50685304,0.00021814555,1.3600079,-0.46489495,-0.03383661,1.3600079,-0.60714567,-0.101912744,0.67919827,-0.89024675,0.20444655,0.066480875,-0.76893705,-0.01680971,1.3600079,-0.4531379,0.7661145,1.9046494,-0.566346,0.37465262,1.6323285,-0.49399653,0.0853126,-0.018622402,-0.50312656
