frame,Ankle.R_x,Ankle.R_y,Ankle.R_z,Knee.R_x,Knee.R_y,Knee.R_z,Hip.R_x,Hip.R_y,Hip.R_z,Hip.L_x,Hip.L_y,Hip.L_z,Knee.L_x,Knee.L_y,Knee.L_z,Ankle.L_x,Ankle.L_y,Ankle.L_z,Wrist.R_x,Wrist.R_y,Wrist.R_z,Elbow.R_x,Elbow.R_y,Elbow.R_z,Shoulder.R_x,Shoulder.R_y,Shoulder.R_z,Shoulder.L_x,Shoulder.L_y,Shoulder.L_z,Elbow.L_x,Elbow.L_y,Elbow.L_z,Wrist.L_x,Wrist.L_y,Wrist.L_z,Neck_x,Neck_y,Neck_z,Head_x,Head_y,Head_z,Nose_x,Nose_y,Nose_z,hip.Center_x,hip.Center_y,hip.Center_z
0,-0.059290178,-1.7752867,-0.5216912,0.095653765,-1.138289,0.0044412017,0.061215155,-0.03644298,-0.45535067,0.13007712,-0.0020198692,-0.5446024,0.16451669,-1.1038499,-0.37571073,0.026791804,-1.7236276,-0.71219885,0.095653765,-0.03644298,-0.43090177,-0.07650972,0.6521969,-0.27012143,0.026791804,1.340853,-0.53457147,-0.00764776,1.340853,-0.66343415,0.095653765,0.54891133,-0.82814384,0.371104,0.101281896,-0.3879001,0.00957226,1.340853,-0.5573449,0.8015139,2.0295088,-0.7390109,0.4055426,1.6851809,-0.65301764,0.095646136,-0.019231306,-0.50349677
