frame,Ankle.R_x,Ankle.R_y,Ankle.R_z,Knee.R_x,Knee.R_y,Knee.R_z,Hip.R_x,Hip.R_y,Hip.R_z,Hip.L_x,Hip.L_y,Hip.L_z,Knee.L_x,Knee.L_y,Knee.L_z,Ankle.L_x,Ankle.L_y,Ankle.L_z,Wrist.R_x,Wrist.R_y,Wrist.R_z,Elbow.R_x,Elbow.R_y,Elbow.R_z,Shoulder.R_x,Shoulder.R_y,Shoulder.R_z,Shoulder.L_x,Shoulder.L_y,Shoulder.L_z,Elbow.L_x,Elbow.L_y,Elbow.L_z,Wrist.L_x,Wrist.L_y,Wrist.L_z,Neck_x,Neck_y,Neck_z,Head_x,Head_y,Head_z,Nose_x,Nose_y,Nose_z,hip.Center_x,hip.Center_y,hip.Center_z
0,0.34372273,-1.9044439,-0.53054297,0.15073529,-0.9781116,-0.6040197,0.2279276,-0.013175613,-0.538947,-0.08085547,-0.013175613,-0.4555673,-0.08085547,-1.0553035,-0.67300785,-0.042251684,-2.058843,-0.69380844,0.1893386,0.10261976,-1.0347663,0.42091456,0.5271827,-0.96733236,0.26653042,1.1447479,-0.65839887,-0.19663534,1.1447479,-0.43722063,-0.31243095,0.4885944,-0.50857854,-0.5054184,-0.090367444,-0.6791941,0.034947775,1.1447479,-0.5492517,-0.7370163,1.8394898,-0.562468,-0.35103425,1.4921188,-0.67802894,0.0735363,-0.013175613,-0.49847907
