frame,Ankle.R_x,Ankle.R_y,Ankle.R_z,Knee.R_x,Knee.R_y,Knee.R_z,Hip.R_x,Hip.R_y,Hip.R_z,Hip.L_x,Hip.L_y,Hip.L_z,Knee.L_x,Knee.L_y,Knee.L_z,Ankle.L_x,Ankle.L_y,Ankle.L_z,Wrist.R_x,Wrist.R_y,Wrist.R_z,Elbow.R_x,Elbow.R_y,Elbow.R_z,Shoulder.R_x,Shoulder.R_y,Shoulder.R_z,Shoulder.L_x,Shoulder.L_y,Shoulder.L_z,Elbow.L_x,Elbow.L_y,Elbow.L_z,Wrist.L_x,Wrist.L_y,Wrist.L_z,Neck_x,Neck_y,Neck_z,Head_x,Head_y,Head_z,Nose_x,Nose_y,Nose_z,hip.Center_x,hip.Center_y,hip.Center_z
0,-0.07064053,-1.7608724,-0.82689273,0.086500205,-1.2196207,-0.12727118,0.016652621,-0.03236273,-0.39237225,0.15633062,0.0025610635,-0.6139261,0.051576175,-1.2196207,-0.36956903,-0.01825472,-1.6735797,-0.68484485,0.051576175,-0.06726983,-0.3726588,-0.26270482,0.66602945,-0.4106761,-0.053178273,1.3644215,-0.45194587,0.086500205,1.3644215,-0.7723026,0.15633062,0.49142715,-0.8927298,0.19125465,-0.03236273,-0.4515514,0.016660728,1.3644215,-0.56541425,0.78486687,1.923135,-0.6496003,0.40076402,1.6437783,-0.54714906,0.08649162,-0.014900713,-0.500648
