frame,Ankle.R_x,Ankle.R_y,Ankle.R_z,Knee.R_x,Knee.R_y,Knee.R_z,Hip.R_x,Hip.R_y,Hip.R_z,Hip.L_x,Hip.L_y,Hip.L_z,Knee.L_x,Knee.L_y,Knee.L_z,Ankle.L_x,Ankle.L_y,Ankle.L_z,Wrist.R_x,Wrist.R_y,Wrist.R_z,Elbow.R_x,Elbow.R_y,Elbow.R_z,Shoulder.R_x,Shoulder.R_y,Shoulder.R_z,Shoulder.L_x,Shoulder.L_y,Shoulder.L_z,Elbow.L_x,Elbow.L_y,Elbow.L_z,Wrist.L_x,Wrist.L_y,Wrist.L_z,Neck_x,Neck_y,Neck_z,Head_x,Head_y,Head_z,Nose_x,Nose_y,Nose_z,hip.Center_x,hip.Center_y,hip.Center_z
0,-0.27934498,-1.2755142,-1.0041852,-0.35481828,-0.40756878,-0.51739043,-0.12838358,0.045267962,-0.72725695,0.3244534,-0.06793342,-0.28635472,0.21123654,-1.124569,-0.6577672,0.13576323,-2.0679874,-1.10339,-0.3925466,0.083012484,0.046209574,-0.35481828,0.57359374,-0.46494293,-0.1661281,1.2151208,-0.7164615,0.62634474,1.1396481,-0.33700308,0.66408926,0.46037665,-0.15341762,0.58861595,-0.14340626,-0.11040121,0.23010832,1.1773844,-0.5466717,0.26785237,2.0075858,-0.5985747,0.24898058,1.5924851,-0.44998208,0.09803444,-0.01133261,-0.49485588
