frame,Ankle.R_x,Ankle.R_y,Ankle.R_z,Knee.R_x,Knee.R_y,Knee.R_z,Hip.R_x,Hip.R_y,Hip.R_z,Hip.L_x,Hip.L_y,Hip.L_z,Knee.L_x,Knee.L_y,Knee.L_z,Ankle.L_x,Ankle.L_y,Ankle.L_z,Wrist.R_x,Wrist.R_y,Wrist.R_z,Elbow.R_x,Elbow.R_y,Elbow.R_z,Shoulder.R_x,Shoulder.R_y,Shoulder.R_z,Shoulder.L_x,Shoulder.L_y,Shoulder.L_z,Elbow.L_x,Elbow.L_y,Elbow.L_z,Wrist.L_x,Wrist.L_y,Wrist.L_z,Neck_x,Neck_y,Neck_z,Head_x,Head_y,Head_z,Nose_x,Nose_y,Nose_z,hip.Center_x,hip.Center_y,hip.Center_z
0,0.29782087,-1.8765364,-0.5644046,0.29782087,-0.9290886,-0.5832379,0.29782087,-0.01808098,-0.35928667,-0.1394555,-0.01808098,-0.64127487,-0.1394555,-0.9290886,-1.1797147,-0.103016086,-1.8765364,-1.045865,0.5529135,0.054798573,-1.1947038,0.5529135,0.5285294,-0.8091627,0.40715438,1.1480051,-0.40479514,-0.2852146,1.1480051,-0.5846889,-0.3945343,0.5285294,-0.7795911,-0.3945343,0.018358916,-1.1287937,0.060969643,1.1480051,-0.5019613,0.46179277,1.8039491,-0.46917892,0.26138145,1.4759772,-0.6215135,0.07918244,-0.01808098,-0.49999633
