frame,Ankle.R_x,Ankle.R_y,Ankle.R_z,Knee.R_x,Knee.R_y,Knee.R_z,Hip.R_x,Hip.R_y,Hip.R_z,Hip.L_x,Hip.L_y,Hip.L_z,Knee.L_x,Knee.L_y,Knee.L_z,Ankle.L_x,Ankle.L_y,Ankle.L_z,Wrist.R_x,Wrist.R_y,Wrist.R_z,Elbow.R_x,Elbow.R_y,Elbow.R_z,Shoulder.R_x,Shoulder.R_y,Shoulder.R_z,Shoulder.L_x,Shoulder.L_y,Shoulder.L_z,Elbow.L_x,Elbow.L_y,Elbow.L_z,Wrist.L_x,Wrist.L_y,Wrist.L_z,Neck_x,Neck_y,Neck_z,Head_x,Head_y,Head_z,Nose_x,Nose_y,Nose_z,hip.Center_x,hip.Center_y,hip.Center_z
0,0.14796638,-2.029571,0.12252611,0.3972082,-1.0326357,-0.08998269,0.18951416,-0.035715304,-0.43300092,-0.059727184,0.005817214,-0.56850106,0.023353107,-1.0326357,-0.8228859,-0.01817941,-1.9880233,-0.9464598,0.521821,-0.07726332,-0.8670379,0.23104715,0.50428516,-0.6005756,0.18951416,1.2104311,-0.46844196,-0.225873,1.1688985,-0.6197082,-0.2674055,0.5458177,-0.8940639,-0.059727184,0.047349967,-0.7263262,-0.01817941,1.1896648,-0.5559523,0.72949934,1.8958108,-0.589198,0.35565996,1.5427378,-0.5887356,0.06489373,-0.014948806,-0.49961272
