frame,Ankle.R_x,Ankle.R_y,Ankle.R_z,Knee.R_x,Knee.R_y,Knee.R_z,Hip.R_x,Hip.R_y,Hip.R_z,Hip.L_x,Hip.L_y,Hip.L_z,Knee.L_x,Knee.L_y,Knee.L_z,Ankle.L_x,Ankle.L_y,Ankle.L_z,Wrist.R_x,Wrist.R_y,Wrist.R_z,Elbow.R_x,Elbow.R_y,Elbow.R_z,Shoulder.R_x,Shoulder.R_y,Shoulder.R_z,Shoulder.L_x,Shoulder.L_y,Shoulder.L_z,Elbow.L_x,Elbow.L_y,Elbow.L_z,Wrist.L_x,Wrist.L_y,Wrist.L_z,Neck_x,Neck_y,Neck_z,Head_x,Head_y,Head_z,Nose_x,Nose_y,Nose_z,hip.Center_x,hip.Center_y,hip.Center_z
0,0.311034,-1.8904262,-0.54761994,0.311034,-0.9533937,-0.56979746,0.311034,-0.016376046,-0.37374127,-0.15748188,-0.016376046,-0.62744164,-0.121450156,-0.9533937,-1.1185708,-0.04937145,-1.8904262,-1.023509,0.56330085,0.019670459,-1.1991885,0.5272691,0.52421856,-0.8276552,0.3831127,1.1368911,-0.4175465,-0.30163833,1.1368911,-0.59548765,-0.40976307,0.48817226,-0.79882324,-0.40976307,-0.016376046,-1.1474998,0.040736943,1.1368911,-0.51317024,0.43714598,1.7856102,-0.45510232,0.23894146,1.4612507,-0.60872364,0.076776296,-0.016376046,-0.4998052
