frame,Ankle.R_x,Ankle.R_y,Ankle.R_z,Knee.R_x,Knee.R_y,Knee.R_z,Hip.R_x,Hip.R_y,Hip.R_z,Hip.L_x,Hip.L_y,Hip.L_z,Knee.L_x,Knee.L_y,Knee.L_z,Ankle.L_x,Ankle.L_y,Ankle.L_z,Wrist.R_x,Wrist.R_y,Wrist.R_z,Elbow.R_x,Elbow.R_y,Elbow.R_z,Shoulder.R_x,Shoulder.R_y,Shoulder.R_z,Shoulder.L_x,Shoulder.L_y,Shoulder.L_z,Elbow.L_x,Elbow.L_y,Elbow.L_z,Wrist.L_x,Wrist.L_y,Wrist.L_z,Neck_x,Neck_y,Neck_z,Head_x,Head_y,Head_z,Nose_x,Nose_y,Nose_z,hip.Center_x,hip.Center_y,hip.Center_z
0,-0.298481,-1.9256266,-0.785171,-0.13963175,-1.0122029,-0.24368507,-0.06019973,-0.019346882,-0.48537007,0.21779776,-0.019346882,-0.51915246,0.17808151,-1.0122029,-0.34159118,0.17808151,-1.9256266,-1.107651,-0.0999155,-0.019346882,-0.28228918,-0.33819675,0.57634884,-0.30992937,-0.17934752,1.2117755,-0.4013108,0.17808151,1.2117755,-0.65636504,0.17808151,0.53664786,-0.7033529,0.376647,0.060070347,-0.34605056,-0.00063275546,1.2117755,-0.53305864,0.5950928,2.0060663,-0.72341055,0.29722977,1.608921,-0.60730624,0.078799255,-0.019346882,-0.5002215
