frame,Ankle.R_x,Ankle.R_y,Ankle.R_z,Knee.R_x,Knee.R_y,Knee.R_z,Hip.R_x,Hip.R_y,Hip.R_z,Hip.L_x,Hip.L_y,Hip.L_z,Knee.L_x,Knee.L_y,Knee.L_z,Ankle.L_x,Ankle.L_y,Ankle.L_z,Wrist.R_x,Wrist.R_y,Wrist.R_z,Elbow.R_x,Elbow.R_y,Elbow.R_z,Shoulder.R_x,Shoulder.R_y,Shoulder.R_z,Shoulder.L_x,Shoulder.L_y,Shoulder.L_z,Elbow.L_x,Elbow.L_y,Elbow.L_z,Wrist.L_x,Wrist.L_y,Wrist.L_z,Neck_x,Neck_y,Neck_z,Head_x,Head_y,Head_z,Nose_x,Nose_y,Nose_z,hip.Center_x,hip.Center_y,hip.Center_z
0,-0.26489013,-1.568764,-1.5571057,-0.2289061,-0.77692264,-0.74297607,-0.120924406,0.01491932,-0.5653487,0.310988,-0.057078324,-0.43847755,0.23900515,-0.99288577,-0.7421495,0.16702229,-1.8207119,-1.3683883,-0.336873,0.08690218,0.028367698,-0.30088896,0.6267963,-0.37874866,-0.120924406,1.2026744,-0.48348296,0.5989347,1.1306914,-0.54162323,0.63491875,0.55479866,-0.349418,0.5989347,-0.02107974,-0.2223044,0.23900515,1.1666828,-0.5627325,0.23900515,1.9585246,-0.7062599,0.23900515,1.5626038,-0.5912504,0.095031805,-0.02107974,-0.49635842
