frame,Ankle.R_x,Ankle.R_y,Ankle.R_z,Knee.R_x,Knee.R_y,Knee.R_z,Hip.R_x,Hip.R_y,Hip.R_z,Hip.L_x,Hip.L_y,Hip.L_z,Knee.L_x,Knee.L_y,Knee.L_z,Ankle.L_x,Ankle.L_y,Ankle.L_z,Wrist.R_x,Wrist.R_y,Wrist.R_z,Elbow.R_x,Elbow.R_y,Elbow.R_z,Shoulder.R_x,Shoulder.R_y,Shoulder.R_z,Shoulder.L_x,Shoulder.L_y,Shoulder.L_z,Elbow.L_x,Elbow.L_y,Elbow.L_z,Wrist.L_x,Wrist.L_y,Wrist.L_z,Neck_x,Neck_y,Neck_z,Head_x,Head_y,Head_z,Nose_x,Nose_y,Nose_z,hip.Center_x,hip.Center_y,hip.Center_z
0,-0.10096583,-1.8231559,-0.40611234,0.09005895,-1.1458869,0.017925799,0.09005895,-0.034446295,-0.43174917,0.09005895,0.0002796091,-0.56582,0.055333287,-1.1458869,-0.5494939,-0.10096583,-1.8231559,-0.5563183,0.12480131,0.0002796091,-0.41004363,-0.22252259,0.66018575,-0.454503,-0.048860878,1.3548343,-0.47442883,0.020607144,1.3548343,-0.6618225,-0.083602756,0.66018575,-0.81103146,0.22899547,0.069747865,-0.6572659,-0.014126629,1.3548343,-0.5123324,0.7499567,1.8410947,-0.6629211,0.3679153,1.5979645,-0.5825787,0.09005895,-0.017083462,-0.50231993
