frame,Ankle.R_x,Ankle.R_y,Ankle.R_z,Knee.R_x,Knee.R_y,Knee.R_z,Hip.R_x,Hip.R_y,Hip.R_z,Hip.L_x,Hip.L_y,Hip.L_z,Knee.L_x,Knee.L_y,Knee.L_z,Ankle.L_x,Ankle.L_y,Ankle.L_z,Wrist.R_x,Wrist.R_y,Wrist.R_z,Elbow.R_x,Elbow.R_y,Elbow.R_z,Shoulder.R_x,Shoulder.R_y,Shoulder.R_z,Shoulder.L_x,Shoulder.L_y,Shoulder.L_z,Elbow.L_x,Elbow.L_y,Elbow.L_z,Wrist.L_x,Wrist.L_y,Wrist.L_z,Neck_x,Neck_y,Neck_z,Head_x,Head_y,Head_z,Nose_x,Nose_y,Nose_z,hip.Center_x,hip.Center_y,hip.Center_z
0,0.4423161,-1.6959699,-1.130972,0.40513852,-0.8037117,-0.87718695,0.29360583,-0.023000311,-0.3531258,-0.15252253,-0.023000311,-0.6490814,-0.07816788,-0.9152439,-1.0587106,-0.0038132295,-1.8446797,-0.6023289,0.51667076,0.0885319,-1.064079,0.51667076,0.5718238,-0.7043736,0.36796048,1.2038399,-0.405046,-0.33841035,1.1666625,-0.5476317,-0.412765,0.49748343,-0.75052804,-0.412765,-0.023000311,-1.0402963,0.014775313,1.1852512,-0.485734,-0.31982133,1.8916222,-0.450033,-0.15252253,1.5384367,-0.6227772,0.07054142,-0.023000311,-0.49937716
