frame,Ankle.R_x,Ankle.R_y,Ankle.R_z,Knee.R_x,Knee.R_y,Knee.R_z,Hip.R_x,Hip.R_y,Hip.R_z,Hip.L_x,Hip.L_y,Hip.L_z,Knee.L_x,Knee.L_y,Knee.L_z,Ankle.L_x,Ankle.L_y,Ankle.L_z,Wrist.R_x,Wrist.R_y,Wrist.R_z,Elbow.R_x,Elbow.R_y,Elbow.R_z,Shoulder.R_x,Shoulder.R_y,Shoulder.R_z,Shoulder.L_x,Shoulder.L_y,Shoulder.L_z,Elbow.L_x,Elbow.L_y,Elbow.L_z,Wrist.L_x,Wrist.L_y,Wrist.L_z,Neck_x,Neck_y,Neck_z,Head_x,Head_y,Head_z,Nose_x,Nose_y,Nose_z,hip.Center_x,hip.Center_y,hip.Center_z
0,-0.4222449,-1.8867848,-0.42897087,0.07061827,-1.0770991,-0.054823756,0.03540671,-0.020997519,-0.45056033,0.14102471,-0.020997519,-0.555701,0.10581362,-1.0419037,-0.37966666,0.10581362,-1.8867848,-0.93968743,0.07061827,0.014197832,-0.5913872,-0.140602,0.6478746,-0.3493427,0.00021135807,1.3167309,-0.51221406,0.07061827,1.2815354,-0.6731258,0.10581362,0.54225636,-0.78662634,0.28183854,0.04940916,-0.322488,0.035414815,1.2991332,-0.59656894,0.7394668,2.0383964,-0.789935,0.3874408,1.6687647,-0.7350197,0.08821595,-0.020997519,-0.5032428
