frame,Ankle.R_x,Ankle.R_y,Ankle.R_z,Knee.R_x,Knee.R_y,Knee.R_z,Hip.R_x,Hip.R_y,Hip.R_z,Hip.L_x,Hip.L_y,Hip.L_z,Knee.L_x,Knee.L_y,Knee.L_z,Ankle.L_x,Ankle.L_y,Ankle.L_z,Wrist.R_x,Wrist.R_y,Wrist.R_z,Elbow.R_x,Elbow.R_y,Elbow.R_z,Shoulder.R_x,Shoulder.R_y,Shoulder.R_z,Shoulder.L_x,Shoulder.L_y,Shoulder.L_z,Elbow.L_x,Elbow.L_y,Elbow.L_z,Wrist.L_x,Wrist.L_y,Wrist.L_z,Neck_x,Neck_y,Neck_z,Head_x,Head_y,Head_z,Nose_x,Nose_y,Nose_z,hip.Center_x,hip.Center_y,hip.Center_z
0,0.041083537,-1.7933581,0.04474002,0.14265367,-1.0484922,0.11684579,0.1087968,-0.032771595,-0.4242913,0.074940406,0.0010855142,-0.57704574,0.17651102,-1.0484922,-0.6226686,0.074940406,-1.7595017,-0.87630016,0.41352436,0.034942143,-0.43312618,0.041083537,0.64438105,-0.3541722,0.1087968,1.2876608,-0.49319533,0.0072266683,1.2876608,-0.6001402,0.074940406,0.5766673,-0.8884481,0.4812381,0.20422626,-0.5669629,0.058011733,1.2876608,-0.5306467,0.7690365,1.9648287,-0.6555114,0.41352436,1.6262448,-0.64919347,0.0918686,-0.015843159,-0.50229657
