frame,Ankle.R_x,Ankle.R_y,Ankle.R_z,Knee.R_x,Knee.R_y,Knee.R_z,Hip.R_x,Hip.R_y,Hip.R_z,Hip.L_x,Hip.L_y,Hip.L_z,Knee.L_x,Knee.L_y,Knee.L_z,Ankle.L_x,Ankle.L_y,Ankle.L_z,Wrist.R_x,Wrist.R_y,Wrist.R_z,Elbow.R_x,Elbow.R_y,Elbow.R_z,Shoulder.R_x,Shoulder.R_y,Shoulder.R_z,Shoulder.L_x,Shoulder.L_y,Shoulder.L_z,Elbow.L_x,Elbow.L_y,Elbow.L_z,Wrist.L_x,Wrist.L_y,Wrist.L_z,Neck_x,Neck_y,Neck_z,Head_x,Head_y,Head_z,Nose_x,Nose_y,Nose_z,hip.Center_x,hip.Center_y,hip.Center_z
0,0.024401147,-1.7592158,-1.0000086,-0.08508973,-0.91982657,-0.50090146,-0.15806966,-0.043954186,-0.48331577,0.24336906,-0.0074573066,-0.5151025,0.31636378,-0.8833435,-0.6668147,0.38934323,-1.7592158,-1.0037315,-0.5960198,0.02903981,-0.23747334,-0.4865289,0.5399701,-0.4565655,-0.41353467,1.1238943,-0.42686868,0.24336906,1.1968741,-0.5549558,0.42584035,0.6494469,-0.14064997,0.35286042,0.1020338,0.15299481,-0.085082576,1.1603843,-0.5276379,-0.23105673,1.8902825,-0.5810835,-0.15806966,1.5253334,-0.5289894,0.042649705,-0.025705865,-0.4981055
