frame,Ankle.R_x,Ankle.R_y,Ankle.R_z,Knee.R_x,Knee.R_y,Knee.R_z,Hip.R_x,Hip.R_y,Hip.R_z,Hip.L_x,Hip.L_y,Hip.L_z,Knee.L_x,Knee.L_y,Knee.L_z,Ankle.L_x,Ankle.L_y,Ankle.L_z,Wrist.R_x,Wrist.R_y,Wrist.R_z,Elbow.R_x,Elbow.R_y,Elbow.R_z,Shoulder.R_x,Shoulder.R_y,Shoulder.R_z,Shoulder.L_x,Shoulder.L_y,Shoulder.L_z,Elbow.L_x,Elbow.L_y,Elbow.L_z,Wrist.L_x,Wrist.L_y,Wrist.L_z,Neck_x,Neck_y,Neck_z,Head_x,Head_y,Head_z,Nose_x,Nose_y,Nose_z,hip.Center_x,hip.Center_y,hip.Center_z
0,-0.014080208,-1.8880074,0.18666404,-0.09684579,-0.977603,-0.009673715,-0.014080208,-0.02581601,-0.66806734,0.11005242,-0.02581601,-0.3210714,0.06866963,-0.977603,-0.57840765,0.23420031,-1.970773,-0.7871976,-0.1382281,0.015566541,-0.41997045,0.06866963,0.59490913,-0.47463444,0.11005242,1.2984,-0.69959676,0.15143521,1.2984,-0.5596623,0.11005242,0.59490913,-0.41087708,-0.1382281,-0.02581601,-0.22939697,0.13074382,1.2984,-0.64782333,-0.5727317,2.0432887,-0.72707224,-0.22099368,1.6708444,-0.6797486,0.047986347,-0.02581601,-0.5005069
