frame,Ankle.R_x,Ankle.R_y,Ankle.R_z,Knee.R_x,Knee.R_y,Knee.R_z,Hip.R_x,Hip.R_y,Hip.R_z,Hip.L_x,Hip.L_y,Hip.L_z,Knee.L_x,Knee.L_y,Knee.L_z,Ankle.L_x,Ankle.L_y,Ankle.L_z,Wrist.R_x,Wrist.R_y,Wrist.R_z,Elbow.R_x,Elbow.R_y,Elbow.R_z,Shoulder.R_x,Shoulder.R_y,Shoulder.R_z,Shoulder.L_x,Shoulder.L_y,Shoulder.L_z,Elbow.L_x,Elbow.L_y,Elbow.L_z,Wrist.L_x,Wrist.L_y,Wrist.L_z,Neck_x,Neck_y,Neck_z,Head_x,Head_y,Head_z,Nose_x,Nose_y,Nose_z,hip.Center_x,hip.Center_y,hip.Center_z
0,0.04115421,-1.7918069,-0.9994429,-0.110975444,-0.9550352,-0.45921975,-0.14902228,-0.04218436,-0.46769786,0.269378,-0.0041518286,-0.5317694,0.30741006,-0.9170027,-0.7942029,0.38347512,-1.6777089,-1.3800772,-0.45329636,-0.04218436,-0.11814454,-0.41526383,0.5283315,-0.37172148,-0.33918446,1.136894,-0.39109975,0.38347512,1.1749407,-0.5638992,0.49758703,0.6044109,-0.1801126,0.49758703,0.033880703,0.06950575,0.022145096,1.1559173,-0.5157076,-0.09196633,1.9546708,-0.62122095,-0.034910377,1.555294,-0.53124845,0.060177628,-0.023167856,-0.49877867
