frame,Ankle.R_x,Ankle.R_y,Ankle.R_z,Knee.R_x,Knee.R_y,Knee.R_z,Hip.R_x,Hip.R_y,Hip.R_z,Hip.L_x,Hip.L_y,Hip.L_z,Knee.L_x,Knee.L_y,Knee.L_z,Ankle.L_x,Ankle.L_y,Ankle.L_z,Wrist.R_x,Wrist.R_y,Wrist.R_z,Elbow.R_x,Elbow.R_y,Elbow.R_z,Shoulder.R_x,Shoulder.R_y,Shoulder.R_z,Shoulder.L_x,Shoulder.L_y,Shoulder.L_z,Elbow.L_x,Elbow.L_y,Elbow.L_z,Wrist.L_x,Wrist.L_y,Wrist.L_z,Neck_x,Neck_y,Neck_z,Head_x,Head_y,Head_z,Nose_x,Nose_y,Nose_z,hip.Center_x,hip.Center_y,hip.Center_z
0,0.055949565,-1.912292,0.08944285,-0.027079705,-0.9989116,-0.053982496,-0.027079705,-0.044016585,-0.6822139,0.097463965,-0.002502188,-0.3143152,0.13897884,-1.0404258,-0.5029455,0.34656656,-1.9953213,-1.0154893,-0.15163815,0.039012447,-0.19810933,0.014435168,0.5372324,-0.3932239,0.014435168,1.2430248,-0.61587226,0.22202289,1.2845393,-0.61383045,0.30505216,0.62026143,-0.4549018,0.22202289,-0.044016585,-0.40409786,0.11822927,1.2637821,-0.63338816,-0.42150557,2.0525887,-0.7636602,-0.15163815,1.6581854,-0.71250844,0.035192367,-0.023259386,-0.49850696
