frame,Ankle.R_x,Ankle.R_y,Ankle.R_z,Knee.R_x,Knee.R_y,Knee.R_z,Hip.R_x,Hip.R_y,Hip.R_z,Hip.L_x,Hip.L_y,Hip.L_z,Knee.L_x,Knee.L_y,Knee.L_z,Ankle.L_x,Ankle.L_y,Ankle.L_z,Wrist.R_x,Wrist.R_y,Wrist.R_z,Elbow.R_x,Elbow.R_y,Elbow.R_z,Shoulder.R_x,Shoulder.R_y,Shoulder.R_z,Shoulder.L_x,Shoulder.L_y,Shoulder.L_z,Elbow.L_x,Elbow.L_y,Elbow.L_z,Wrist.L_x,Wrist.L_y,Wrist.L_z,Neck_x,Neck_y,Neck_z,Head_x,Head_y,Head_z,Nose_x,Nose_y,Nose_z,hip.Center_x,hip.Center_y,hip.Center_z
0,0.03646419,-1.9474672,0.03431225,-0.08659175,-1.0041031,0.00096821785,-0.16862443,-0.060738947,-0.31327093,0.2825608,0.021293256,-0.6642078,0.36459348,-0.59394133,-0.5551285,0.36459348,-1.2502002,-1.2825565,-0.49675372,-0.060738947,-0.4016587,-0.49675372,0.5134872,-0.47261995,-0.3736973,1.1697459,-0.19455725,0.36459348,1.2107697,-0.6711411,0.48763415,0.6365434,-0.08764404,0.56966686,0.062316988,0.25178468,-0.0045519136,1.1902578,-0.4200537,-0.0865846,2.0516045,-0.46779004,-0.045568015,1.6209313,-0.5119839,0.056968663,-0.019723084,-0.5026885
