frame,Ankle.R_x,Ankle.R_y,Ankle.R_z,Knee.R_x,Knee.R_y,Knee.R_z,Hip.R_x,Hip.R_y,Hip.R_z,Hip.L_x,Hip.L_y,Hip.L_z,Knee.L_x,Knee.L_y,Knee.L_z,Ankle.L_x,Ankle.L_y,Ankle.L_z,Wrist.R_x,Wrist.R_y,Wrist.R_z,Elbow.R_x,Elbow.R_y,Elbow.R_z,Shoulder.R_x,Shoulder.R_y,Shoulder.R_z,Shoulder.L_x,Shoulder.L_y,Shoulder.L_z,Elbow.L_x,Elbow.L_y,Elbow.L_z,Wrist.L_x,Wrist.L_y,Wrist.L_z,Neck_x,Neck_y,Neck_z,Head_x,Head_y,Head_z,Nose_x,Nose_y,Nose_z,hip.Center_x,hip.Center_y,hip.Center_z
0,-0.18160534,-1.280471,-0.39354905,-0.74809074,-0.40893942,0.029316068,-0.09444666,0.026817493,-0.6632584,0.21058178,-0.060323544,-0.31812727,0.21058178,-1.1933128,-0.4057863,0.29773998,-2.3263016,-0.5441504,0.12344074,-0.14748174,-0.4064206,0.16701126,0.5497331,-0.8112772,0.16701126,1.3776938,-0.70971423,0.29773998,1.3341233,-0.37903258,0.29773998,0.5497331,-0.22630951,0.07985306,-0.19105226,-0.31637716,0.23237562,1.3559085,-0.54638106,-0.6827264,1.8352535,-0.58428305,-0.22517586,1.595581,-0.67788684,0.058067795,-0.016753025,-0.49755648
