frame,Ankle.R_x,Ankle.R_y,Ankle.R_z,Knee.R_x,Knee.R_y,Knee.R_z,Hip.R_x,Hip.R_y,Hip.R_z,Hip.L_x,Hip.L_y,Hip.L_z,Knee.L_x,Knee.L_y,Knee.L_z,Ankle.L_x,Ankle.L_y,Ankle.L_z,Wrist.R_x,Wrist.R_y,Wrist.R_z,Elbow.R_x,Elbow.R_y,Elbow.R_z,Shoulder.R_x,Shoulder.R_y,Shoulder.R_z,Shoulder.L_x,Shoulder.L_y,Shoulder.L_z,Elbow.L_x,Elbow.L_y,Elbow.L_z,Wrist.L_x,Wrist.L_y,Wrist.L_z,Neck_x,Neck_y,Neck_z,Head_x,Head_y,Head_z,Nose_x,Nose_y,Nose_z,hip.Center_x,hip.Center_y,hip.Center_z
0,0.28211278,-1.9269938,-0.2687119,0.31594867,-0.9795684,-0.3485821,0.31594867,-0.03215763,-0.3701687,-0.12392835,0.0016780216,-0.63228667,-0.15776376,-0.945733,-1.0396688,-0.22543506,-1.8593225,-1.1210697,0.6204688,-0.03215763,-1.2189807,0.6204688,0.4753907,-0.8408212,0.5189621,1.0844313,-0.43210772,-0.19159918,1.1182812,-0.6026008,-0.29310638,0.4753907,-0.81040347,-0.32694227,-0.03215763,-1.1915123,0.16368122,1.1013563,-0.5247215,0.60355824,1.8795893,-0.48707628,0.38361996,1.4904728,-0.6278,0.096009925,-0.015239684,-0.500504
