frame,Ankle.R_x,Ankle.R_y,Ankle.R_z,Knee.R_x,Knee.R_y,Knee.R_z,Hip.R_x,Hip.R_y,Hip.R_z,Hip.L_x,Hip.L_y,Hip.L_z,Knee.L_x,Knee.L_y,Knee.L_z,Ankle.L_x,Ankle.L_y,Ankle.L_z,Wrist.R_x,Wrist.R_y,Wrist.R_z,Elbow.R_x,Elbow.R_y,Elbow.R_z,Shoulder.R_x,Shoulder.R_y,Shoulder.R_z,Shoulder.L_x,Shoulder.L_y,Shoulder.L_z,Elbow.L_x,Elbow.L_y,Elbow.L_z,Wrist.L_x,Wrist.L_y,Wrist.L_z,Neck_x,Neck_y,Neck_z,Head_x,Head_y,Head_z,Nose_x,Nose_y,Nose_z,hip.Center_x,hip.Center_y,hip.Center_z
0,0.15138878,-2.1814737,-0.3589733,0.22760691,-1.114636,-0.6711313,0.34190953,-0.047798205,-0.53951406,-0.15341745,0.028403234,-0.4587861,-0.38202178,-0.1621006,-1.142618,-0.30582035,-0.6955276,-1.5701787,0.7229172,-0.047798205,-1.2466469,0.7229172,0.561814,-0.94264466,0.57051384,1.2476442,-0.5301612,-0.26771915,1.2476442,-0.56750554,-0.38202178,0.5237133,-0.7267624,-0.49632394,-0.009697487,-1.1154306,0.15139736,1.2476442,-0.61572427,-0.30582845,1.933458,-0.5776249,-0.07721554,1.590551,-0.89564013,0.094246045,-0.009697487,-0.49688604
