frame,Ankle.R_x,Ankle.R_y,Ankle.R_z,Knee.R_x,Knee.R_y,Knee.R_z,Hip.R_x,Hip.R_y,Hip.R_z,Hip.L_x,Hip.L_y,Hip.L_z,Knee.L_x,Knee.L_y,Knee.L_z,Ankle.L_x,Ankle.L_y,Ankle.L_z,Wrist.R_x,Wrist.R_y,Wrist.R_z,Elbow.R_x,Elbow.R_y,Elbow.R_z,Shoulder.R_x,Shoulder.R_y,Shoulder.R_z,Shoulder.L_x,Shoulder.L_y,Shoulder.L_z,Elbow.L_x,Elbow.L_y,Elbow.L_z,Wrist.L_x,Wrist.L_y,Wrist.L_z,Neck_x,Neck_y,Neck_z,Head_x,Head_y,Head_z,Nose_x,Nose_y,Nose_z,hip.Center_x,hip.Center_y,hip.Center_z
0,0.15128592,-1.9317176,-0.45117807,0.22632626,-0.9185005,-0.65250266,0.3389161,-0.017857587,-0.42876676,-0.14893267,-0.017857587,-0.5727111,-0.33656237,-0.69333607,-1.3336606,-0.26150772,-1.5189235,-0.76394856,0.6016004,0.019677127,-1.2060235,0.63912034,0.5825805,-0.859336,0.48902538,1.1830039,-0.4757671,-0.22398731,1.1830039,-0.48210195,-0.33656237,0.5450458,-0.72978044,-0.44915172,0.019677127,-1.0694249,0.13251904,1.1830039,-0.48976833,-0.28027508,1.8584822,-0.38994005,-0.07387803,1.5207431,-0.6429788,0.09499147,-0.017857587,-0.5014075
