frame,Ankle.R_x,Ankle.R_y,Ankle.R_z,Knee.R_x,Knee.R_y,Knee.R_z,Hip.R_x,Hip.R_y,Hip.R_z,Hip.L_x,Hip.L_y,Hip.L_z,Knee.L_x,Knee.L_y,Knee.L_z,Ankle.L_x,Ankle.L_y,Ankle.L_z,Wrist.R_x,Wrist.R_y,Wrist.R_z,Elbow.R_x,Elbow.R_y,Elbow.R_z,Shoulder.R_x,Shoulder.R_y,Shoulder.R_z,Shoulder.L_x,Shoulder.L_y,Shoulder.L_z,Elbow.L_x,Elbow.L_y,Elbow.L_z,Wrist.L_x,Wrist.L_y,Wrist.L_z,Neck_x,Neck_y,Neck_z,Head_x,Head_y,Head_z,Nose_x,Nose_y,Nose_z,hip.Center_x,hip.Center_y,hip.Center_z
0,0.4352116,-1.7881624,-0.5363323,0.36457294,-0.90507543,-0.5374855,0.29392046,-0.022002792,-0.38496894,-0.16527897,-0.022002792,-0.61368716,-0.09462648,-0.9404019,-1.064508,-0.0239883,-1.7881624,-0.87699753,0.5058641,0.11930265,-1.2142673,0.5058641,0.5431758,-0.8495824,0.36457294,1.1436806,-0.42803383,-0.3418966,1.1083542,-0.47507674,-0.41254908,0.47253743,-0.7243079,-0.44786125,-0.022002792,-1.0581968,0.011338182,1.1260175,-0.4449135,-0.41254908,1.9384376,-0.35179514,-0.20060545,1.5322274,-0.5611807,0.06432051,-0.022002792,-0.49984023
