frame,Ankle.R_x,Ankle.R_y,Ankle.R_z,Knee.R_x,Knee.R_y,Knee.R_z,Hip.R_x,Hip.R_y,Hip.R_z,Hip.L_x,Hip.L_y,Hip.L_z,Knee.L_x,Knee.L_y,Knee.L_z,Ankle.L_x,Ankle.L_y,Ankle.L_z,Wrist.R_x,Wrist.R_y,Wrist.R_z,Elbow.R_x,Elbow.R_y,Elbow.R_z,Shoulder.R_x,Shoulder.R_y,Shoulder.R_z,Shoulder.L_x,Shoulder.L_y,Shoulder.L_z,Elbow.L_x,Elbow.L_y,Elbow.L_z,Wrist.L_x,Wrist.L_y,Wrist.L_z,Neck_x,Neck_y,Neck_z,Head_x,Head_y,Head_z,Nose_x,Nose_y,Nose_z,hip.Center_x,hip.Center_y,hip.Center_z
0,0.27835342,-1.897372,-0.57728,0.31480524,-0.9495945,-0.5701348,0.31480524,-0.03826857,-0.37673455,-0.122631334,-0.0018167533,-0.62456423,-0.15908363,-0.9495945,-1.0946133,-0.19553545,-1.8609202,-1.01494,0.56998277,-0.0018167533,-1.2015772,0.6064346,0.50852394,-0.82131124,0.49707863,1.1282204,-0.4201675,-0.23198727,1.1282204,-0.5835658,-0.30489138,0.50852394,-0.78264266,-0.3413432,-0.0018167533,-1.1583674,0.13254568,1.1282204,-0.50244904,0.49706432,1.8572867,-0.4430107,0.31480524,1.4927535,-0.59968495,0.09608672,-0.020042662,-0.50023323
