frame,Ankle.R_x,Ankle.R_y,Ankle.R_z,Knee.R_x,Knee.R_y,Knee.R_z,Hip.R_x,Hip.R_y,Hip.R_z,Hip.L_x,Hip.L_y,Hip.L_z,Knee.L_x,Knee.L_y,Knee.L_z,Ankle.L_x,Ankle.L_y,Ankle.L_z,Wrist.R_x,Wrist.R_y,Wrist.R_z,Elbow.R_x,Elbow.R_y,Elbow.R_z,Shoulder.R_x,Shoulder.R_y,Shoulder.R_z,Shoulder.L_x,Shoulder.L_y,Shoulder.L_z,Elbow.L_x,Elbow.L_y,Elbow.L_z,Wrist.L_x,Wrist.L_y,Wrist.L_z,Neck_x,Neck_y,Neck_z,Head_x,Head_y,Head_z,Nose_x,Nose_y,Nose_z,hip.Center_x,hip.Center_y,hip.Center_z
0,-0.071180336,-1.6696807,-1.7511293,-0.21428728,-0.91834015,-0.8560806,-0.14273405,-0.023892336,-0.6150642,0.28660154,-0.023892336,-0.3910054,0.25082493,-0.95411724,-0.6496186,0.25082493,-1.8127881,-1.2041206,-0.357409,0.11921484,0.116821885,-0.28584146,0.62010413,-0.31349117,-0.17851067,1.1567701,-0.52281606,0.5012622,1.1567701,-0.56300944,0.5728159,0.54855067,-0.4568439,0.5728159,-0.023892336,-0.27918062,0.161376,1.1567701,-0.59737104,0.12558508,1.9438876,-0.7669559,0.1434803,1.5503289,-0.6364835,0.071933754,-0.023892336,-0.49570322
