frame,Ankle.R_x,Ankle.R_y,Ankle.R_z,Knee.R_x,Knee.R_y,Knee.R_z,Hip.R_x,Hip.R_y,Hip.R_z,Hip.L_x,Hip.L_y,Hip.L_z,Knee.L_x,Knee.L_y,Knee.L_z,Ankle.L_x,Ankle.L_y,Ankle.L_z,Wrist.R_x,Wrist.R_y,Wrist.R_z,Elbow.R_x,Elbow.R_y,Elbow.R_z,Shoulder.R_x,Shoulder.R_y,Shoulder.R_z,Shoulder.L_x,Shoulder.L_y,Shoulder.L_z,Elbow.L_x,Elbow.L_y,Elbow.L_z,Wrist.L_x,Wrist.L_y,Wrist.L_z,Neck_x,Neck_y,Neck_z,Head_x,Head_y,Head_z,Nose_x,Nose_y,Nose_z,hip.Center_x,hip.Center_y,hip.Center_z
0,0.4886122,-0.99434245,-0.30840695,1.2614865,-0.10552849,-0.18017209,0.0635195,-0.028253455,-0.15559104,0.1021662,0.010392766,-0.8513938,0.024890922,-1.1489102,-0.93078136,-0.12969443,-2.114999,-0.75698835,0.14081195,0.12633215,-0.16802755,-0.28426263,0.70597494,-0.0712468,-0.091048695,1.4015741,-0.3238334,0.1021662,1.3629279,-1.0244417,0.14081195,0.66732824,-0.82099515,0.25675157,0.12633215,-0.6293396,0.00555899,1.382251,-0.73717606,0.81708,1.8846186,-0.7006627,0.4113193,1.6334349,-0.5799706,0.08284285,-0.008930344,-0.5014905
