frame,Ankle.R_x,Ankle.R_y,Ankle.R_z,Knee.R_x,Knee.R_y,Knee.R_z,Hip.R_x,Hip.R_y,Hip.R_z,Hip.L_x,Hip.L_y,Hip.L_z,Knee.L_x,Knee.L_y,Knee.L_z,Ankle.L_x,Ankle.L_y,Ankle.L_z,Wrist.R_x,Wrist.R_y,Wrist.R_z,Elbow.R_x,Elbow.R_y,Elbow.R_z,Shoulder.R_x,Shoulder.R_y,Shoulder.R_z,Shoulder.L_x,Shoulder.L_y,Shoulder.L_z,Elbow.L_x,Elbow.L_y,Elbow.L_z,Wrist.L_x,Wrist.L_y,Wrist.L_z,Neck_x,Neck_y,Neck_z,Head_x,Head_y,Head_z,Nose_x,Nose_y,Nose_z,hip.Center_x,hip.Center_y,hip.Center_z
0,0.50397485,-0.91334826,0.18794572,0.022990651,-1.3542519,-0.045763016,0.022990651,-0.07163982,-0.18025586,0.14323133,0.048620895,-0.80944383,1.1853614,0.12878175,-1.1172774,0.5440549,-0.91334826,-0.9271992,0.06307072,-0.15180068,-0.16833347,-0.25759178,0.68992704,-0.09249401,-0.097250514,1.5316353,-0.07820052,-0.21751171,1.5717158,-0.7988782,-0.21751171,0.64984673,-0.7846035,0.14323133,0.048620895,-0.44832575,-0.1573816,1.5516757,-0.40429774,0.9248099,2.0727596,-0.38610876,0.38371414,1.8122176,-0.47684327,0.083111234,-0.011509463,-0.49912336
