frame,Ankle.R_x,Ankle.R_y,Ankle.R_z,Knee.R_x,Knee.R_y,Knee.R_z,Hip.R_x,Hip.R_y,Hip.R_z,Hip.L_x,Hip.L_y,Hip.L_z,Knee.L_x,Knee.L_y,Knee.L_z,Ankle.L_x,Ankle.L_y,Ankle.L_z,Wrist.R_x,Wrist.R_y,Wrist.R_z,Elbow.R_x,Elbow.R_y,Elbow.R_z,Shoulder.R_x,Shoulder.R_y,Shoulder.R_z,Shoulder.L_x,Shoulder.L_y,Shoulder.L_z,Elbow.L_x,Elbow.L_y,Elbow.L_z,Wrist.L_x,Wrist.L_y,Wrist.L_z,Neck_x,Neck_y,Neck_z,Head_x,Head_y,Head_z,Nose_x,Nose_y,Nose_z,hip.Center_x,hip.Center_y,hip.Center_z
0,0.021627035,-1.7591348,-0.90104145,-0.08797732,-0.9553988,-0.3444109,-0.16104689,-0.042058483,-0.4221437,0.27735576,-0.005538238,-0.5776662,0.31389055,-0.8823292,-0.7867507,0.38696012,-1.6129956,-1.4054172,-0.45331088,-0.005538238,-0.11993393,-0.4167756,0.542469,-0.3749198,-0.34370604,1.1269964,-0.3575135,0.38696012,1.2000657,-0.5978962,0.49656448,0.61553836,-0.17405665,0.5330849,0.06753133,0.10014027,0.021627035,1.1635311,-0.5253131,-0.051442537,1.967267,-0.63319343,-0.014907751,1.565399,-0.5578116,0.05815467,-0.023798479,-0.49928233
