frame,Ankle.R_x,Ankle.R_y,Ankle.R_z,Knee.R_x,Knee.R_y,Knee.R_z,Hip.R_x,Hip.R_y,Hip.R_z,Hip.L_x,Hip.L_y,Hip.L_z,Knee.L_x,Knee.L_y,Knee.L_z,Ankle.L_x,Ankle.L_y,Ankle.L_z,Wrist.R_x,Wrist.R_y,Wrist.R_z,Elbow.R_x,Elbow.R_y,Elbow.R_z,Shoulder.R_x,Shoulder.R_y,Shoulder.R_z,Shoulder.L_x,Shoulder.L_y,Shoulder.L_z,Elbow.L_x,Elbow.L_y,Elbow.L_z,Wrist.L_x,Wrist.L_y,Wrist.L_z,Neck_x,Neck_y,Neck_z,Head_x,Head_y,Head_z,Nose_x,Nose_y,Nose_z,hip.Center_x,hip.Center_y,hip.Center_z
0,-0.06543729,-1.7260371,-0.18605578,-0.4976873,-0.86153686,-0.28600675,0.021008998,0.0029469896,-0.6606208,0.10745576,-0.04026805,-0.33109263,0.10745576,-1.1208936,-0.44857135,0.23713449,-2.2015023,-0.59133035,-0.15188405,-0.12671481,-0.39540347,0.10745576,0.5648755,-0.56748134,0.15068772,1.3429124,-0.7366904,0.15068772,1.3429124,-0.5317896,0.19391921,0.52164376,-0.36398274,0.021008998,-0.16994654,-0.278833,0.15068772,1.3429124,-0.6571329,-0.7138128,1.7751625,-0.6946436,-0.2815623,1.5590373,-0.7413268,0.064232856,-0.01866041,-0.49877012
