frame,Ankle.R_x,Ankle.R_y,Ankle.R_z,Knee.R_x,Knee.R_y,Knee.R_z,Hip.R_x,Hip.R_y,Hip.R_z,Hip.L_x,Hip.L_y,Hip.L_z,Knee.L_x,Knee.L_y,Knee.L_z,Ankle.L_x,Ankle.L_y,Ankle.L_z,Wrist.R_x,Wrist.R_y,Wrist.R_z,Elbow.R_x,Elbow.R_y,Elbow.R_z,Shoulder.R_x,Shoulder.R_y,Shoulder.R_z,Shoulder.L_x,Shoulder.L_y,Shoulder.L_z,Elbow.L_x,Elbow.L_y,Elbow.L_z,Wrist.L_x,Wrist.L_y,Wrist.L_z,Neck_x,Neck_y,Neck_z,Head_x,Head_y,Head_z,Nose_x,Nose_y,Nose_z,hip.Center_x,hip.Center_y,hip.Center_z
0,-0.32884184,-1.0490161,-0.4224367,-0.86621535,-0.13963565,-0.17219925,0.001837112,0.02569548,-0.7414413,0.12583956,-0.05696114,-0.25830793,0.16716799,-1.2143475,-0.35097286,0.2705067,-2.433743,-0.14933515,-0.12218251,0.108369745,-0.46739382,0.20851406,0.60439724,-0.84426993,0.20851406,1.389758,-0.7482072,0.29117092,1.3484297,-0.33703285,0.33251652,0.56305116,-0.15197885,0.001837112,-0.18098125,-0.29668635,0.2498425,1.3690938,-0.5390339,-0.65952075,1.8237755,-0.47117972,-0.20483938,1.5964347,-0.48270816,0.06383882,-0.01563295,-0.49582437
