frame,Ankle.R_x,Ankle.R_y,Ankle.R_z,Knee.R_x,Knee.R_y,Knee.R_z,Hip.R_x,Hip.R_y,Hip.R_z,Hip.L_x,Hip.L_y,Hip.L_z,Knee.L_x,Knee.L_y,Knee.L_z,Ankle.L_x,Ankle.L_y,Ankle.L_z,Wrist.R_x,Wrist.R_y,Wrist.R_z,Elbow.R_x,Elbow.R_y,Elbow.R_z,Shoulder.R_x,Shoulder.R_y,Shoulder.R_z,Shoulder.L_x,Shoulder.L_y,Shoulder.L_z,Elbow.L_x,Elbow.L_y,Elbow.L_z,Wrist.L_x,Wrist.L_y,Wrist.L_z,Neck_x,Neck_y,Neck_z,Head_x,Head_y,Head_z,Nose_x,Nose_y,Nose_z,hip.Center_x,hip.Center_y,hip.Center_z
0,-0.11251397,-1.7076943,-1.0626309,-0.14988989,-0.8854522,-0.39191192,-0.14988989,-0.025848588,-0.51101273,0.29860646,-0.025848588,-0.49215543,0.29860646,-0.92282814,-0.61068976,0.29860646,-1.7076943,-1.341836,-0.37414593,0.048903026,-0.09124228,-0.37414593,0.5721515,-0.40320072,-0.26201814,1.1701379,-0.44577685,0.44809586,1.1701379,-0.5956734,0.5228477,0.60952765,-0.22879738,0.5228477,0.048903026,-0.043656528,0.09303909,1.1701379,-0.57831836,0.05566316,1.9923797,-0.7151484,0.074350886,1.5812587,-0.60523915,0.074358515,-0.025848588,-0.49829906
