frame,Ankle.R_x,Ankle.R_y,Ankle.R_z,Knee.R_x,Knee.R_y,Knee.R_z,Hip.R_x,Hip.R_y,Hip.R_z,Hip.L_x,Hip.L_y,Hip.L_z,Knee.L_x,Knee.L_y,Knee.L_z,Ankle.L_x,Ankle.L_y,Ankle.L_z,Wrist.R_x,Wrist.R_y,Wrist.R_z,Elbow.R_x,Elbow.R_y,Elbow.R_z,Shoulder.R_x,Shoulder.R_y,Shoulder.R_z,Shoulder.L_x,Shoulder.L_y,Shoulder.L_z,Elbow.L_x,Elbow.L_y,Elbow.L_z,Wrist.L_x,Wrist.L_y,Wrist.L_z,Neck_x,Neck_y,Neck_z,Head_x,Head_y,Head_z,Nose_x,Nose_y,Nose_z,hip.Center_x,hip.Center_y,hip.Center_z
0,0.2638207,-1.9031577,-0.5319218,0.30009943,-0.9599022,-0.5644882,0.30009943,-0.01663202,-0.3477484,-0.13525718,-0.01663202,-0.6502758,-0.13525718,-0.92362374,-1.1850328,-0.098978944,-1.9031577,-1.1794688,0.5540634,0.019646466,-1.1991025,0.51777035,0.5275598,-0.82916284,0.40893465,1.144309,-0.4210793,-0.31664985,1.144309,-0.6140861,-0.42548507,0.49128133,-0.79612887,-0.38920683,-0.01663202,-1.108524,0.04614263,1.144309,-0.52658564,0.4089418,1.7973509,-0.49518415,0.22754198,1.47083,-0.6575505,0.08242088,-0.01663202,-0.5006574
