frame,Ankle.R_x,Ankle.R_y,Ankle.R_z,Knee.R_x,Knee.R_y,Knee.R_z,Hip.R_x,Hip.R_y,Hip.R_z,Hip.L_x,Hip.L_y,Hip.L_z,Knee.L_x,Knee.L_y,Knee.L_z,Ankle.L_x,Ankle.L_y,Ankle.L_z,Wrist.R_x,Wrist.R_y,Wrist.R_z,Elbow.R_x,Elbow.R_y,Elbow.R_z,Shoulder.R_x,Shoulder.R_y,Shoulder.R_z,Shoulder.L_x,Shoulder.L_y,Shoulder.L_z,Elbow.L_x,Elbow.L_y,Elbow.L_z,Wrist.L_x,Wrist.L_y,Wrist.L_z,Neck_x,Neck_y,Neck_z,Head_x,Head_y,Head_z,Nose_x,Nose_y,Nose_z,hip.Center_x,hip.Center_y,hip.Center_z
0,0.32007575,-1.9064311,-0.5754206,0.32007575,-0.9270045,-0.58194536,0.28379512,-0.020139622,-0.35449445,-0.15150379,-0.020139622,-0.6458095,-0.115223154,-0.9270045,-1.1606462,-0.04267572,-1.8338836,-0.96166086,0.53771853,0.052407816,-1.1577533,0.57399917,0.5239876,-0.7833369,0.39262366,1.1406627,-0.4045021,-0.29659867,1.1406627,-0.5971072,-0.40542722,0.48770672,-0.78268915,-0.40542722,-0.020139622,-1.1150229,0.04801251,1.1406627,-0.5070629,0.3019216,1.8661374,-0.47011903,0.17496707,1.5034001,-0.63065016,0.06614567,-0.020139622,-0.4997775
