frame,Ankle.R_x,Ankle.R_y,Ankle.R_z,Knee.R_x,Knee.R_y,Knee.R_z,Hip.R_x,Hip.R_y,Hip.R_z,Hip.L_x,Hip.L_y,Hip.L_z,Knee.L_x,Knee.L_y,Knee.L_z,Ankle.L_x,Ankle.L_y,Ankle.L_z,Wrist.R_x,Wrist.R_y,Wrist.R_z,Elbow.R_x,Elbow.R_y,Elbow.R_z,Shoulder.R_x,Shoulder.R_y,Shoulder.R_z,Shoulder.L_x,Shoulder.L_y,Shoulder.L_z,Elbow.L_x,Elbow.L_y,Elbow.L_z,Wrist.L_x,Wrist.L_y,Wrist.L_z,Neck_x,Neck_y,Neck_z,Head_x,Head_y,Head_z,Nose_x,Nose_y,Nose_z,hip.Center_x,hip.Center_y,hip.Center_z
0,0.25144178,-1.9107565,-0.36132628,0.13290389,-1.0020102,-0.49043214,0.21192916,-0.014238288,-0.59327424,-0.0646445,-0.014238288,-0.40126884,-0.104157135,-1.0810355,-0.59510344,-0.025131866,-2.0687923,-0.5688864,-0.0646445,0.025274348,-0.88426125,0.2909549,0.49939638,-0.84782946,0.21192916,1.1710819,-0.6437916,-0.104157135,1.1710819,-0.37594938,-0.22268026,0.538909,-0.3362394,-0.45975608,-0.014238288,-0.41714835,0.05388625,1.1710819,-0.5080663,-0.7363226,1.88225,-0.51948214,-0.34121817,1.5266659,-0.615238,0.07364257,-0.014238288,-0.49751934
