frame,Ankle.R_x,Ankle.R_y,Ankle.R_z,Knee.R_x,Knee.R_y,Knee.R_z,Hip.R_x,Hip.R_y,Hip.R_z,Hip.L_x,Hip.L_y,Hip.L_z,Knee.L_x,Knee.L_y,Knee.L_z,Ankle.L_x,Ankle.L_y,Ankle.L_z,Wrist.R_x,Wrist.R_y,Wrist.R_z,Elbow.R_x,Elbow.R_y,Elbow.R_z,Shoulder.R_x,Shoulder.R_y,Shoulder.R_z,Shoulder.L_x,Shoulder.L_y,Shoulder.L_z,Elbow.L_x,Elbow.L_y,Elbow.L_z,Wrist.L_x,Wrist.L_y,Wrist.L_z,Neck_x,Neck_y,Neck_z,Head_x,Head_y,Head_z,Nose_x,Nose_y,Nose_z,hip.Center_x,hip.Center_y,hip.Center_z
0,-0.34432843,-1.112177,-0.61746925,-0.48658422,-0.11635358,-0.23386997,-0.13093618,0.061470203,-0.7333882,0.33139893,-0.08078582,-0.2823717,0.18914315,-1.183313,-0.62256444,0.15357539,-1.8946086,-1.1871313,-0.45103267,0.061470203,-0.09254548,-0.3798962,0.59494156,-0.5504793,-0.16650441,1.2351172,-0.7798247,0.61592674,1.1639812,-0.29095852,0.651495,0.48825377,-0.17694911,0.5803585,-0.18748982,-0.13825065,0.22471139,1.1995492,-0.58502686,0.22471139,2.0531168,-0.5553318,0.22471139,1.626333,-0.39889333,0.10023115,-0.009657928,-0.49454197
