frame,Ankle.R_x,Ankle.R_y,Ankle.R_z,Knee.R_x,Knee.R_y,Knee.R_z,Hip.R_x,Hip.R_y,Hip.R_z,Hip.L_x,Hip.L_y,Hip.L_z,Knee.L_x,Knee.L_y,Knee.L_z,Ankle.L_x,Ankle.L_y,Ankle.L_z,Wrist.R_x,Wrist.R_y,Wrist.R_z,Elbow.R_x,Elbow.R_y,Elbow.R_z,Shoulder.R_x,Shoulder.R_y,Shoulder.R_z,Shoulder.L_x,Shoulder.L_y,Shoulder.L_z,Elbow.L_x,Elbow.L_y,Elbow.L_z,Wrist.L_x,Wrist.L_y,Wrist.L_z,Neck_x,Neck_y,Neck_z,Head_x,Head_y,Head_z,Nose_x,Nose_y,Nose_z,hip.Center_x,hip.Center_y,hip.Center_z
0,0.29487136,-1.9537569,0.3625729,0.06723549,-1.0432142,-0.07178038,0.06723549,0.003907077,-0.64098644,0.06723549,-0.041613944,-0.35110158,0.02171471,-1.088751,-0.6322403,0.02171471,-2.1358716,-0.8424486,-0.16039988,0.003907077,-0.5031486,0.11277201,0.5502356,-0.5346239,0.1582928,1.2786638,-0.6168427,0.11277201,1.2786638,-0.52443284,0.1582928,0.5502356,-0.337292,0.06723549,-0.08715046,-0.2505264,0.13553241,1.2786638,-0.5899117,-0.5473747,2.007123,-0.6899391,-0.20592114,1.6428936,-0.7123059,0.06723549,-0.018853553,-0.5000833
