frame,Ankle.R_x,Ankle.R_y,Ankle.R_z,Knee.R_x,Knee.R_y,Knee.R_z,Hip.R_x,Hip.R_y,Hip.R_z,Hip.L_x,Hip.L_y,Hip.L_z,Knee.L_x,Knee.L_y,Knee.L_z,Ankle.L_x,Ankle.L_y,Ankle.L_z,Wrist.R_x,Wrist.R_y,Wrist.R_z,Elbow.R_x,Elbow.R_y,Elbow.R_z,Shoulder.R_x,Shoulder.R_y,Shoulder.R_z,Shoulder.L_x,Shoulder.L_y,Shoulder.L_z,Elbow.L_x,Elbow.L_y,Elbow.L_z,Wrist.L_x,Wrist.L_y,Wrist.L_z,Neck_x,Neck_y,Neck_z,Head_x,Head_y,Head_z,Nose_x,Nose_y,Nose_z,hip.Center_x,hip.Center_y,hip.Center_z
0,0.3225896,-1.9176149,-0.24630356,0.1701276,-1.0028863,-0.40524778,0.24635097,-0.01191902,-0.50716555,-0.09666279,-0.01191902,-0.4893291,-0.09666279,-1.0409906,-0.7787143,-0.020439416,-2.031958,-1.0461967,0.2844703,0.10242391,-1.1344273,0.436918,0.5216763,-0.9831066,0.3225896,1.1314956,-0.59305835,-0.24912527,1.1314956,-0.44018748,-0.32534912,0.48355722,-0.53911227,-0.47781113,-0.088157654,-0.748006,0.036732405,1.1314956,-0.51846683,-0.68742967,1.8175534,-0.51016974,-0.32534912,1.4745245,-0.66438055,0.07484409,-0.01191902,-0.499279
