frame,Ankle.R_x,Ankle.R_y,Ankle.R_z,Knee.R_x,Knee.R_y,Knee.R_z,Hip.R_x,Hip.R_y,Hip.R_z,Hip.L_x,Hip.L_y,Hip.L_z,Knee.L_x,Knee.L_y,Knee.L_z,Ankle.L_x,Ankle.L_y,Ankle.L_z,Wrist.R_x,Wrist.R_y,Wrist.R_z,Elbow.R_x,Elbow.R_y,Elbow.R_z,Shoulder.R_x,Shoulder.R_y,Shoulder.R_z,Shoulder.L_x,Shoulder.L_y,Shoulder.L_z,Elbow.L_x,Elbow.L_y,Elbow.L_z,Wrist.L_x,Wrist.L_y,Wrist.L_z,Neck_x,Neck_y,Neck_z,Head_x,Head_y,Head_z,Nose_x,Nose_y,Nose_z,hip.Center_x,hip.Center_y,hip.Center_z
0,0.0034411438,-1.8053223,-1.2121885,-0.112840846,-0.9525374,-0.6457256,-0.15161105,-0.022226186,-0.43678778,0.27477485,-0.022226186,-0.55931216,0.31354505,-0.9137815,-0.799556,0.35230094,-1.7277967,-1.354857,-0.42294472,-0.022226186,-0.117102176,-0.42294472,0.5204412,-0.40165126,-0.34541863,1.1018928,-0.37131396,0.39107066,1.1794188,-0.62155235,0.50735265,0.5592114,-0.25229162,0.50735265,0.016529707,0.014870942,0.022826482,1.1406559,-0.5424995,-0.015943717,1.9934126,-0.6782783,0.0034411438,1.5670342,-0.5850035,0.061582375,-0.022226186,-0.49823567
