frame,Ankle.R_x,Ankle.R_y,Ankle.R_z,Knee.R_x,Knee.R_y,Knee.R_z,Hip.R_x,Hip.R_y,Hip.R_z,Hip.L_x,Hip.L_y,Hip.L_z,Knee.L_x,Knee.L_y,Knee.L_z,Ankle.L_x,Ankle.L_y,Ankle.L_z,Wrist.R_x,Wrist.R_y,Wrist.R_z,Elbow.R_x,Elbow.R_y,Elbow.R_z,Shoulder.R_x,Shoulder.R_y,Shoulder.R_z,Shoulder.L_x,Shoulder.L_y,Shoulder.L_z,Elbow.L_x,Elbow.L_y,Elbow.L_z,Wrist.L_x,Wrist.L_y,Wrist.L_z,Neck_x,Neck_y,Neck_z,Head_x,Head_y,Head_z,Nose_x,Nose_y,Nose_z,hip.Center_x,hip.Center_y,hip.Center_z
0,0.02464801,-1.8459786,0.123208225,0.14314443,-1.0503391,0.119101286,0.10929471,-0.034638945,-0.44168657,0.07542974,-0.00078946725,-0.55667204,0.17700893,-1.0164894,-0.62641025,0.0415805,-1.7613319,-0.9674315,0.41400176,0.06692475,-0.49043506,0.0415805,0.64248914,-0.39982334,0.10929471,1.2857679,-0.49655524,0.007731259,1.2857679,-0.5595583,0.0415805,0.6086399,-0.87584287,0.44786674,0.13463944,-0.69446504,0.058512986,1.2857679,-0.5083933,0.76949054,1.9628806,-0.6592456,0.41400176,1.6243242,-0.63300014,0.0923627,-0.017714087,-0.50221306
