frame,Ankle.R_x,Ankle.R_y,Ankle.R_z,Knee.R_x,Knee.R_y,Knee.R_z,Hip.R_x,Hip.R_y,Hip.R_z,Hip.L_x,Hip.L_y,Hip.L_z,Knee.L_x,Knee.L_y,Knee.L_z,Ankle.L_x,Ankle.L_y,Ankle.L_z,Wrist.R_x,Wrist.R_y,Wrist.R_z,Elbow.R_x,Elbow.R_y,Elbow.R_z,Shoulder.R_x,Shoulder.R_y,Shoulder.R_z,Shoulder.L_x,Shoulder.L_y,Shoulder.L_z,Elbow.L_x,Elbow.L_y,Elbow.L_z,Wrist.L_x,Wrist.L_y,Wrist.L_z,Neck_x,Neck_y,Neck_z,Head_x,Head_y,Head_z,Nose_x,Nose_y,Nose_z,hip.Center_x,hip.Center_y,hip.Center_z
0,0.16173327,-2.0477386,0.254991,0.27883828,-1.0328267,-0.080648065,0.16173327,-0.017914986,-0.49646628,-0.033442378,-0.017914986,-0.50715303,0.044627786,-0.9937916,-0.8571939,-0.033442378,-1.9696684,-0.8869707,0.47401345,-0.017914986,-0.8322617,0.16173327,0.567611,-0.4541025,0.16173327,1.2311919,-0.48016286,-0.15054739,1.1921567,-0.53354424,-0.22861755,0.5285759,-0.83165383,-0.033442378,0.09919026,-0.73328835,0.0055924654,1.2116742,-0.52092654,0.70822394,1.9533405,-0.65188396,0.35690844,1.5825073,-0.61316264,0.06414521,-0.017914986,-0.5004832
