frame,Ankle.R_x,Ankle.R_y,Ankle.R_z,Knee.R_x,Knee.R_y,Knee.R_z,Hip.R_x,Hip.R_y,Hip.R_z,Hip.L_x,Hip.L_y,Hip.L_z,Knee.L_x,Knee.L_y,Knee.L_z,Ankle.L_x,Ankle.L_y,Ankle.L_z,Wrist.R_x,Wrist.R_y,Wrist.R_z,Elbow.R_x,Elbow.R_y,Elbow.R_z,Shoulder.R_x,Shoulder.R_y,Shoulder.R_z,Shoulder.L_x,Shoulder.L_y,Shoulder.L_z,Elbow.L_x,Elbow.L_y,Elbow.L_z,Wrist.L_x,Wrist.L_y,Wrist.L_z,Neck_x,Neck_y,Neck_z,Head_x,Head_y,Head_z,Nose_x,Nose_y,Nose_z,hip.Center_x,hip.Center_y,hip.Center_z
0,0.3041797,-1.8293097,-0.56813836,0.3041797,-0.907835,-0.5900607,0.3041797,-0.021790257,-0.36234337,-0.121114224,-0.021790257,-0.6406417,-0.156558,-0.907835,-1.1864765,-0.22743127,-1.7938664,-0.9349542,0.58771324,0.049082763,-1.1899896,0.58771324,0.5452633,-0.8066317,0.4459534,1.1477746,-0.39763722,-0.22743127,1.1477746,-0.58393526,-0.36920497,0.5452633,-0.7768311,-0.36920497,0.049082763,-1.1562326,0.109261066,1.1477746,-0.49605048,0.56998444,1.856616,-0.4488363,0.339623,1.5021954,-0.60002494,0.09153274,-0.021790257,-0.4995291
