frame,Ankle.R_x,Ankle.R_y,Ankle.R_z,Knee.R_x,Knee.R_y,Knee.R_z,Hip.R_x,Hip.R_y,Hip.R_z,Hip.L_x,Hip.L_y,Hip.L_z,Knee.L_x,Knee.L_y,Knee.L_z,Ankle.L_x,Ankle.L_y,Ankle.L_z,Wrist.R_x,Wrist.R_y,Wrist.R_z,Elbow.R_x,Elbow.R_y,Elbow.R_z,Shoulder.R_x,Shoulder.R_y,Shoulder.R_z,Shoulder.L_x,Shoulder.L_y,Shoulder.L_z,Elbow.L_x,Elbow.L_y,Elbow.L_z,Wrist.L_x,Wrist.L_y,Wrist.L_z,Neck_x,Neck_y,Neck_z,Head_x,Head_y,Head_z,Nose_x,Nose_y,Nose_z,hip.Center_x,hip.Center_y,hip.Center_z
0,0.3551593,-2.0479395,0.2692833,0.1785827,-1.0325946,-0.0012590289,0.046137847,-0.017249458,-0.60571814,0.09028629,-0.017249458,-0.3810209,0.046137847,-1.0767425,-0.67318785,0.1785827,-2.136236,-0.6758384,-0.04214283,-0.017249458,-0.3682636,0.09028629,0.51249707,-0.48210403,0.09028629,1.3071172,-0.62359464,0.1785827,1.3071172,-0.5575968,0.26687863,0.6007935,-0.31692255,0.13443425,-0.017249458,-0.26804593,0.13443425,1.3071172,-0.596809,-0.5719051,1.9251603,-0.67376804,-0.21873519,1.6161387,-0.6605648,0.06821207,-0.017249458,-0.5004583
