frame,Ankle.R_x,Ankle.R_y,Ankle.R_z,Knee.R_x,Knee.R_y,Knee.R_z,Hip.R_x,Hip.R_y,Hip.R_z,Hip.L_x,Hip.L_y,Hip.L_z,Knee.L_x,Knee.L_y,Knee.L_z,Ankle.L_x,Ankle.L_y,Ankle.L_z,Wrist.R_x,Wrist.R_y,Wrist.R_z,Elbow.R_x,Elbow.R_y,Elbow.R_z,Shoulder.R_x,Shoulder.R_y,Shoulder.R_z,Shoulder.L_x,Shoulder.L_y,Shoulder.L_z,Elbow.L_x,Elbow.L_y,Elbow.L_z,Wrist.L_x,Wrist.L_y,Wrist.L_z,Neck_x,Neck_y,Neck_z,Head_x,Head_y,Head_z,Nose_x,Nose_y,Nose_z,hip.Center_x,hip.Center_y,hip.Center_z
0,-0.052872673,-1.7418942,-0.5147119,0.06531046,-1.1172314,0.14499378,0.031530365,-0.03671052,-0.45726886,0.13283871,-0.0029463954,-0.539241,0.26789618,-1.0834513,-0.22262844,0.21724175,-1.7418942,-0.96560895,0.2341318,0.030817967,-0.6394205,-0.06976272,0.638607,-0.3986823,0.06531046,1.3476887,-0.42023808,0.031530365,1.3814529,-0.575729,-0.0022344738,0.67237115,-0.8826436,0.2341318,0.064582095,-0.8211591,0.048420414,1.3645709,-0.4220695,0.82504654,1.8710669,-0.5621791,0.43673325,1.6178188,-0.46941045,0.0821843,-0.019828577,-0.5034878
