frame,Ankle.R_x,Ankle.R_y,Ankle.R_z,Knee.R_x,Knee.R_y,Knee.R_z,Hip.R_x,Hip.R_y,Hip.R_z,Hip.L_x,Hip.L_y,Hip.L_z,Knee.L_x,Knee.L_y,Knee.L_z,Ankle.L_x,Ankle.L_y,Ankle.L_z,Wrist.R_x,Wrist.R_y,Wrist.R_z,Elbow.R_x,Elbow.R_y,Elbow.R_z,Shoulder.R_x,Shoulder.R_y,Shoulder.R_z,Shoulder.L_x,Shoulder.L_y,Shoulder.L_z,Elbow.L_x,Elbow.L_y,Elbow.L_z,Wrist.L_x,Wrist.L_y,Wrist.L_z,Neck_x,Neck_y,Neck_z,Head_x,Head_y,Head_z,Nose_x,Nose_y,Nose_z,hip.Center_x,hip.Center_y,hip.Center_z
0,-0.08568849,-1.7464144,-0.38508013,0.06692992,-1.1868465,0.054078758,0.06692992,-0.033811145,-0.4249765,0.10084544,0.000103896484,-0.5759278,0.16865979,-1.152931,-0.46237904,0.03301488,-1.6955421,-0.86186576,0.23648988,-0.033811145,-0.46217832,-0.10264577,0.64446014,-0.45325896,-0.00090016425,1.3566303,-0.45839304,-0.034815207,1.3566303,-0.6364708,-0.10264577,0.64446014,-0.8919784,0.23648988,0.06793422,-0.7363428,-0.017857924,1.3566303,-0.47925803,0.76212704,1.899241,-0.56901336,0.37213433,1.6279355,-0.5302068,0.08388768,-0.016853863,-0.5029
