frame,Ankle.R_x,Ankle.R_y,Ankle.R_z,Knee.R_x,Knee.R_y,Knee.R_z,Hip.R_x,Hip.R_y,Hip.R_z,Hip.L_x,Hip.L_y,Hip.L_z,Knee.L_x,Knee.L_y,Knee.L_z,Ankle.L_x,Ankle.L_y,Ankle.L_z,Wrist.R_x,Wrist.R_y,Wrist.R_z,Elbow.R_x,Elbow.R_y,Elbow.R_z,Shoulder.R_x,Shoulder.R_y,Shoulder.R_z,Shoulder.L_x,Shoulder.L_y,Shoulder.L_z,Elbow.L_x,Elbow.L_y,Elbow.L_z,Wrist.L_x,Wrist.L_y,Wrist.L_z,Neck_x,Neck_y,Neck_z,Head_x,Head_y,Head_z,Nose_x,Nose_y,Nose_z,hip.Center_x,hip.Center_y,hip.Center_z
0,0.00909064,-1.7831651,-0.25863987,0.12794086,-1.1210314,0.070197046,0.093983866,-0.03443274,-0.46277714,0.093983866,-0.0004754942,-0.53467506,0.12794086,-1.0870739,-0.47450405,0.060026385,-1.6982876,-0.7908238,0.26375362,-0.0004754942,-0.5142239,-0.041845106,0.64469546,-0.4260973,0.060026385,1.3238074,-0.49844465,0.02606938,1.3238074,-0.5835686,-0.041845106,0.64469546,-0.8578701,0.26375362,0.06743875,-0.6711675,0.04304812,1.3238074,-0.47304407,0.7561171,2.0708342,-0.6533309,0.3995826,1.6973207,-0.57224643,0.093983866,-0.017454235,-0.5033216
