frame,Ankle.R_x,Ankle.R_y,Ankle.R_z,Knee.R_x,Knee.R_y,Knee.R_z,Hip.R_x,Hip.R_y,Hip.R_z,Hip.L_x,Hip.L_y,Hip.L_z,Knee.L_x,Knee.L_y,Knee.L_z,Ankle.L_x,Ankle.L_y,Ankle.L_z,Wrist.R_x,Wrist.R_y,Wrist.R_z,Elbow.R_x,Elbow.R_y,Elbow.R_z,Shoulder.R_x,Shoulder.R_y,Shoulder.R_z,Shoulder.L_x,Shoulder.L_y,Shoulder.L_z,Elbow.L_x,Elbow.L_y,Elbow.L_z,Wrist.L_x,Wrist.L_y,Wrist.L_z,Neck_x,Neck_y,Neck_z,Head_x,Head_y,Head_z,Nose_x,Nose_y,Nose_z,hip.Center_x,hip.Center_y,hip.Center_z
0,-0.086590216,-1.597674,-0.13816667,-0.6054196,-0.73298126,-0.32776326,0.043116644,0.002020998,-0.66421807,0.08634098,-0.041220263,-0.33139738,0.08634098,-1.2085687,-0.53434765,0.2592898,-2.2029686,-0.53943706,-0.086590216,-0.12768634,-0.4083998,0.12958248,0.5640742,-0.69005156,0.12958248,1.3423009,-0.79775447,0.1728235,1.3423009,-0.5395901,0.21604879,0.5640742,-0.34641597,-0.00012485683,-0.12768634,-0.27429187,0.15120275,1.3423009,-0.6952676,-0.756731,1.8611298,-0.64390683,-0.30276388,1.6017153,-0.74402946,0.06472929,-0.019599753,-0.49745995
