frame,Ankle.R_x,Ankle.R_y,Ankle.R_z,Knee.R_x,Knee.R_y,Knee.R_z,Hip.R_x,Hip.R_y,Hip.R_z,Hip.L_x,Hip.L_y,Hip.L_z,Knee.L_x,Knee.L_y,Knee.L_z,Ankle.L_x,Ankle.L_y,Ankle.L_z,Wrist.R_x,Wrist.R_y,Wrist.R_z,Elbow.R_x,Elbow.R_y,Elbow.R_z,Shoulder.R_x,Shoulder.R_y,Shoulder.R_z,Shoulder.L_x,Shoulder.L_y,Shoulder.L_z,Elbow.L_x,Elbow.L_y,Elbow.L_z,Wrist.L_x,Wrist.L_y,Wrist.L_z,Neck_x,Neck_y,Neck_z,Head_x,Head_y,Head_z,Nose_x,Nose_y,Nose_z,hip.Center_x,hip.Center_y,hip.Center_z
0,0.31655505,-1.8734087,-0.38965148,0.31655505,-0.97215825,-0.50822675,0.31655505,-0.03624494,-0.3852871,-0.13407084,-0.0015826933,-0.6161388,-0.16873309,-0.93749577,-1.0958736,-0.16873309,-1.8734087,-1.1450379,0.55920553,-0.0015826933,-1.1957815,0.55920553,0.51836747,-0.833369,0.45520452,1.142319,-0.42014238,-0.23805806,1.142319,-0.5690002,-0.3420591,0.48370498,-0.76930827,-0.3420591,-0.0015826933,-1.166424,0.10857346,1.142319,-0.50094646,0.52453613,1.8355951,-0.43999735,0.31655505,1.488957,-0.6034354,0.09124186,-0.018914055,-0.5007233
