frame,Ankle.R_x,Ankle.R_y,Ankle.R_z,Knee.R_x,Knee.R_y,Knee.R_z,Hip.R_x,Hip.R_y,Hip.R_z,Hip.L_x,Hip.L_y,Hip.L_z,Knee.L_x,Knee.L_y,Knee.L_z,Ankle.L_x,Ankle.L_y,Ankle.L_z,Wrist.R_x,Wrist.R_y,Wrist.R_z,Elbow.R_x,Elbow.R_y,Elbow.R_z,Shoulder.R_x,Shoulder.R_y,Shoulder.R_z,Shoulder.L_x,Shoulder.L_y,Shoulder.L_z,Elbow.L_x,Elbow.L_y,Elbow.L_z,Wrist.L_x,Wrist.L_y,Wrist.L_z,Neck_x,Neck_y,Neck_z,Head_x,Head_y,Head_z,Nose_x,Nose_y,Nose_z,hip.Center_x,hip.Center_y,hip.Center_z
0,0.06247113,-1.8870692,0.1411817,-0.017027639,-1.0125093,-0.2029401,0.10223553,-0.018672045,-0.637266,0.022721983,-0.018672045,-0.35203546,0.022721983,-1.0522585,-0.6618409,0.10223553,-2.0460958,-0.752502,0.18173382,0.060841743,-0.49887154,0.10223553,0.5378782,-0.6922409,0.14198467,1.2534406,-0.6523646,0.06247113,1.2136912,-0.39418578,-0.056792043,0.5776276,-0.35595763,-0.41456583,0.060841743,-0.25235966,0.10222743,1.2335659,-0.524743,-0.6928332,1.9888628,-0.57407105,-0.29530266,1.6112143,-0.60723734,0.06247828,-0.018672045,-0.49818692
