frame,Ankle.R_x,Ankle.R_y,Ankle.R_z,Knee.R_x,Knee.R_y,Knee.R_z,Hip.R_x,Hip.R_y,Hip.R_z,Hip.L_x,Hip.L_y,Hip.L_z,Knee.L_x,Knee.L_y,Knee.L_z,Ankle.L_x,Ankle.L_y,Ankle.L_z,Wrist.R_x,Wrist.R_y,Wrist.R_z,Elbow.R_x,Elbow.R_y,Elbow.R_z,Shoulder.R_x,Shoulder.R_y,Shoulder.R_z,Shoulder.L_x,Shoulder.L_y,Shoulder.L_z,Elbow.L_x,Elbow.L_y,Elbow.L_z,Wrist.L_x,Wrist.L_y,Wrist.L_z,Neck_x,Neck_y,Neck_z,Head_x,Head_y,Head_z,Nose_x,Nose_y,Nose_z,hip.Center_x,hip.Center_y,hip.Center_z
0,-0.031096373,-1.7321562,-1.2365978,-0.10449019,-0.92481273,-0.48402458,-0.14118662,-0.044062078,-0.40566495,0.2624918,-0.0073651653,-0.59479797,0.2624918,-0.88811606,-0.76102644,0.2624918,-1.7321562,-1.4030948,-0.43477526,0.029331507,-0.3013341,-0.5081691,0.5797973,-0.44319108,-0.36138144,1.16696,-0.32123378,0.2991887,1.16696,-0.61898047,0.37258205,0.616494,-0.29617605,0.4826723,0.10272509,-0.04229778,-0.031096373,1.16696,-0.500257,0.2624775,1.9743172,-0.5567124,0.11569032,1.5706387,-0.5050577,0.06065234,-0.02571362,-0.4998954
