frame,Ankle.R_x,Ankle.R_y,Ankle.R_z,Knee.R_x,Knee.R_y,Knee.R_z,Hip.R_x,Hip.R_y,Hip.R_z,Hip.L_x,Hip.L_y,Hip.L_z,Knee.L_x,Knee.L_y,Knee.L_z,Ankle.L_x,Ankle.L_y,Ankle.L_z,Wrist.R_x,Wrist.R_y,Wrist.R_z,Elbow.R_x,Elbow.R_y,Elbow.R_z,Shoulder.R_x,Shoulder.R_y,Shoulder.R_z,Shoulder.L_x,Shoulder.L_y,Shoulder.L_z,Elbow.L_x,Elbow.L_y,Elbow.L_z,Wrist.L_x,Wrist.L_y,Wrist.L_z,Neck_x,Neck_y,Neck_z,Head_x,Head_y,Head_z,Nose_x,Nose_y,Nose_z,hip.Center_x,hip.Center_y,hip.Center_z
0,0.42689523,-0.8678884,-1.3838118,0.5976125,-0.08256951,-1.2426374,0.32446155,0.019863933,-0.3028866,-0.1877059,-0.048419625,-0.7027095,-0.08527222,-1.0044554,-1.0036179,-0.051122576,-1.7556237,-0.431181,0.63176215,0.05401382,-1.2233963,0.4951788,0.63446504,-0.762893,0.29031143,1.31735,-0.63564044,-0.52914035,1.2490501,-0.8437819,-0.5974401,0.49788174,-1.0363214,-0.5632905,-0.08256951,-1.3140604,-0.11941424,1.2832001,-0.7354499,0.35860357,2.0343685,-0.6916904,0.11959466,1.6587843,-0.84123456,0.06837806,-0.014277847,-0.500889
