frame,Ankle.R_x,Ankle.R_y,Ankle.R_z,Knee.R_x,Knee.R_y,Knee.R_z,Hip.R_x,Hip.R_y,Hip.R_z,Hip.L_x,Hip.L_y,Hip.L_z,Knee.L_x,Knee.L_y,Knee.L_z,Ankle.L_x,Ankle.L_y,Ankle.L_z,Wrist.R_x,Wrist.R_y,Wrist.R_z,Elbow.R_x,Elbow.R_y,Elbow.R_z,Shoulder.R_x,Shoulder.R_y,Shoulder.R_z,Shoulder.L_x,Shoulder.L_y,Shoulder.L_z,Elbow.L_x,Elbow.L_y,Elbow.L_z,Wrist.L_x,Wrist.L_y,Wrist.L_z,Neck_x,Neck_y,Neck_z,Head_x,Head_y,Head_z,Nose_x,Nose_y,Nose_z,hip.Center_x,hip.Center_y,hip.Center_z
0,-0.10535364,-1.8592542,-0.35411906,0.016943648,-1.0381218,-0.008094907,0.05187674,-0.024795221,-0.506838,0.15670748,-0.024795221,-0.49652568,0.12175913,-1.0031732,-0.36744612,-0.0180047,-1.7719053,-0.9571163,-0.08788709,-0.024795221,-0.6034568,-0.22765093,0.6391061,-0.4680775,-0.08788709,1.3030076,-0.50022125,0.05187674,1.2680591,-0.61774343,0.086825565,0.56922394,-0.753859,0.33142012,0.11496861,-0.3064272,-0.0180047,1.2855333,-0.5466997,0.6109478,2.0891988,-0.7345856,0.2964713,1.687366,-0.6572985,0.10429259,-0.024795221,-0.50205564
