frame,Ankle.R_x,Ankle.R_y,Ankle.R_z,Knee.R_x,Knee.R_y,Knee.R_z,Hip.R_x,Hip.R_y,Hip.R_z,Hip.L_x,Hip.L_y,Hip.L_z,Knee.L_x,Knee.L_y,Knee.L_z,Ankle.L_x,Ankle.L_y,Ankle.L_z,Wrist.R_x,Wrist.R_y,Wrist.R_z,Elbow.R_x,Elbow.R_y,Elbow.R_z,Shoulder.R_x,Shoulder.R_y,Shoulder.R_z,Shoulder.L_x,Shoulder.L_y,Shoulder.L_z,Elbow.L_x,Elbow.L_y,Elbow.L_z,Wrist.L_x,Wrist.L_y,Wrist.L_z,Neck_x,Neck_y,Neck_z,Head_x,Head_y,Head_z,Nose_x,Nose_y,Nose_z,hip.Center_x,hip.Center_y,hip.Center_z
0,0.08624931,-1.7632567,-0.576615,-0.03228955,-0.9335423,-0.44871747,-0.11130576,-0.024812287,-0.6278653,0.24428172,-0.024812287,-0.374103,0.24428172,-0.97306544,-0.52924067,0.28380436,-1.8817955,-0.8775105,-0.3483687,0.13323492,-0.010655373,-0.22982983,0.6468546,-0.2735542,-0.19032197,1.1604891,-0.54491687,0.4023289,1.23952,-0.5586121,0.48134512,0.6468546,-0.3399075,0.36282057,0.05420392,-0.25108653,0.10600372,1.2000046,-0.5920894,-0.09153657,1.9111942,-0.7385789,0.007233098,1.5555993,-0.67825985,0.066487744,-0.024812287,-0.4968415
