frame,Ankle.R_x,Ankle.R_y,Ankle.R_z,Knee.R_x,Knee.R_y,Knee.R_z,Hip.R_x,Hip.R_y,Hip.R_z,Hip.L_x,Hip.L_y,Hip.L_z,Knee.L_x,Knee.L_y,Knee.L_z,Ankle.L_x,Ankle.L_y,Ankle.L_z,Wrist.R_x,Wrist.R_y,Wrist.R_z,Elbow.R_x,Elbow.R_y,Elbow.R_z,Shoulder.R_x,Shoulder.R_y,Shoulder.R_z,Shoulder.L_x,Shoulder.L_y,Shoulder.L_z,Elbow.L_x,Elbow.L_y,Elbow.L_z,Wrist.L_x,Wrist.L_y,Wrist.L_z,Neck_x,Neck_y,Neck_z,Head_x,Head_y,Head_z,Nose_x,Nose_y,Nose_z,hip.Center_x,hip.Center_y,hip.Center_z
0,-0.14542493,-1.6730827,-0.46002045,0.03647939,-1.1604422,0.082677186,0.03647939,-0.035961222,-0.43594506,0.1357111,-0.0028892271,-0.5627323,0.2018551,-1.1273702,-0.34455207,0.069551386,-1.6234668,-1.0172572,0.23492709,-0.035961222,-0.49038568,-0.12888107,0.65856737,-0.4880855,0.0034069195,1.3531121,-0.4828539,-0.06273659,1.3861841,-0.62204325,-0.095809065,0.65856737,-0.9036824,0.2018551,0.09632699,-0.72340494,-0.029665075,1.3696481,-0.4712519,0.7640957,1.9318728,-0.5549777,0.36721554,1.6507604,-0.5104443,0.08609525,-0.019425225,-0.5030066
