frame,Ankle.R_x,Ankle.R_y,Ankle.R_z,Knee.R_x,Knee.R_y,Knee.R_z,Hip.R_x,Hip.R_y,Hip.R_z,Hip.L_x,Hip.L_y,Hip.L_z,Knee.L_x,Knee.L_y,Knee.L_z,Ankle.L_x,Ankle.L_y,Ankle.L_z,Wrist.R_x,Wrist.R_y,Wrist.R_z,Elbow.R_x,Elbow.R_y,Elbow.R_z,Shoulder.R_x,Shoulder.R_y,Shoulder.R_z,Shoulder.L_x,Shoulder.L_y,Shoulder.L_z,Elbow.L_x,Elbow.L_y,Elbow.L_z,Wrist.L_x,Wrist.L_y,Wrist.L_z,Neck_x,Neck_y,Neck_z,Head_x,Head_y,Head_z,Nose_x,Nose_y,Nose_z,hip.Center_x,hip.Center_y,hip.Center_z
0,-0.36177105,-0.9365246,-0.39726043,-0.8652329,-0.013526218,-0.1276083,-0.026142076,0.07038091,-0.7567541,0.1416903,-0.09743334,-0.23994961,0.2255979,-1.2721717,-0.37085605,0.3514591,-2.446892,-0.26406085,0.099736735,-0.09743334,-0.45296514,0.26755196,0.61579657,-0.9043245,0.2255979,1.3709804,-0.7893028,0.3514591,1.3709804,-0.35033026,0.3514591,0.57384276,-0.06457454,0.099736735,-0.22329451,-0.34227082,0.2885285,1.3709804,-0.57690394,-0.6764416,1.7905526,-0.49624658,-0.19395633,1.5807666,-0.4900065,0.05777459,-0.013526218,-0.49593616
