frame,Ankle.R_x,Ankle.R_y,Ankle.R_z,Knee.R_x,Knee.R_y,Knee.R_z,Hip.R_x,Hip.R_y,Hip.R_z,Hip.L_x,Hip.L_y,Hip.L_z,Knee.L_x,Knee.L_y,Knee.L_z,Ankle.L_x,Ankle.L_y,Ankle.L_z,Wrist.R_x,Wrist.R_y,Wrist.R_z,Elbow.R_x,Elbow.R_y,Elbow.R_z,Shoulder.R_x,Shoulder.R_y,Shoulder.R_z,Shoulder.L_x,Shoulder.L_y,Shoulder.L_z,Elbow.L_x,Elbow.L_y,Elbow.L_z,Wrist.L_x,Wrist.L_y,Wrist.L_z,Neck_x,Neck_y,Neck_z,Head_x,Head_y,Head_z,Nose_x,Nose_y,Nose_z,hip.Center_x,hip.Center_y,hip.Center_z
0,0.017268408,-1.7368833,-1.4700599,-0.091984525,-0.9356628,-0.74759865,-0.16482903,-0.02516134,-0.46505436,0.27221036,-0.02516134,-0.53209287,0.3086326,-0.9356628,-0.74684536,0.3450415,-1.7733055,-1.3098662,-0.4561932,0.047669336,-0.181663,-0.4561932,0.59397596,-0.45383584,-0.3105042,1.1402683,-0.42602438,0.3450415,1.1766906,-0.6226863,0.45430827,0.59397596,-0.27801523,0.45430827,0.047669336,-0.016564846,0.017268408,1.1584795,-0.57482004,0.017268408,1.9232918,-0.6677864,0.017268408,1.5408857,-0.5882242,0.05369066,-0.02516134,-0.49807757
