frame,Ankle.R_x,Ankle.R_y,Ankle.R_z,Knee.R_x,Knee.R_y,Knee.R_z,Hip.R_x,Hip.R_y,Hip.R_z,Hip.L_x,Hip.L_y,Hip.L_z,Knee.L_x,Knee.L_y,Knee.L_z,Ankle.L_x,Ankle.L_y,Ankle.L_z,Wrist.R_x,Wrist.R_y,Wrist.R_z,Elbow.R_x,Elbow.R_y,Elbow.R_z,Shoulder.R_x,Shoulder.R_y,Shoulder.R_z,Shoulder.L_x,Shoulder.L_y,Shoulder.L_z,Elbow.L_x,Elbow.L_y,Elbow.L_z,Wrist.L_x,Wrist.L_y,Wrist.L_z,Neck_x,Neck_y,Neck_z,Head_x,Head_y,Head_z,Nose_x,Nose_y,Nose_z,hip.Center_x,hip.Center_y,hip.Center_z
0,0.16472447,-1.8991938,-0.51565915,0.23648465,-0.9664385,-0.5292979,0.30823052,-0.033668704,-0.41335607,-0.12227429,0.002204232,-0.5853227,-0.2299074,-0.93056554,-1.0566952,-0.15814722,-1.8633208,-1.0983597,0.55935585,0.002204232,-1.1865245,0.5952288,0.50446945,-0.8571277,0.45173705,1.1502264,-0.49474418,-0.2657808,1.1502264,-0.49965864,-0.33752668,0.50446945,-0.72989917,-0.37339914,0.002204232,-1.0970986,0.09297859,1.1502264,-0.49944693,-0.33752668,1.7959689,-0.4497333,-0.12227429,1.4730976,-0.6320294,0.09297859,-0.015732236,-0.5009458
