frame,Ankle.R_x,Ankle.R_y,Ankle.R_z,Knee.R_x,Knee.R_y,Knee.R_z,Hip.R_x,Hip.R_y,Hip.R_z,Hip.L_x,Hip.L_y,Hip.L_z,Knee.L_x,Knee.L_y,Knee.L_z,Ankle.L_x,Ankle.L_y,Ankle.L_z,Wrist.R_x,Wrist.R_y,Wrist.R_z,Elbow.R_x,Elbow.R_y,Elbow.R_z,Shoulder.R_x,Shoulder.R_y,Shoulder.R_z,Shoulder.L_x,Shoulder.L_y,Shoulder.L_z,Elbow.L_x,Elbow.L_y,Elbow.L_z,Wrist.L_x,Wrist.L_y,Wrist.L_z,Neck_x,Neck_y,Neck_z,Head_x,Head_y,Head_z,Nose_x,Nose_y,Nose_z,hip.Center_x,hip.Center_y,hip.Center_z
0,-0.12162199,-1.725668,-1.4146852,-0.1577672,-0.93036586,-0.6461289,-0.1577672,-0.026614955,-0.48023707,0.2760292,-0.026614955,-0.52365416,0.2760292,-0.93036586,-0.6447599,0.2760292,-1.725668,-1.3086518,-0.37466517,0.081834026,-0.028216392,-0.37466517,0.5879199,-0.35957348,-0.30237475,1.166324,-0.4341281,0.4206234,1.166324,-0.6555466,0.49292716,0.5879199,-0.33704466,0.5290719,0.009530017,-0.14087206,0.05912409,1.166324,-0.612985,0.13142785,1.9616259,-0.7220111,0.095275976,1.563975,-0.60621315,0.059131242,-0.026614955,-0.49717957
