frame,Ankle.R_x,Ankle.R_y,Ankle.R_z,Knee.R_x,Knee.R_y,Knee.R_z,Hip.R_x,Hip.R_y,Hip.R_z,Hip.L_x,Hip.L_y,Hip.L_z,Knee.L_x,Knee.L_y,Knee.L_z,Ankle.L_x,Ankle.L_y,Ankle.L_z,Wrist.R_x,Wrist.R_y,Wrist.R_z,Elbow.R_x,Elbow.R_y,Elbow.R_z,Shoulder.R_x,Shoulder.R_y,Shoulder.R_z,Shoulder.L_x,Shoulder.L_y,Shoulder.L_z,Elbow.L_x,Elbow.L_y,Elbow.L_z,Wrist.L_x,Wrist.L_y,Wrist.L_z,Neck_x,Neck_y,Neck_z,Head_x,Head_y,Head_z,Nose_x,Nose_y,Nose_z,hip.Center_x,hip.Center_y,hip.Center_z
0,0.04263469,-1.9944147,0.19805932,0.595864,-0.96701205,-0.089321434,0.08216258,-0.018633261,-0.3838625,0.08216258,-0.018633261,-0.6089171,0.12167426,-1.0065242,-0.85754526,-0.036388673,-2.0339422,-0.87737745,0.20069811,0.020878658,-0.40472594,-0.1549404,0.6531311,-0.4259345,-0.036388673,1.2853681,-0.4596442,0.08216258,1.3248956,-0.69284546,0.04263469,0.6136037,-0.8183603,0.31924936,0.13942991,-0.45644057,0.022886954,1.3051319,-0.56395423,0.69463605,1.8188331,-0.6080432,0.35876104,1.5619825,-0.4761622,0.08216258,-0.018633261,-0.5020043
