frame,Ankle.R_x,Ankle.R_y,Ankle.R_z,Knee.R_x,Knee.R_y,Knee.R_z,Hip.R_x,Hip.R_y,Hip.R_z,Hip.L_x,Hip.L_y,Hip.L_z,Knee.L_x,Knee.L_y,Knee.L_z,Ankle.L_x,Ankle.L_y,Ankle.L_z,Wrist.R_x,Wrist.R_y,Wrist.R_z,Elbow.R_x,Elbow.R_y,Elbow.R_z,Shoulder.R_x,Shoulder.R_y,Shoulder.R_z,Shoulder.L_x,Shoulder.L_y,Shoulder.L_z,Elbow.L_x,Elbow.L_y,Elbow.L_z,Wrist.L_x,Wrist.L_y,Wrist.L_z,Neck_x,Neck_y,Neck_z,Head_x,Head_y,Head_z,Nose_x,Nose_y,Nose_z,hip.Center_x,hip.Center_y,hip.Center_z
0,0.25143278,-2.0624123,-0.710455,0.123272285,-1.0370792,-0.6694015,-0.047613755,-0.01174682,-0.70298064,0.16599832,-0.01174682,-0.29511416,-0.17579044,-1.0370792,-0.19488022,0.16599832,-2.0624123,-0.01834786,-0.17579044,-0.09719795,-0.10467231,-0.13306488,0.5009113,-0.31252897,-0.09033932,1.1844721,-0.5738007,0.33688438,1.2699069,-0.57451797,0.4223193,0.58636266,-0.37249765,0.29415834,-0.09719795,-0.29787156,0.123272285,1.2271895,-0.580019,-0.47485363,1.8252989,-0.6366702,-0.17579044,1.5262443,-0.5730006,0.059192523,-0.01174682,-0.4963506
