frame,Ankle.R_x,Ankle.R_y,Ankle.R_z,Knee.R_x,Knee.R_y,Knee.R_z,Hip.R_x,Hip.R_y,Hip.R_z,Hip.L_x,Hip.L_y,Hip.L_z,Knee.L_x,Knee.L_y,Knee.L_z,Ankle.L_x,Ankle.L_y,Ankle.L_z,Wrist.R_x,Wrist.R_y,Wrist.R_z,Elbow.R_x,Elbow.R_y,Elbow.R_z,Shoulder.R_x,Shoulder.R_y,Shoulder.R_z,Shoulder.L_x,Shoulder.L_y,Shoulder.L_z,Elbow.L_x,Elbow.L_y,Elbow.L_z,Wrist.L_x,Wrist.L_y,Wrist.L_z,Neck_x,Neck_y,Neck_z,Head_x,Head_y,Head_z,Nose_x,Nose_y,Nose_z,hip.Center_x,hip.Center_y,hip.Center_z
0,0.08067256,-1.8392465,-0.10464507,-0.027320087,-0.9753626,-0.33930737,0.116665184,-0.003500741,-0.6352612,0.008672535,-0.039493125,-0.3575825,0.008672535,-1.047348,-0.668447,0.1526578,-1.9472244,-0.60149324,0.29662877,0.06848474,-0.49790382,0.18865043,0.5724122,-0.69812024,0.18865043,1.2563179,-0.5908822,0.044665158,1.2203251,-0.39960715,-0.063313186,0.5724122,-0.39068592,-0.38726205,0.03249212,-0.27811494,0.116657555,1.2383214,-0.4862702,-0.6752259,1.9942272,-0.51999587,-0.27928418,1.6162744,-0.5747083,0.0626691,-0.021497052,-0.49783286
