frame,Ankle.R_x,Ankle.R_y,Ankle.R_z,Knee.R_x,Knee.R_y,Knee.R_z,Hip.R_x,Hip.R_y,Hip.R_z,Hip.L_x,Hip.L_y,Hip.L_z,Knee.L_x,Knee.L_y,Knee.L_z,Ankle.L_x,Ankle.L_y,Ankle.L_z,Wrist.R_x,Wrist.R_y,Wrist.R_z,Elbow.R_x,Elbow.R_y,Elbow.R_z,Shoulder.R_x,Shoulder.R_y,Shoulder.R_z,Shoulder.L_x,Shoulder.L_y,Shoulder.L_z,Elbow.L_x,Elbow.L_y,Elbow.L_z,Wrist.L_x,Wrist.L_y,Wrist.L_z,Neck_x,Neck_y,Neck_z,Head_x,Head_y,Head_z,Nose_x,Nose_y,Nose_z,hip.Center_x,hip.Center_y,hip.Center_z
0,0.46124673,-0.8146131,-1.2134478,0.56371474,-0.13144353,-1.2104336,0.32459903,0.03934882,-0.3205182,-0.18777823,-0.06311991,-0.685434,-0.08529257,-1.0537288,-0.98007905,-0.051131003,-1.7368987,-0.41136038,0.63203883,0.073510624,-1.2837148,0.4953916,0.6200497,-0.82248765,0.29045367,1.3032192,-0.6412641,-0.5293629,1.2348955,-0.8070781,-0.59766984,0.5175643,-1.0540657,-0.5635078,-0.09728172,-1.3125665,-0.11945414,1.2690573,-0.70985526,0.35877776,2.0888743,-0.68485165,0.11966158,1.6789658,-0.8062957,0.06841064,-0.011885665,-0.5015722
