frame,Ankle.R_x,Ankle.R_y,Ankle.R_z,Knee.R_x,Knee.R_y,Knee.R_z,Hip.R_x,Hip.R_y,Hip.R_z,Hip.L_x,Hip.L_y,Hip.L_z,Knee.L_x,Knee.L_y,Knee.L_z,Ankle.L_x,Ankle.L_y,Ankle.L_z,Wrist.R_x,Wrist.R_y,Wrist.R_z,Elbow.R_x,Elbow.R_y,Elbow.R_z,Shoulder.R_x,Shoulder.R_y,Shoulder.R_z,Shoulder.L_x,Shoulder.L_y,Shoulder.L_z,Elbow.L_x,Elbow.L_y,Elbow.L_z,Wrist.L_x,Wrist.L_y,Wrist.L_z,Neck_x,Neck_y,Neck_z,Head_x,Head_y,Head_z,Nose_x,Nose_y,Nose_z,hip.Center_x,hip.Center_y,hip.Center_z
0,0.5106162,-0.95670915,-0.43133414,1.2455114,-0.028418534,-0.27617967,0.085139625,-0.028418534,-0.13022378,0.085139625,0.010267742,-0.8757276,0.007784717,-1.1887906,-0.93587816,-0.069569714,-2.0783947,-0.68294394,0.1238259,0.08762217,-0.1994152,-0.34031928,0.70649433,-0.11735004,-0.10825599,1.4027032,-0.2968213,0.085139625,1.4027032,-1.043592,0.1238259,0.6291218,-0.77992976,0.20118034,0.12630844,-0.60722256,-0.011558183,1.4027032,-0.7466369,0.8007096,1.9442028,-0.65601814,0.39457548,1.673453,-0.51558214,0.085139625,-0.009075396,-0.50185347
