frame,Ankle.R_x,Ankle.R_y,Ankle.R_z,Knee.R_x,Knee.R_y,Knee.R_z,Hip.R_x,Hip.R_y,Hip.R_z,Hip.L_x,Hip.L_y,Hip.L_z,Knee.L_x,Knee.L_y,Knee.L_z,Ankle.L_x,Ankle.L_y,Ankle.L_z,Wrist.R_x,Wrist.R_y,Wrist.R_z,Elbow.R_x,Elbow.R_y,Elbow.R_z,Shoulder.R_x,Shoulder.R_y,Shoulder.R_z,Shoulder.L_x,Shoulder.L_y,Shoulder.L_z,Elbow.L_x,Elbow.L_y,Elbow.L_z,Wrist.L_x,Wrist.L_y,Wrist.L_z,Neck_x,Neck_y,Neck_z,Head_x,Head_y,Head_z,Nose_x,Nose_y,Nose_z,hip.Center_x,hip.Center_y,hip.Center_z
0,0.06618213,-1.9127338,0.16135228,0.17236328,-1.0278246,0.06997645,0.101575844,-0.036733583,-0.4690315,0.030787937,-0.0013243686,-0.52433425,0.06618213,-0.9924306,-0.7725569,-0.004621513,-1.8773401,-1.0573936,0.42013645,-0.0013243686,-0.60154045,0.06618213,0.6004029,-0.53709,0.13697004,1.2729332,-0.53378713,-0.110803135,1.2729332,-0.54699755,-0.21700001,0.6004029,-0.8795109,0.34934855,0.069463536,-0.8294431,0.0130834505,1.2729332,-0.524871,0.75640154,1.910085,-0.6501989,0.38474226,1.5915092,-0.6057686,0.06618213,-0.019028855,-0.50197893
