frame,Ankle.R_x,Ankle.R_y,Ankle.R_z,Knee.R_x,Knee.R_y,Knee.R_z,Hip.R_x,Hip.R_y,Hip.R_z,Hip.L_x,Hip.L_y,Hip.L_z,Knee.L_x,Knee.L_y,Knee.L_z,Ankle.L_x,Ankle.L_y,Ankle.L_z,Wrist.R_x,Wrist.R_y,Wrist.R_z,Elbow.R_x,Elbow.R_y,Elbow.R_z,Shoulder.R_x,Shoulder.R_y,Shoulder.R_z,Shoulder.L_x,Shoulder.L_y,Shoulder.L_z,Elbow.L_x,Elbow.L_y,Elbow.L_z,Wrist.L_x,Wrist.L_y,Wrist.L_z,Neck_x,Neck_y,Neck_z,Head_x,Head_y,Head_z,Nose_x,Nose_y,Nose_z,hip.Center_x,hip.Center_y,hip.Center_z
0,-0.006355904,-1.7900715,-0.37890762,0.08047328,-1.1127744,0.026485562,0.08047328,-0.03605391,-0.49574327,0.115211345,-0.001331823,-0.4995312,0.115211345,-1.0780525,-0.38291088,0.011013366,-1.7032418,-0.74113965,0.1499494,-0.03605391,-0.4987124,-0.09318509,0.65859556,-0.40656304,0.011013366,1.3185234,-0.5446037,-0.023724698,1.3532616,-0.6269491,-0.058447026,0.58913565,-0.8502637,0.25414786,0.06814431,-0.5072845,-0.006355904,1.3358924,-0.5078912,0.7230481,2.1347728,-0.72224134,0.3583463,1.7353326,-0.60182786,0.097842075,-0.018692987,-0.50387704
