frame,Ankle.R_x,Ankle.R_y,Ankle.R_z,Knee.R_x,Knee.R_y,Knee.R_z,Hip.R_x,Hip.R_y,Hip.R_z,Hip.L_x,Hip.L_y,Hip.L_z,Knee.L_x,Knee.L_y,Knee.L_z,Ankle.L_x,Ankle.L_y,Ankle.L_z,Wrist.R_x,Wrist.R_y,Wrist.R_z,Elbow.R_x,Elbow.R_y,Elbow.R_z,Shoulder.R_x,Shoulder.R_y,Shoulder.R_z,Shoulder.L_x,Shoulder.L_y,Shoulder.L_z,Elbow.L_x,Elbow.L_y,Elbow.L_z,Wrist.L_x,Wrist.L_y,Wrist.L_z,Neck_x,Neck_y,Neck_z,Head_x,Head_y,Head_z,Nose_x,Nose_y,Nose_z,hip.Center_x,hip.Center_y,hip.Center_z
0,0.3573398,-1.9204886,-0.60281885,0.3573398,-0.9334174,-0.5979631,0.28421587,-0.01947099,-0.35261324,-0.1544729,-0.01947099,-0.6473741,-0.0813628,-0.9334174,-1.1538627,-0.00823839,-1.8108094,-0.91079557,0.5401296,0.053639114,-1.1579379,0.5766844,0.528897,-0.7743031,0.3938951,1.1503894,-0.39610362,-0.3007074,1.1138201,-0.60526913,-0.3738175,0.45578712,-0.79661095,-0.41038662,-0.01947099,-1.1512821,0.04659407,1.1321049,-0.5038973,0.30250734,1.8998315,-0.45347857,0.17455046,1.5159681,-0.6158258,0.06487124,-0.01947099,-0.49952763
