frame,Ankle.R_x,Ankle.R_y,Ankle.R_z,Knee.R_x,Knee.R_y,Knee.R_z,Hip.R_x,Hip.R_y,Hip.R_z,Hip.L_x,Hip.L_y,Hip.L_z,Knee.L_x,Knee.L_y,Knee.L_z,Ankle.L_x,Ankle.L_y,Ankle.L_z,Wrist.R_x,Wrist.R_y,Wrist.R_z,Elbow.R_x,Elbow.R_y,Elbow.R_z,Shoulder.R_x,Shoulder.R_y,Shoulder.R_z,Shoulder.L_x,Shoulder.L_y,Shoulder.L_z,Elbow.L_x,Elbow.L_y,Elbow.L_z,Wrist.L_x,Wrist.L_y,Wrist.L_z,Neck_x,Neck_y,Neck_z,Head_x,Head_y,Head_z,Nose_x,Nose_y,Nose_z,hip.Center_x,hip.Center_y,hip.Center_z
0,0.39708212,-1.9021453,-0.6834253,0.39708212,-0.92271435,-0.6248876,0.28407362,-0.018617747,-0.34370798,-0.13030073,-0.018617747,-0.65713346,-0.13030073,-0.9603747,-1.0928376,-0.13030073,-1.8644713,-0.9241735,0.6231134,0.056730628,-1.1577287,0.5101044,0.5464388,-0.75217855,0.359422,1.1491699,-0.34966898,-0.28098318,1.1114957,-0.60413516,-0.35631773,0.5087789,-0.81529486,-0.3186576,0.019056441,-1.1845994,0.039219163,1.130333,-0.47329873,0.52892756,1.8460867,-0.40915346,0.28407362,1.4882098,-0.52051353,0.07688644,-0.018617747,-0.4989324
