frame,Ankle.R_x,Ankle.R_y,Ankle.R_z,Knee.R_x,Knee.R_y,Knee.R_z,Hip.R_x,Hip.R_y,Hip.R_z,Hip.L_x,Hip.L_y,Hip.L_z,Knee.L_x,Knee.L_y,Knee.L_z,Ankle.L_x,Ankle.L_y,Ankle.L_z,Wrist.R_x,Wrist.R_y,Wrist.R_z,Elbow.R_x,Elbow.R_y,Elbow.R_z,Shoulder.R_x,Shoulder.R_y,Shoulder.R_z,Shoulder.L_x,Shoulder.L_y,Shoulder.L_z,Elbow.L_x,Elbow.L_y,Elbow.L_z,Wrist.L_x,Wrist.L_y,Wrist.L_z,Neck_x,Neck_y,Neck_z,Head_x,Head_y,Head_z,Nose_x,Nose_y,Nose_z,hip.Center_x,hip.Center_y,hip.Center_z
0,0.5361631,-1.1169555,-0.33645472,1.2373765,-0.104088314,-0.29431027,0.06870009,-0.02618385,-0.12609848,0.107642904,0.012777561,-0.8744267,0.029738203,-1.2338212,-0.9219568,-0.16504978,-2.1298225,-0.7034159,0.06870009,0.051738735,-0.19591683,-0.35982013,0.67502904,-0.14736065,-0.087126955,1.4152032,-0.3378403,0.06870009,1.3762419,-1.0735054,0.107642904,0.59712434,-0.72538173,0.18556525,0.051738735,-0.52709603,-0.009213194,1.3957226,-0.7868645,0.7698853,1.9021472,-0.7319615,0.38033605,1.6489348,-0.6058662,0.088171735,-0.006703382,-0.5012845
