frame,Ankle.R_x,Ankle.R_y,Ankle.R_z,Knee.R_x,Knee.R_y,Knee.R_z,Hip.R_x,Hip.R_y,Hip.R_z,Hip.L_x,Hip.L_y,Hip.L_z,Knee.L_x,Knee.L_y,Knee.L_z,Ankle.L_x,Ankle.L_y,Ankle.L_z,Wrist.R_x,Wrist.R_y,Wrist.R_z,Elbow.R_x,Elbow.R_y,Elbow.R_z,Shoulder.R_x,Shoulder.R_y,Shoulder.R_z,Shoulder.L_x,Shoulder.L_y,Shoulder.L_z,Elbow.L_x,Elbow.L_y,Elbow.L_z,Wrist.L_x,Wrist.L_y,Wrist.L_z,Neck_x,Neck_y,Neck_z,Head_x,Head_y,Head_z,Nose_x,Nose_y,Nose_z,hip.Center_x,hip.Center_y,hip.Center_z
0,0.03533166,-1.7629765,0.0083912015,0.15156692,-1.148547,-0.13952523,0.18477482,-0.052564733,-0.40739614,-0.014487334,0.013866315,-0.59310496,0.11835902,-1.0821313,-0.9063244,-0.014487334,-1.7131575,-0.6242409,0.45046848,-0.085772626,-0.58174205,0.21798271,0.6448926,-0.4899023,0.28441375,1.2759185,-0.4537113,-0.080918856,1.3091264,-0.53633094,-0.047710963,0.6116847,-0.6832603,0.01872056,-0.052564733,-0.67179084,0.101747446,1.2925224,-0.4583717,0.8656358,1.9235641,-0.5018657,0.48369163,1.6080432,-0.5529933,0.0851435,-0.019349208,-0.50383794
