frame,Ankle.R_x,Ankle.R_y,Ankle.R_z,Knee.R_x,Knee.R_y,Knee.R_z,Hip.R_x,Hip.R_y,Hip.R_z,Hip.L_x,Hip.L_y,Hip.L_z,Knee.L_x,Knee.L_y,Knee.L_z,Ankle.L_x,Ankle.L_y,Ankle.L_z,Wrist.R_x,Wrist.R_y,Wrist.R_z,Elbow.R_x,Elbow.R_y,Elbow.R_z,Shoulder.R_x,Shoulder.R_y,Shoulder.R_z,Shoulder.L_x,Shoulder.L_y,Shoulder.L_z,Elbow.L_x,Elbow.L_y,Elbow.L_z,Wrist.L_x,Wrist.L_y,Wrist.L_z,Neck_x,Neck_y,Neck_z,Head_x,Head_y,Head_z,Nose_x,Nose_y,Nose_z,hip.Center_x,hip.Center_y,hip.Center_z
0,-0.23494518,-1.5708841,-1.4482217,-0.30726373,-0.73924315,-0.73129773,-0.12647426,0.020094275,-0.63686585,0.3074366,-0.05222428,-0.3715099,0.27126992,-0.99235094,-0.73600453,0.19895136,-1.8601588,-1.3689654,-0.3434304,0.020094275,0.08050698,-0.27111185,0.52632415,-0.38981444,-0.12647426,1.1771765,-0.48422423,0.6328627,1.1410098,-0.43371838,0.6690146,0.52632415,-0.2802282,0.6328627,-0.088376164,-0.23346335,0.25319397,1.1590931,-0.49905145,0.21704257,1.9907492,-0.66561925,0.23511803,1.5749211,-0.5085788,0.090480916,-0.016065001,-0.49633738
