frame,Ankle.R_x,Ankle.R_y,Ankle.R_z,Knee.R_x,Knee.R_y,Knee.R_z,Hip.R_x,Hip.R_y,Hip.R_z,Hip.L_x,Hip.L_y,Hip.L_z,Knee.L_x,Knee.L_y,Knee.L_z,Ankle.L_x,Ankle.L_y,Ankle.L_z,Wrist.R_x,Wrist.R_y,Wrist.R_z,Elbow.R_x,Elbow.R_y,Elbow.R_z,Shoulder.R_x,Shoulder.R_y,Shoulder.R_z,Shoulder.L_x,Shoulder.L_y,Shoulder.L_z,Elbow.L_x,Elbow.L_y,Elbow.L_z,Wrist.L_x,Wrist.L_y,Wrist.L_z,Neck_x,Neck_y,Neck_z,Head_x,Head_y,Head_z,Nose_x,Nose_y,Nose_z,hip.Center_x,hip.Center_y,hip.Center_z
0,0.2648597,-1.9887549,0.21225196,0.08946327,-1.0679439,-0.045043826,0.0017571822,-0.015566243,-0.6316818,0.13330844,-0.015566243,-0.3551938,0.08946327,-1.0679439,-0.6626825,0.2209988,-2.1203063,-0.9660977,-0.12977788,0.028278934,-0.3023095,0.04560236,0.5544678,-0.46737605,0.08946327,1.2560532,-0.65791005,0.2648597,1.2560532,-0.5772637,0.2648597,0.598313,-0.30095565,0.0017571822,-0.05941142,-0.23558736,0.17716172,1.2560532,-0.6430339,-0.5244393,1.9576068,-0.7701721,-0.17363879,1.60683,-0.7098775,0.06753258,-0.015566243,-0.49974343
