frame,Ankle.R_x,Ankle.R_y,Ankle.R_z,Knee.R_x,Knee.R_y,Knee.R_z,Hip.R_x,Hip.R_y,Hip.R_z,Hip.L_x,Hip.L_y,Hip.L_z,Knee.L_x,Knee.L_y,Knee.L_z,Ankle.L_x,Ankle.L_y,Ankle.L_z,Wrist.R_x,Wrist.R_y,Wrist.R_z,Elbow.R_x,Elbow.R_y,Elbow.R_z,Shoulder.R_x,Shoulder.R_y,Shoulder.R_z,Shoulder.L_x,Shoulder.L_y,Shoulder.L_z,Elbow.L_x,Elbow.L_y,Elbow.L_z,Wrist.L_x,Wrist.L_y,Wrist.L_z,Neck_x,Neck_y,Neck_z,Head_x,Head_y,Head_z,Nose_x,Nose_y,Nose_z,hip.Center_x,hip.Center_y,hip.Center_z
0,-0.30513316,-1.132718,-0.85327405,-0.41036302,-0.22069658,-0.34980553,-0.12973434,0.05991564,-0.72130466,0.32626027,-0.08039036,-0.29416814,0.22103041,-1.2028712,-0.7687106,0.1859538,-1.8693408,-1.4339485,-0.44543964,0.024839023,-0.13592198,-0.3752864,0.62115586,-0.5363299,-0.12973434,1.2174729,-0.7675283,0.6419646,1.1473199,-0.3419277,0.67704123,0.48085007,-0.24248824,0.6068885,-0.15054335,-0.14441147,0.25611562,1.1823964,-0.5970868,0.2560994,2.0943859,-0.62338525,0.25610703,1.6383911,-0.46361038,0.09826249,-0.010237357,-0.4948946
