frame,Ankle.R_x,Ankle.R_y,Ankle.R_z,Knee.R_x,Knee.R_y,Knee.R_z,Hip.R_x,Hip.R_y,Hip.R_z,Hip.L_x,Hip.L_y,Hip.L_z,Knee.L_x,Knee.L_y,Knee.L_z,Ankle.L_x,Ankle.L_y,Ankle.L_z,Wrist.R_x,Wrist.R_y,Wrist.R_z,Elbow.R_x,Elbow.R_y,Elbow.R_z,Shoulder.R_x,Shoulder.R_y,Shoulder.R_z,Shoulder.L_x,Shoulder.L_y,Shoulder.L_z,Elbow.L_x,Elbow.L_y,Elbow.L_z,Wrist.L_x,Wrist.L_y,Wrist.L_z,Neck_x,Neck_y,Neck_z,Head_x,Head_y,Head_z,Nose_x,Nose_y,Nose_z,hip.Center_x,hip.Center_y,hip.Center_z
0,-0.12804626,-1.7247782,-1.3494425,-0.16625522,-0.884196,-0.64659977,-0.12804626,-0.0054184794,-0.48520353,0.292238,-0.04362744,-0.5188453,0.292238,-0.9224047,-0.6769395,0.25402904,-1.7247782,-1.2657926,-0.35730004,0.032790482,-0.087543815,-0.31909108,0.6059106,-0.3544293,-0.20446418,1.1790164,-0.38949546,0.52149177,1.1790164,-0.6272712,0.5979092,0.56770164,-0.33030584,0.55970025,0.032790482,-0.109687835,0.1585138,1.1790164,-0.5647981,0.12029053,1.9431953,-0.6825319,0.13940217,1.561106,-0.5917356,0.08209588,-0.02452296,-0.49745867
