frame,Ankle.R_x,Ankle.R_y,Ankle.R_z,Knee.R_x,Knee.R_y,Knee.R_z,Hip.R_x,Hip.R_y,Hip.R_z,Hip.L_x,Hip.L_y,Hip.L_z,Knee.L_x,Knee.L_y,Knee.L_z,Ankle.L_x,Ankle.L_y,Ankle.L_z,Wrist.R_x,Wrist.R_y,Wrist.R_z,Elbow.R_x,Elbow.R_y,Elbow.R_z,Shoulder.R_x,Shoulder.R_y,Shoulder.R_z,Shoulder.L_x,Shoulder.L_y,Shoulder.L_z,Elbow.L_x,Elbow.L_y,Elbow.L_z,Wrist.L_x,Wrist.L_y,Wrist.L_z,Neck_x,Neck_y,Neck_z,Head_x,Head_y,Head_z,Nose_x,Nose_y,Nose_z,hip.Center_x,hip.Center_y,hip.Center_z
0,-0.040331177,-1.7361985,-0.58814776,0.06348676,-1.1132289,0.005119562,0.06348676,-0.04033433,-0.48651755,0.13271397,-0.005728347,-0.51558095,0.13271397,-1.0786229,-0.38247177,0.06348676,-1.7015926,-0.61718357,0.06348676,-0.005728347,-0.47828537,-0.10955887,0.65184724,-0.23078105,-0.0057251975,1.3440449,-0.50723225,-0.0057251975,1.3786508,-0.65090424,0.098108,0.5826355,-0.8241825,0.3403656,0.13271107,-0.34950668,-0.0057251975,1.3613478,-0.5328263,0.75566834,2.0189238,-0.7159287,0.37497157,1.6901357,-0.61107504,0.09810037,-0.023031337,-0.50279963
