frame,Ankle.R_x,Ankle.R_y,Ankle.R_z,Knee.R_x,Knee.R_y,Knee.R_z,Hip.R_x,Hip.R_y,Hip.R_z,Hip.L_x,Hip.L_y,Hip.L_z,Knee.L_x,Knee.L_y,Knee.L_z,Ankle.L_x,Ankle.L_y,Ankle.L_z,Wrist.R_x,Wrist.R_y,Wrist.R_z,Elbow.R_x,Elbow.R_y,Elbow.R_z,Shoulder.R_x,Shoulder.R_y,Shoulder.R_z,Shoulder.L_x,Shoulder.L_y,Shoulder.L_z,Elbow.L_x,Elbow.L_y,Elbow.L_z,Wrist.L_x,Wrist.L_y,Wrist.L_z,Neck_x,Neck_y,Neck_z,Head_x,Head_y,Head_z,Nose_x,Nose_y,Nose_z,hip.Center_x,hip.Center_y,hip.Center_z
0,0.091762036,-1.8360257,-0.011982441,0.013139222,-0.971118,-0.17897534,-0.065497905,-0.02758765,-0.6512222,0.13107345,-0.02758765,-0.3448534,0.17039916,-0.971118,-0.5234538,0.36695573,-1.8753514,-0.862008,-0.22274306,0.09036088,-0.12665144,-0.065497905,0.60143733,-0.32672074,-0.104809314,1.2304624,-0.5459508,0.2883334,1.2697737,-0.6372492,0.40628192,0.6800599,-0.36215347,0.2883334,0.051034927,-0.33945578,0.091762036,1.2501181,-0.6227032,-0.380003,1.997092,-0.7816821,-0.14412072,1.623605,-0.77430326,0.032787774,-0.02758765,-0.4973443
