frame,Ankle.R_x,Ankle.R_y,Ankle.R_z,Knee.R_x,Knee.R_y,Knee.R_z,Hip.R_x,Hip.R_y,Hip.R_z,Hip.L_x,Hip.L_y,Hip.L_z,Knee.L_x,Knee.L_y,Knee.L_z,Ankle.L_x,Ankle.L_y,Ankle.L_z,Wrist.R_x,Wrist.R_y,Wrist.R_z,Elbow.R_x,Elbow.R_y,Elbow.R_z,Shoulder.R_x,Shoulder.R_y,Shoulder.R_z,Shoulder.L_x,Shoulder.L_y,Shoulder.L_z,Elbow.L_x,Elbow.L_y,Elbow.L_z,Wrist.L_x,Wrist.L_y,Wrist.L_z,Neck_x,Neck_y,Neck_z,Head_x,Head_y,Head_z,Nose_x,Nose_y,Nose_z,hip.Center_x,hip.Center_y,hip.Center_z
0,0.16765863,-1.8475145,-0.6084621,0.2402156,-0.94045246,-0.53843725,0.31278688,-0.033389904,-0.399673,-0.12261218,0.0028885808,-0.60057825,-0.23144788,-0.94045246,-1.0115733,-0.23144788,-1.8837932,-1.0198236,0.6393216,0.0028885808,-1.248492,0.6393216,0.5108446,-0.90048075,0.45791513,1.0913577,-0.5167087,-0.23144788,1.1276361,-0.51491964,-0.37657613,0.5108446,-0.7738017,-0.41286868,0.03916683,-1.2071974,0.11323339,1.1094968,-0.51204693,-0.35845822,1.798874,-0.4516983,-0.12261218,1.4541855,-0.63975036,0.09508687,-0.015250543,-0.5001799
