frame,Ankle.R_x,Ankle.R_y,Ankle.R_z,Knee.R_x,Knee.R_y,Knee.R_z,Hip.R_x,Hip.R_y,Hip.R_z,Hip.L_x,Hip.L_y,Hip.L_z,Knee.L_x,Knee.L_y,Knee.L_z,Ankle.L_x,Ankle.L_y,Ankle.L_z,Wrist.R_x,Wrist.R_y,Wrist.R_z,Elbow.R_x,Elbow.R_y,Elbow.R_z,Shoulder.R_x,Shoulder.R_y,Shoulder.R_z,Shoulder.L_x,Shoulder.L_y,Shoulder.L_z,Elbow.L_x,Elbow.L_y,Elbow.L_z,Wrist.L_x,Wrist.L_y,Wrist.L_z,Neck_x,Neck_y,Neck_z,Head_x,Head_y,Head_z,Nose_x,Nose_y,Nose_z,hip.Center_x,hip.Center_y,hip.Center_z
0,0.074875206,-2.1413205,0.10675657,-0.087471634,-1.1672223,-0.019036591,-0.16865364,-0.071383,-0.29033753,0.2778133,0.050373074,-0.6770458,0.44016013,-0.15256453,-0.63623154,0.39956936,-1.0454657,-0.78133696,-0.4933478,-0.15256453,-0.42002687,-0.4933478,0.456249,-0.4203506,-0.41216627,1.1462281,-0.10086131,0.39956936,1.2273936,-0.6043537,0.52132547,0.5780051,-0.007938743,0.6836728,-0.03079224,0.24618787,-0.006298214,1.1868109,-0.33025348,-0.087464005,2.079728,-0.42402947,-0.046881348,1.6332693,-0.46707773,0.054579586,-0.010504965,-0.5020823
