frame,Ankle.R_x,Ankle.R_y,Ankle.R_z,Knee.R_x,Knee.R_y,Knee.R_z,Hip.R_x,Hip.R_y,Hip.R_z,Hip.L_x,Hip.L_y,Hip.L_z,Knee.L_x,Knee.L_y,Knee.L_z,Ankle.L_x,Ankle.L_y,Ankle.L_z,Wrist.R_x,Wrist.R_y,Wrist.R_z,Elbow.R_x,Elbow.R_y,Elbow.R_z,Shoulder.R_x,Shoulder.R_y,Shoulder.R_z,Shoulder.L_x,Shoulder.L_y,Shoulder.L_z,Elbow.L_x,Elbow.L_y,Elbow.L_z,Wrist.L_x,Wrist.L_y,Wrist.L_z,Neck_x,Neck_y,Neck_z,Head_x,Head_y,Head_z,Nose_x,Nose_y,Nose_z,hip.Center_x,hip.Center_y,hip.Center_z
0,0.4055104,-1.8000063,-0.6369561,0.3342776,-0.9096588,-0.60460305,0.29866835,-0.019297238,-0.38974607,-0.16431001,-0.019297238,-0.60857725,-0.093091525,-0.9452683,-1.0809534,-0.021858253,-1.8000063,-0.8155445,0.5123529,0.08754504,-1.1936879,0.5123529,0.5505234,-0.85317135,0.36990163,1.1559677,-0.4563773,-0.34238485,1.120344,-0.49417692,-0.41361812,0.47929037,-0.7344612,-0.44922736,-0.019297238,-1.0642638,0.013758145,1.1381558,-0.46851426,-0.41362527,1.8860517,-0.38262206,-0.19993308,1.5121038,-0.58929014,0.06717964,-0.019297238,-0.5000176
