frame,Ankle.R_x,Ankle.R_y,Ankle.R_z,Knee.R_x,Knee.R_y,Knee.R_z,Hip.R_x,Hip.R_y,Hip.R_z,Hip.L_x,Hip.L_y,Hip.L_z,Knee.L_x,Knee.L_y,Knee.L_z,Ankle.L_x,Ankle.L_y,Ankle.L_z,Wrist.R_x,Wrist.R_y,Wrist.R_z,Elbow.R_x,Elbow.R_y,Elbow.R_z,Shoulder.R_x,Shoulder.R_y,Shoulder.R_z,Shoulder.L_x,Shoulder.L_y,Shoulder.L_z,Elbow.L_x,Elbow.L_y,Elbow.L_z,Wrist.L_x,Wrist.L_y,Wrist.L_z,Neck_x,Neck_y,Neck_z,Head_x,Head_y,Head_z,Nose_x,Nose_y,Nose_z,hip.Center_x,hip.Center_y,hip.Center_z
0,0.13177279,-1.8919055,-0.411408,0.16969374,-0.9439869,-0.4088986,0.2834418,-0.033988938,-0.42124438,-0.09572289,0.003932014,-0.5770504,-0.24739191,-0.9819076,-0.8928325,-0.36113998,-1.9677327,-1.0149068,0.3971894,0.003932014,-1.1507037,0.5488579,0.4968443,-0.87743425,0.3971894,1.1035193,-0.49177468,-0.09572289,1.1793463,-0.38233465,-0.20947096,0.53476524,-0.5271369,-0.39906046,0.041837946,-0.8489237,0.15073326,1.1414328,-0.44052443,-0.49386284,1.8997471,-0.45712554,-0.17156431,1.5205901,-0.60388345,0.09385898,-0.0150287,-0.49905476
