frame,Ankle.R_x,Ankle.R_y,Ankle.R_z,Knee.R_x,Knee.R_y,Knee.R_z,Hip.R_x,Hip.R_y,Hip.R_z,Hip.L_x,Hip.L_y,Hip.L_z,Knee.L_x,Knee.L_y,Knee.L_z,Ankle.L_x,Ankle.L_y,Ankle.L_z,Wrist.R_x,Wrist.R_y,Wrist.R_z,Elbow.R_x,Elbow.R_y,Elbow.R_z,Shoulder.R_x,Shoulder.R_y,Shoulder.R_z,Shoulder.L_x,Shoulder.L_y,Shoulder.L_z,Elbow.L_x,Elbow.L_y,Elbow.L_z,Wrist.L_x,Wrist.L_y,Wrist.L_z,Neck_x,Neck_y,Neck_z,Head_x,Head_y,Head_z,Nose_x,Nose_y,Nose_z,hip.Center_x,hip.Center_y,hip.Center_z
0,-0.100461885,-1.2347453,-0.25966957,-0.6967668,-0.4549677,0.0068264604,-0.054593485,0.0037153028,-0.66304386,0.17474754,-0.042153094,-0.3308314,0.22061594,-1.2347453,-0.45006844,0.31235227,-2.2438476,-0.46970367,-0.054593485,0.049583223,-0.47326544,0.22061594,0.60000277,-0.80329615,0.22061594,1.3797635,-0.726678,0.35822067,1.3338951,-0.44401303,0.40408906,0.60000277,-0.22738066,0.037142355,-0.08802149,-0.32563615,0.2894183,1.3568293,-0.58515465,-0.5820789,1.9531511,-0.5819776,-0.14633028,1.6549902,-0.62980837,0.06007679,-0.019218896,-0.4983363
