frame,Ankle.R_x,Ankle.R_y,Ankle.R_z,Knee.R_x,Knee.R_y,Knee.R_z,Hip.R_x,Hip.R_y,Hip.R_z,Hip.L_x,Hip.L_y,Hip.L_z,Knee.L_x,Knee.L_y,Knee.L_z,Ankle.L_x,Ankle.L_y,Ankle.L_z,Wrist.R_x,Wrist.R_y,Wrist.R_z,Elbow.R_x,Elbow.R_y,Elbow.R_z,Shoulder.R_x,Shoulder.R_y,Shoulder.R_z,Shoulder.L_x,Shoulder.L_y,Shoulder.L_z,Elbow.L_x,Elbow.L_y,Elbow.L_z,Wrist.L_x,Wrist.L_y,Wrist.L_z,Neck_x,Neck_y,Neck_z,Head_x,Head_y,Head_z,Nose_x,Nose_y,Nose_z,hip.Center_x,hip.Center_y,hip.Center_z
0,-0.072763726,-1.7053921,-0.74361664,0.06611176,-1.0804684,0.030902922,0.031400874,-0.038918965,-0.47031197,0.17026015,-0.004208319,-0.52937406,0.06611176,-1.0804684,-0.22144046,-0.0033257455,-1.6706812,-0.7286366,0.06611176,-0.038918965,-0.38749424,-0.17691211,0.65544176,-0.352267,-0.03803663,1.3498029,-0.5180137,0.031400874,1.3498029,-0.6533192,0.13554926,0.55127716,-0.7914873,0.3438627,0.03051854,-0.4071481,-0.003318116,1.3498029,-0.51232076,0.6910431,2.1136014,-0.6578332,0.3438627,1.7317021,-0.57361543,0.10083075,-0.021563761,-0.5024958
