frame,Ankle.R_x,Ankle.R_y,Ankle.R_z,Knee.R_x,Knee.R_y,Knee.R_z,Hip.R_x,Hip.R_y,Hip.R_z,Hip.L_x,Hip.L_y,Hip.L_z,Knee.L_x,Knee.L_y,Knee.L_z,Ankle.L_x,Ankle.L_y,Ankle.L_z,Wrist.R_x,Wrist.R_y,Wrist.R_z,Elbow.R_x,Elbow.R_y,Elbow.R_z,Shoulder.R_x,Shoulder.R_y,Shoulder.R_z,Shoulder.L_x,Shoulder.L_y,Shoulder.L_z,Elbow.L_x,Elbow.L_y,Elbow.L_z,Wrist.L_x,Wrist.L_y,Wrist.L_z,Neck_x,Neck_y,Neck_z,Head_x,Head_y,Head_z,Nose_x,Nose_y,Nose_z,hip.Center_x,hip.Center_y,hip.Center_z
0,0.018249687,-1.9062754,-0.29801536,-0.3635481,-0.9305404,-0.29845536,-0.024165455,0.0027639251,-0.616667,0.14552659,-0.03966719,-0.37461793,0.14552659,-1.100248,-0.5265317,0.31521815,-2.1608124,-0.80506617,-0.109010994,0.0027639251,-0.35169756,0.18794078,0.59668463,-0.5050051,0.18794078,1.3178823,-0.73720735,0.18794078,1.3178823,-0.52179605,0.23037213,0.55426997,-0.39223748,0.018249687,-0.12451297,-0.29115614,0.18794078,1.3178823,-0.6463952,-0.66051704,1.7421277,-0.71277666,-0.23628837,1.530005,-0.7808528,0.06068104,-0.018451752,-0.49846575
