frame,Ankle.R_x,Ankle.R_y,Ankle.R_z,Knee.R_x,Knee.R_y,Knee.R_z,Hip.R_x,Hip.R_y,Hip.R_z,Hip.L_x,Hip.L_y,Hip.L_z,Knee.L_x,Knee.L_y,Knee.L_z,Ankle.L_x,Ankle.L_y,Ankle.L_z,Wrist.R_x,Wrist.R_y,Wrist.R_z,Elbow.R_x,Elbow.R_y,Elbow.R_z,Shoulder.R_x,Shoulder.R_y,Shoulder.R_z,Shoulder.L_x,Shoulder.L_y,Shoulder.L_z,Elbow.L_x,Elbow.L_y,Elbow.L_z,Wrist.L_x,Wrist.L_y,Wrist.L_z,Neck_x,Neck_y,Neck_z,Head_x,Head_y,Head_z,Nose_x,Nose_y,Nose_z,hip.Center_x,hip.Center_y,hip.Center_z
0,0.21497084,-1.7883289,-0.60948265,0.28864074,-0.90437126,-0.59125715,0.28864074,-0.020428173,-0.35766572,-0.11650251,-0.020428173,-0.64527005,-0.1533377,-0.90437126,-1.1886796,-0.1901729,-1.7883289,-0.9076098,0.6201141,0.053242214,-1.1657209,0.5832932,0.56887674,-0.79763055,0.4359672,1.1581818,-0.41145164,-0.263829,1.1581818,-0.58874655,-0.41115546,0.60571194,-0.7805487,-0.37433457,0.12689805,-1.1403686,0.08606888,1.1581818,-0.5035752,0.41754222,1.821157,-0.4577214,0.25180554,1.4896693,-0.6204549,0.08606888,-0.020428173,-0.49976343
