frame,Ankle.R_x,Ankle.R_y,Ankle.R_z,Knee.R_x,Knee.R_y,Knee.R_z,Hip.R_x,Hip.R_y,Hip.R_z,Hip.L_x,Hip.L_y,Hip.L_z,Knee.L_x,Knee.L_y,Knee.L_z,Ankle.L_x,Ankle.L_y,Ankle.L_z,Wrist.R_x,Wrist.R_y,Wrist.R_z,Elbow.R_x,Elbow.R_y,Elbow.R_z,Shoulder.R_x,Shoulder.R_y,Shoulder.R_z,Shoulder.L_x,Shoulder.L_y,Shoulder.L_z,Elbow.L_x,Elbow.L_y,Elbow.L_z,Wrist.L_x,Wrist.L_y,Wrist.L_z,Neck_x,Neck_y,Neck_z,Head_x,Head_y,Head_z,Nose_x,Nose_y,Nose_z,hip.Center_x,hip.Center_y,hip.Center_z
0,0.21031249,-2.4978278,0.03195405,0.084491365,-1.2815562,-0.3560117,0.042544477,-0.023357093,-0.7522736,0.084491365,0.018589795,-0.2419388,-0.92208326,-0.107232034,-0.8082582,-0.33492076,-1.1138064,-0.73156464,-0.16715229,0.018589795,-0.86827636,-0.041330703,0.56380516,-0.65336406,-0.041330703,1.3187175,-0.7267273,0.25224125,1.3606642,-0.37461147,0.42000973,0.60575205,0.031284094,0.25224125,-0.19112557,-0.036481768,0.10545503,1.3396909,-0.6375189,-0.7752975,1.7171749,-0.7169477,-0.33492076,1.528433,-0.8781496,0.06351768,-0.0023836489,-0.49963596
