frame,Ankle.R_x,Ankle.R_y,Ankle.R_z,Knee.R_x,Knee.R_y,Knee.R_z,Hip.R_x,Hip.R_y,Hip.R_z,Hip.L_x,Hip.L_y,Hip.L_z,Knee.L_x,Knee.L_y,Knee.L_z,Ankle.L_x,Ankle.L_y,Ankle.L_z,Wrist.R_x,Wrist.R_y,Wrist.R_z,Elbow.R_x,Elbow.R_y,Elbow.R_z,Shoulder.R_x,Shoulder.R_y,Shoulder.R_z,Shoulder.L_x,Shoulder.L_y,Shoulder.L_z,Elbow.L_x,Elbow.L_y,Elbow.L_z,Wrist.L_x,Wrist.L_y,Wrist.L_z,Neck_x,Neck_y,Neck_z,Head_x,Head_y,Head_z,Nose_x,Nose_y,Nose_z,hip.Center_x,hip.Center_y,hip.Center_z
0,-0.015999056,-2.137251,-0.40675402,0.07779243,-1.1431276,-0.43019122,0.040275358,-0.055212602,-0.3441466,0.11530902,0.019820586,-0.6387763,0.9781406,-0.35532892,-0.6984225,0.4154251,-1.2931772,-0.80649596,0.15282515,-0.092729196,-0.46165323,-0.10977385,0.62005293,-0.10758376,0.0027592406,1.370335,-0.15167022,-0.18480751,1.4078517,-0.72122395,-0.2973573,0.6575695,-0.8752163,0.19034222,0.05733718,-0.7169842,-0.09102414,1.3890933,-0.41212583,0.8468411,1.8767759,-0.4074846,0.3779085,1.6329346,-0.59980154,0.07779243,-0.017696247,-0.5036104
