frame,Ankle.R_x,Ankle.R_y,Ankle.R_z,Knee.R_x,Knee.R_y,Knee.R_z,Hip.R_x,Hip.R_y,Hip.R_z,Hip.L_x,Hip.L_y,Hip.L_z,Knee.L_x,Knee.L_y,Knee.L_z,Ankle.L_x,Ankle.L_y,Ankle.L_z,Wrist.R_x,Wrist.R_y,Wrist.R_z,Elbow.R_x,Elbow.R_y,Elbow.R_z,Shoulder.R_x,Shoulder.R_y,Shoulder.R_z,Shoulder.L_x,Shoulder.L_y,Shoulder.L_z,Elbow.L_x,Elbow.L_y,Elbow.L_z,Wrist.L_x,Wrist.L_y,Wrist.L_z,Neck_x,Neck_y,Neck_z,Head_x,Head_y,Head_z,Nose_x,Nose_y,Nose_z,hip.Center_x,hip.Center_y,hip.Center_z
0,0.095828295,-1.8400915,-0.06900507,0.21198392,-1.0270452,-0.26778108,0.24516892,-0.031501748,-0.32559812,-0.08668351,0.0016832566,-0.6837636,0.012871981,-0.9606893,-1.0469198,-0.020313501,-1.7903063,-0.9434376,0.7429478,-0.09787247,-0.95345616,0.5106509,0.4994624,-0.6512064,0.41109538,1.1631677,-0.38390884,-0.119868994,1.1631677,-0.67435837,-0.25260997,0.56583285,-0.8635488,-0.15305448,0.10123923,-1.1622373,0.14561296,1.1631677,-0.5467941,0.8093183,1.8932434,-0.53775644,0.4774654,1.5282055,-0.59677446,0.079242945,-0.014909246,-0.50014424
