frame,Ankle.R_x,Ankle.R_y,Ankle.R_z,Knee.R_x,Knee.R_y,Knee.R_z,Hip.R_x,Hip.R_y,Hip.R_z,Hip.L_x,Hip.L_y,Hip.L_z,Knee.L_x,Knee.L_y,Knee.L_z,Ankle.L_x,Ankle.L_y,Ankle.L_z,Wrist.R_x,Wrist.R_y,Wrist.R_z,Elbow.R_x,Elbow.R_y,Elbow.R_z,Shoulder.R_x,Shoulder.R_y,Shoulder.R_z,Shoulder.L_x,Shoulder.L_y,Shoulder.L_z,Elbow.L_x,Elbow.L_y,Elbow.L_z,Wrist.L_x,Wrist.L_y,Wrist.L_z,Neck_x,Neck_y,Neck_z,Head_x,Head_y,Head_z,Nose_x,Nose_y,Nose_z,hip.Center_x,hip.Center_y,hip.Center_z
0,0.30430785,-1.9198204,-0.9370678,0.1899108,-0.9665884,-0.7892426,0.26617518,-0.013371083,-0.5028708,-0.11511764,-0.013371083,-0.49382597,-0.11511764,-1.042853,-0.6972931,-0.038853258,-1.9960848,-0.6771527,0.34244004,0.0628933,-1.1262085,0.49495402,0.5204357,-0.91589123,0.34244004,1.1305072,-0.58899426,-0.26763162,1.1305072,-0.47419253,-0.34389648,0.44418612,-0.62560046,-0.45827827,-0.08962092,-0.90427583,0.03740397,1.1305072,-0.5301043,-0.6489321,1.8168284,-0.51704276,-0.3057643,1.4736677,-0.6805434,0.07552901,-0.013371083,-0.49862254
