frame,Ankle.R_x,Ankle.R_y,Ankle.R_z,Knee.R_x,Knee.R_y,Knee.R_z,Hip.R_x,Hip.R_y,Hip.R_z,Hip.L_x,Hip.L_y,Hip.L_z,Knee.L_x,Knee.L_y,Knee.L_z,Ankle.L_x,Ankle.L_y,Ankle.L_z,Wrist.R_x,Wrist.R_y,Wrist.R_z,Elbow.R_x,Elbow.R_y,Elbow.R_z,Shoulder.R_x,Shoulder.R_y,Shoulder.R_z,Shoulder.L_x,Shoulder.L_y,Shoulder.L_z,Elbow.L_x,Elbow.L_y,Elbow.L_z,Wrist.L_x,Wrist.L_y,Wrist.L_z,Neck_x,Neck_y,Neck_z,Head_x,Head_y,Head_z,Nose_x,Nose_y,Nose_z,hip.Center_x,hip.Center_y,hip.Center_z
0,-0.23474106,-1.6053776,-1.6901712,-0.27085814,-0.810988,-0.90280104,-0.12642035,0.0195183,-0.57144207,0.30687585,-0.052700117,-0.43044266,0.27077404,-0.99152714,-0.7829826,0.19855562,-1.8581351,-1.4082527,-0.34307656,0.0195183,0.09533918,-0.27085814,0.52503365,-0.36965486,-0.12642035,1.1388842,-0.45044568,0.59575045,1.1388842,-0.51649165,0.66796887,0.52503365,-0.4253807,0.63186705,-0.08881672,-0.33414,0.23466507,1.1388842,-0.5202037,0.23467937,2.005478,-0.6809826,0.23467222,1.572181,-0.53120553,0.090227276,-0.016590908,-0.49614644
