frame,Ankle.R_x,Ankle.R_y,Ankle.R_z,Knee.R_x,Knee.R_y,Knee.R_z,Hip.R_x,Hip.R_y,Hip.R_z,Hip.L_x,Hip.L_y,Hip.L_z,Knee.L_x,Knee.L_y,Knee.L_z,Ankle.L_x,Ankle.L_y,Ankle.L_z,Wrist.R_x,Wrist.R_y,Wrist.R_z,Elbow.R_x,Elbow.R_y,Elbow.R_z,Shoulder.R_x,Shoulder.R_y,Shoulder.R_z,Shoulder.L_x,Shoulder.L_y,Shoulder.L_z,Elbow.L_x,Elbow.L_y,Elbow.L_z,Wrist.L_x,Wrist.L_y,Wrist.L_z,Neck_x,Neck_y,Neck_z,Head_x,Head_y,Head_z,Nose_x,Nose_y,Nose_z,hip.Center_x,hip.Center_y,hip.Center_z
0,0.06744909,-1.7309973,0.20648026,0.14966583,-1.0568624,-0.1362015,0.21543264,-0.037427705,-0.41367376,-0.047635555,-0.0045440607,-0.58699894,0.0510149,-0.99109536,-0.9690848,-0.047635555,-1.6487963,-0.7132052,0.57716656,-0.037427705,-0.8443741,0.31409788,0.5873894,-0.5728171,0.31409788,1.2779589,-0.47332203,-0.113417625,1.2779589,-0.5935271,-0.17918491,0.5873894,-0.8076583,-0.113417625,0.12699004,-0.9705803,0.10034037,1.2779589,-0.5187228,0.79092455,1.9356596,-0.5142936,0.44563246,1.6068094,-0.5815685,0.083898544,-0.020985883,-0.5013764
