frame,Ankle.R_x,Ankle.R_y,Ankle.R_z,Knee.R_x,Knee.R_y,Knee.R_z,Hip.R_x,Hip.R_y,Hip.R_z,Hip.L_x,Hip.L_y,Hip.L_z,Knee.L_x,Knee.L_y,Knee.L_z,Ankle.L_x,Ankle.L_y,Ankle.L_z,Wrist.R_x,Wrist.R_y,Wrist.R_z,Elbow.R_x,Elbow.R_y,Elbow.R_z,Shoulder.R_x,Shoulder.R_y,Shoulder.R_z,Shoulder.L_x,Shoulder.L_y,Shoulder.L_z,Elbow.L_x,Elbow.L_y,Elbow.L_z,Wrist.L_x,Wrist.L_y,Wrist.L_z,Neck_x,Neck_y,Neck_z,Head_x,Head_y,Head_z,Nose_x,Nose_y,Nose_z,hip.Center_x,hip.Center_y,hip.Center_z
0,0.1642592,-1.8495282,-0.5541257,0.2711532,-0.958665,-0.45325768,0.30678964,-0.03216587,-0.39649087,-0.120816946,0.0034703165,-0.60321987,-0.19208932,-0.99430144,-0.93726444,-0.22772574,-1.8851641,-0.9806144,0.62750125,0.0034703165,-1.2110946,0.6631377,0.50236356,-0.87639165,0.4849708,1.1081511,-0.5088492,-0.19208932,1.1081511,-0.54632485,-0.29899812,0.50236356,-0.8049044,-0.40589213,0.0034703165,-1.2035861,0.14644074,1.1081511,-0.51451564,-0.3168018,1.8208184,-0.42464384,-0.08518052,1.4644847,-0.6251006,0.092986345,-0.014347658,-0.49963343
