frame,Ankle.R_x,Ankle.R_y,Ankle.R_z,Knee.R_x,Knee.R_y,Knee.R_z,Hip.R_x,Hip.R_y,Hip.R_z,Hip.L_x,Hip.L_y,Hip.L_z,Knee.L_x,Knee.L_y,Knee.L_z,Ankle.L_x,Ankle.L_y,Ankle.L_z,Wrist.R_x,Wrist.R_y,Wrist.R_z,Elbow.R_x,Elbow.R_y,Elbow.R_z,Shoulder.R_x,Shoulder.R_y,Shoulder.R_z,Shoulder.L_x,Shoulder.L_y,Shoulder.L_z,Elbow.L_x,Elbow.L_y,Elbow.L_z,Wrist.L_x,Wrist.L_y,Wrist.L_z,Neck_x,Neck_y,Neck_z,Head_x,Head_y,Head_z,Nose_x,Nose_y,Nose_z,hip.Center_x,hip.Center_y,hip.Center_z
0,0.36672804,-1.1533791,-0.30179214,1.1415465,-0.3785606,-0.090430856,0.08125659,-0.011524977,-0.2080575,0.08125659,-0.011524977,-0.8046023,0.04047414,-1.1533791,-0.88451934,-0.041089334,-2.2544508,-0.74693865,0.1628196,0.110820234,-0.08749038,-0.24498013,0.6817469,-0.07565516,-0.08187083,1.3750019,-0.34589323,0.12203809,1.3342373,-0.98749083,0.1628196,0.6409654,-0.78746575,0.32594654,0.0700385,-0.5817081,0.020083629,1.3546197,-0.6954191,0.7949359,1.884765,-0.72964025,0.40751,1.6196923,-0.62154984,0.08125659,-0.011524977,-0.50068426
