frame,Ankle.R_x,Ankle.R_y,Ankle.R_z,Knee.R_x,Knee.R_y,Knee.R_z,Hip.R_x,Hip.R_y,Hip.R_z,Hip.L_x,Hip.L_y,Hip.L_z,Knee.L_x,Knee.L_y,Knee.L_z,Ankle.L_x,Ankle.L_y,Ankle.L_z,Wrist.R_x,Wrist.R_y,Wrist.R_z,Elbow.R_x,Elbow.R_y,Elbow.R_z,Shoulder.R_x,Shoulder.R_y,Shoulder.R_z,Shoulder.L_x,Shoulder.L_y,Shoulder.L_z,Elbow.L_x,Elbow.L_y,Elbow.L_z,Wrist.L_x,Wrist.L_y,Wrist.L_z,Neck_x,Neck_y,Neck_z,Head_x,Head_y,Head_z,Nose_x,Nose_y,Nose_z,hip.Center_x,hip.Center_y,hip.Center_z
0,0.18613145,-1.9942448,0.031131268,0.103645295,-1.0043795,-0.27636397,0.14488074,-0.014498914,-0.5752342,0.021159142,-0.014498914,-0.4161387,-0.06134227,-1.0456147,-0.6966295,-0.10257819,-2.1592171,-0.66709507,-0.14382842,-0.014498914,-0.69952595,0.103645295,0.5629197,-0.55305165,0.18613145,1.2640754,-0.56630635,0.103645295,1.2228247,-0.43650824,0.14488074,0.5629197,-0.24808449,-0.10257819,-0.096985064,-0.20582315,0.14488837,1.24345,-0.5266021,-0.59751797,1.9446211,-0.5365326,-0.22631457,1.5940355,-0.6172056,0.0830197,-0.014498914,-0.49877143
