frame,Ankle.R_x,Ankle.R_y,Ankle.R_z,Knee.R_x,Knee.R_y,Knee.R_z,Hip.R_x,Hip.R_y,Hip.R_z,Hip.L_x,Hip.L_y,Hip.L_z,Knee.L_x,Knee.L_y,Knee.L_z,Ankle.L_x,Ankle.L_y,Ankle.L_z,Wrist.R_x,Wrist.R_y,Wrist.R_z,Elbow.R_x,Elbow.R_y,Elbow.R_z,Shoulder.R_x,Shoulder.R_y,Shoulder.R_z,Shoulder.L_x,Shoulder.L_y,Shoulder.L_z,Elbow.L_x,Elbow.L_y,Elbow.L_z,Wrist.L_x,Wrist.L_y,Wrist.L_z,Neck_x,Neck_y,Neck_z,Head_x,Head_y,Head_z,Nose_x,Nose_y,Nose_z,hip.Center_x,hip.Center_y,hip.Center_z
0,0.06707105,-2.0594506,0.4019004,0.1775032,-1.0655144,0.059059024,0.103881925,-0.034767523,-0.478031,0.030260175,0.002043113,-0.5168778,0.06707105,-1.0287038,-0.79834384,-0.0065502226,-1.9858292,-1.0407412,0.39838275,0.002043113,-0.63668853,0.06707105,0.55423486,-0.42324793,0.103881925,1.2168441,-0.52034736,-0.08018771,1.25367,-0.55815744,-0.15380898,0.55423486,-0.9012074,0.36157236,0.1124755,-0.76297086,0.011847109,1.235257,-0.5395704,0.7849189,1.8610553,-0.687863,0.39838275,1.548156,-0.614762,0.06707105,-0.016362086,-0.50083303
