frame,Ankle.R_x,Ankle.R_y,Ankle.R_z,Knee.R_x,Knee.R_y,Knee.R_z,Hip.R_x,Hip.R_y,Hip.R_z,Hip.L_x,Hip.L_y,Hip.L_z,Knee.L_x,Knee.L_y,Knee.L_z,Ankle.L_x,Ankle.L_y,Ankle.L_z,Wrist.R_x,Wrist.R_y,Wrist.R_z,Elbow.R_x,Elbow.R_y,Elbow.R_z,Shoulder.R_x,Shoulder.R_y,Shoulder.R_z,Shoulder.L_x,Shoulder.L_y,Shoulder.L_z,Elbow.L_x,Elbow.L_y,Elbow.L_z,Wrist.L_x,Wrist.L_y,Wrist.L_z,Neck_x,Neck_y,Neck_z,Head_x,Head_y,Head_z,Nose_x,Nose_y,Nose_z,hip.Center_x,hip.Center_y,hip.Center_z
0,0.38119912,-1.9380109,-0.16579747,0.4203465,-0.9201471,-0.3295886,0.22461152,-0.01972386,-0.40190983,-0.088593245,-0.01972386,-0.60375834,-0.049431562,-0.959294,-0.92003083,-0.049431562,-1.8988645,-0.85599494,0.5769484,0.05858448,-1.0498962,0.34205222,0.567509,-0.5703114,0.22461152,1.193889,-0.37433332,-0.28432775,1.1547421,-0.5876886,-0.28432775,0.5283621,-0.8606458,-0.16688657,0.13687828,-1.0938967,-0.029857874,1.1743157,-0.48917955,0.6356685,1.9181364,-0.47150475,0.3029058,1.5462259,-0.5292988,0.068009615,-0.01972386,-0.49908164
