frame,Ankle.R_x,Ankle.R_y,Ankle.R_z,Knee.R_x,Knee.R_y,Knee.R_z,Hip.R_x,Hip.R_y,Hip.R_z,Hip.L_x,Hip.L_y,Hip.L_z,Knee.L_x,Knee.L_y,Knee.L_z,Ankle.L_x,Ankle.L_y,Ankle.L_z,Wrist.R_x,Wrist.R_y,Wrist.R_z,Elbow.R_x,Elbow.R_y,Elbow.R_z,Shoulder.R_x,Shoulder.R_y,Shoulder.R_z,Shoulder.L_x,Shoulder.L_y,Shoulder.L_z,Elbow.L_x,Elbow.L_y,Elbow.L_z,Wrist.L_x,Wrist.L_y,Wrist.L_z,Neck_x,Neck_y,Neck_z,Head_x,Head_y,Head_z,Nose_x,Nose_y,Nose_z,hip.Center_x,hip.Center_y,hip.Center_z
0,0.05710208,-1.7814313,-0.66467446,-0.09734118,-0.9319781,-0.15816826,-0.17456305,-0.043907072,-0.4068665,0.28876722,-0.0053032897,-0.5896106,0.3659891,-0.81613815,-0.62923133,0.40460718,-1.5497657,-1.3224573,-0.4448458,-0.0053032897,-0.14099029,-0.4448458,0.53526294,-0.37514597,-0.3676244,1.1530508,-0.34286538,0.3659891,1.1916546,-0.58839023,0.48182857,0.6124848,-0.121773124,0.55905044,0.03331456,0.10022485,-0.00081789866,1.1723527,-0.50396407,-0.039421204,1.9832021,-0.6041039,-0.02011979,1.5777774,-0.5246382,0.05710208,-0.024605181,-0.49992672
