frame,Ankle.R_x,Ankle.R_y,Ankle.R_z,Knee.R_x,Knee.R_y,Knee.R_z,Hip.R_x,Hip.R_y,Hip.R_z,Hip.L_x,Hip.L_y,Hip.L_z,Knee.L_x,Knee.L_y,Knee.L_z,Ankle.L_x,Ankle.L_y,Ankle.L_z,Wrist.R_x,Wrist.R_y,Wrist.R_z,Elbow.R_x,Elbow.R_y,Elbow.R_z,Shoulder.R_x,Shoulder.R_y,Shoulder.R_z,Shoulder.L_x,Shoulder.L_y,Shoulder.L_z,Elbow.L_x,Elbow.L_y,Elbow.L_z,Wrist.L_x,Wrist.L_y,Wrist.L_z,Neck_x,Neck_y,Neck_z,Head_x,Head_y,Head_z,Nose_x,Nose_y,Nose_z,hip.Center_x,hip.Center_y,hip.Center_z
0,-0.33689526,-1.8736039,-0.8175658,-0.13792637,-0.99817836,-0.19092494,-0.058347963,-0.04315935,-0.5027781,0.2201998,-0.0033625215,-0.50131613,0.18041822,-0.95838153,-0.2627596,0.1406214,-1.9134008,-1.0450249,-0.058347963,-0.0033625215,-0.3495857,-0.33689526,0.59353006,-0.3228891,-0.1777232,1.2302045,-0.40755755,0.1406214,1.2302045,-0.67490053,0.18041822,0.5537332,-0.7566776,0.37937233,0.076231375,-0.37572527,-0.018550657,1.2302045,-0.53552324,0.61813855,2.0260513,-0.70855844,0.29979393,1.6281279,-0.6132778,0.08092616,-0.023260936,-0.50118965
