frame,Ankle.R_x,Ankle.R_y,Ankle.R_z,Knee.R_x,Knee.R_y,Knee.R_z,Hip.R_x,Hip.R_y,Hip.R_z,Hip.L_x,Hip.L_y,Hip.L_z,Knee.L_x,Knee.L_y,Knee.L_z,Ankle.L_x,Ankle.L_y,Ankle.L_z,Wrist.R_x,Wrist.R_y,Wrist.R_z,Elbow.R_x,Elbow.R_y,Elbow.R_z,Shoulder.R_x,Shoulder.R_y,Shoulder.R_z,Shoulder.L_x,Shoulder.L_y,Shoulder.L_z,Elbow.L_x,Elbow.L_y,Elbow.L_z,Wrist.L_x,Wrist.L_y,Wrist.L_z,Neck_x,Neck_y,Neck_z,Head_x,Head_y,Head_z,Nose_x,Nose_y,Nose_z,hip.Center_x,hip.Center_y,hip.Center_z
0,-0.015569497,-1.7425706,-1.4750713,-0.12511472,-0.93925804,-0.7468822,-0.16162519,-0.02641483,-0.50085795,0.2765414,-0.02641483,-0.49971265,0.3130657,-0.93925804,-0.7010608,0.34957618,-1.7425706,-1.303755,-0.41722566,0.083130166,-0.047505468,-0.38070136,0.5943313,-0.3813174,-0.27117044,1.142043,-0.44822055,0.4225971,1.1785533,-0.6200561,0.49563187,0.5943313,-0.30367386,0.49563187,0.010109466,-0.09375438,0.07571335,1.1602982,-0.5964215,0.11223765,1.9270719,-0.7062834,0.09397574,1.5436851,-0.60036635,0.057458114,-0.02641483,-0.49741226
