frame,Ankle.R_x,Ankle.R_y,Ankle.R_z,Knee.R_x,Knee.R_y,Knee.R_z,Hip.R_x,Hip.R_y,Hip.R_z,Hip.L_x,Hip.L_y,Hip.L_z,Knee.L_x,Knee.L_y,Knee.L_z,Ankle.L_x,Ankle.L_y,Ankle.L_z,Wrist.R_x,Wrist.R_y,Wrist.R_z,Elbow.R_x,Elbow.R_y,Elbow.R_z,Shoulder.R_x,Shoulder.R_y,Shoulder.R_z,Shoulder.L_x,Shoulder.L_y,Shoulder.L_z,Elbow.L_x,Elbow.L_y,Elbow.L_z,Wrist.L_x,Wrist.L_y,Wrist.L_z,Neck_x,Neck_y,Neck_z,Head_x,Head_y,Head_z,Nose_x,Nose_y,Nose_z,hip.Center_x,hip.Center_y,hip.Center_z
0,-0.10985937,-1.8089126,-1.3745614,-0.14716426,-0.95085275,-0.7165266,-0.14716426,-0.01818337,-0.45393506,0.3005105,-0.01818337,-0.54266244,0.3005105,-0.95085275,-0.8092314,0.3005105,-1.8089126,-1.3616316,-0.37100926,0.019121747,-0.0732542,-0.37100926,0.5414213,-0.39955235,-0.25909415,1.1383309,-0.4169822,0.44974527,1.1383309,-0.61445296,0.52435553,0.5414213,-0.29906622,0.52435553,-0.01818337,-0.062367976,0.09532557,1.1383309,-0.562413,0.058006383,1.9590997,-0.7102103,0.076665975,1.5487154,-0.5785745,0.07667313,-0.01818337,-0.49836838
