frame,Ankle.R_x,Ankle.R_y,Ankle.R_z,Knee.R_x,Knee.R_y,Knee.R_z,Hip.R_x,Hip.R_y,Hip.R_z,Hip.L_x,Hip.L_y,Hip.L_z,Knee.L_x,Knee.L_y,Knee.L_z,Ankle.L_x,Ankle.L_y,Ankle.L_z,Wrist.R_x,Wrist.R_y,Wrist.R_z,Elbow.R_x,Elbow.R_y,Elbow.R_z,Shoulder.R_x,Shoulder.R_y,Shoulder.R_z,Shoulder.L_x,Shoulder.L_y,Shoulder.L_z,Elbow.L_x,Elbow.L_y,Elbow.L_z,Wrist.L_x,Wrist.L_y,Wrist.L_z,Neck_x,Neck_y,Neck_z,Head_x,Head_y,Head_z,Nose_x,Nose_y,Nose_z,hip.Center_x,hip.Center_y,hip.Center_z
0,0.25082004,-1.7462867,-0.4387778,0.28749835,-0.90268487,-0.52949744,0.28749835,-0.022404592,-0.34673336,-0.115963586,-0.022404592,-0.65647954,-0.15264189,-0.8660063,-1.2232797,-0.1893202,-1.7829651,-1.042614,0.6176032,0.08763035,-1.2238991,0.54424655,0.5644489,-0.8159362,0.3975333,1.1513025,-0.37715134,-0.29935515,1.1513025,-0.5686542,-0.4093901,0.6011272,-0.7665473,-0.4093901,0.1243089,-1.1207104,0.04908883,1.1513025,-0.48384336,0.45255077,1.8848693,-0.45763743,0.25082004,1.518086,-0.62401015,0.08576714,-0.022404592,-0.50012493
