frame,Ankle.R_x,Ankle.R_y,Ankle.R_z,Knee.R_x,Knee.R_y,Knee.R_z,Hip.R_x,Hip.R_y,Hip.R_z,Hip.L_x,Hip.L_y,Hip.L_z,Knee.L_x,Knee.L_y,Knee.L_z,Ankle.L_x,Ankle.L_y,Ankle.L_z,Wrist.R_x,Wrist.R_y,Wrist.R_z,Elbow.R_x,Elbow.R_y,Elbow.R_z,Shoulder.R_x,Shoulder.R_y,Shoulder.R_z,Shoulder.L_x,Shoulder.L_y,Shoulder.L_z,Elbow.L_x,Elbow.L_y,Elbow.L_z,Wrist.L_x,Wrist.L_y,Wrist.L_z,Neck_x,Neck_y,Neck_z,Head_x,Head_y,Head_z,Nose_x,Nose_y,Nose_z,hip.Center_x,hip.Center_y,hip.Center_z
0,0.07382579,-1.8483652,0.15125394,-0.0072803944,-0.99683744,-0.12562698,-0.047818705,-0.023679802,-0.67636377,0.11437936,-0.023679802,-0.31760204,0.1549172,-0.99683744,-0.5911412,0.35766834,-1.9700097,-0.92240596,-0.1694632,0.057426386,-0.12850723,-0.047818705,0.5845584,-0.36898315,-0.0072803944,1.2333349,-0.5668205,0.27656215,1.273888,-0.5979738,0.35766834,0.62509674,-0.3628908,0.27656215,-0.023679802,-0.32780376,0.13464065,1.2536114,-0.61044514,-0.47356755,2.0240328,-0.7970122,-0.1694632,1.6388221,-0.7723986,0.033280328,-0.023679802,-0.4978808
