frame,Ankle.R_x,Ankle.R_y,Ankle.R_z,Knee.R_x,Knee.R_y,Knee.R_z,Hip.R_x,Hip.R_y,Hip.R_z,Hip.L_x,Hip.L_y,Hip.L_z,Knee.L_x,Knee.L_y,Knee.L_z,Ankle.L_x,Ankle.L_y,Ankle.L_z,Wrist.R_x,Wrist.R_y,Wrist.R_z,Elbow.R_x,Elbow.R_y,Elbow.R_z,Shoulder.R_x,Shoulder.R_y,Shoulder.R_z,Shoulder.L_x,Shoulder.L_y,Shoulder.L_z,Elbow.L_x,Elbow.L_y,Elbow.L_z,Wrist.L_x,Wrist.L_y,Wrist.L_z,Neck_x,Neck_y,Neck_z,Head_x,Head_y,Head_z,Nose_x,Nose_y,Nose_z,hip.Center_x,hip.Center_y,hip.Center_z
0,-0.08021408,-1.8419738,-0.3353571,-0.0072942376,-1.2222166,-0.31937683,-0.0072942376,-0.055621367,-0.28556973,0.17497915,0.017281312,-0.6961844,1.086381,-0.20146082,-0.6262628,0.43017238,-1.0034919,-0.6505341,0.029157102,-0.055621367,-0.44107905,-0.26248747,0.67349005,-0.17802536,-0.08021408,1.4390695,-0.15062696,-0.11666542,1.4755207,-0.77931887,-0.18956763,0.70994115,-0.91867113,0.13852781,0.053732414,-0.7300444,-0.098439276,1.4572952,-0.41121185,0.74007696,1.9312303,-0.39553243,0.32081884,1.6942627,-0.5459572,0.083842695,-0.019170027,-0.5029666
