frame,Ankle.R_x,Ankle.R_y,Ankle.R_z,Knee.R_x,Knee.R_y,Knee.R_z,Hip.R_x,Hip.R_y,Hip.R_z,Hip.L_x,Hip.L_y,Hip.L_z,Knee.L_x,Knee.L_y,Knee.L_z,Ankle.L_x,Ankle.L_y,Ankle.L_z,Wrist.R_x,Wrist.R_y,Wrist.R_z,Elbow.R_x,Elbow.R_y,Elbow.R_z,Shoulder.R_x,Shoulder.R_y,Shoulder.R_z,Shoulder.L_x,Shoulder.L_y,Shoulder.L_z,Elbow.L_x,Elbow.L_y,Elbow.L_z,Wrist.L_x,Wrist.L_y,Wrist.L_z,Neck_x,Neck_y,Neck_z,Head_x,Head_y,Head_z,Nose_x,Nose_y,Nose_z,hip.Center_x,hip.Center_y,hip.Center_z
0,-0.29413018,-1.8691132,-0.8279264,-0.12996468,-0.9661642,-0.1728341,-0.08891948,-0.022170339,-0.50232685,0.23942676,-0.022170339,-0.50200987,0.23942676,-0.9661642,-0.20345289,0.19838157,-1.8691132,-1.1349299,-0.08891948,0.01887485,-0.27476203,-0.33517584,0.5934772,-0.3009561,-0.17100987,1.2091249,-0.4021232,0.19838157,1.2091249,-0.65574807,0.23942676,0.5934772,-0.69866323,0.40360752,0.05992004,-0.39863405,0.01368586,1.2091249,-0.54493356,0.62934846,2.0299983,-0.7402615,0.32151714,1.6195617,-0.64773774,0.07525364,-0.022170339,-0.50033283
