frame,Ankle.R_x,Ankle.R_y,Ankle.R_z,Knee.R_x,Knee.R_y,Knee.R_z,Hip.R_x,Hip.R_y,Hip.R_z,Hip.L_x,Hip.L_y,Hip.L_z,Knee.L_x,Knee.L_y,Knee.L_z,Ankle.L_x,Ankle.L_y,Ankle.L_z,Wrist.R_x,Wrist.R_y,Wrist.R_z,Elbow.R_x,Elbow.R_y,Elbow.R_z,Shoulder.R_x,Shoulder.R_y,Shoulder.R_z,Shoulder.L_x,Shoulder.L_y,Shoulder.L_z,Elbow.L_x,Elbow.L_y,Elbow.L_z,Wrist.L_x,Wrist.L_y,Wrist.L_z,Neck_x,Neck_y,Neck_z,Head_x,Head_y,Head_z,Nose_x,Nose_y,Nose_z,hip.Center_x,hip.Center_y,hip.Center_z
0,-0.18292442,-1.9918393,0.37119412,0.109286636,-1.0056325,0.01790893,0.109286636,-0.019410487,-0.46450025,0.0727714,-0.019410487,-0.5383858,0.109286636,-1.0056325,-0.7125957,-0.00028911233,-1.9187793,-1.0164852,0.40149674,0.053634528,-0.47921875,0.036241382,0.6380557,-0.42562497,0.0727714,1.2590069,-0.50381935,-0.036818653,1.2590069,-0.5411773,0.036241382,0.56501067,-0.8009554,0.43802723,0.053634528,-0.6335821,0.017976135,1.2590069,-0.5369525,0.7850174,1.9164883,-0.6981312,0.40149674,1.5877476,-0.6226572,0.09102854,-0.019410487,-0.50061053
