frame,Ankle.R_x,Ankle.R_y,Ankle.R_z,Knee.R_x,Knee.R_y,Knee.R_z,Hip.R_x,Hip.R_y,Hip.R_z,Hip.L_x,Hip.L_y,Hip.L_z,Knee.L_x,Knee.L_y,Knee.L_z,Ankle.L_x,Ankle.L_y,Ankle.L_z,Wrist.R_x,Wrist.R_y,Wrist.R_z,Elbow.R_x,Elbow.R_y,Elbow.R_z,Shoulder.R_x,Shoulder.R_y,Shoulder.R_z,Shoulder.L_x,Shoulder.L_y,Shoulder.L_z,Elbow.L_x,Elbow.L_y,Elbow.L_z,Wrist.L_x,Wrist.L_y,Wrist.L_z,Neck_x,Neck_y,Neck_z,Head_x,Head_y,Head_z,Nose_x,Nose_y,Nose_z,hip.Center_x,hip.Center_y,hip.Center_z
0,-0.11008744,-1.7781621,-1.1418415,-0.11008744,-0.90194714,-0.48485717,-0.11008744,-0.025746198,-0.42401552,0.27087396,-0.025746198,-0.5748445,0.27087396,-0.90194714,-0.72750616,0.2327766,-1.7781621,-1.416291,-0.33865792,0.050448805,-0.30358317,-0.41485316,0.6218835,-0.43722445,-0.26246315,1.1933324,-0.3329055,0.3470692,1.1552349,-0.6348106,0.42326444,0.5837859,-0.38404503,0.5375566,0.050448805,-0.20105684,0.04230304,1.1742837,-0.51854014,0.3470835,1.9743038,-0.5971531,0.19469304,1.5742936,-0.5564429,0.08039327,-0.025746198,-0.49981907
