frame,Ankle.R_x,Ankle.R_y,Ankle.R_z,Knee.R_x,Knee.R_y,Knee.R_z,Hip.R_x,Hip.R_y,Hip.R_z,Hip.L_x,Hip.L_y,Hip.L_z,Knee.L_x,Knee.L_y,Knee.L_z,Ankle.L_x,Ankle.L_y,Ankle.L_z,Wrist.R_x,Wrist.R_y,Wrist.R_z,Elbow.R_x,Elbow.R_y,Elbow.R_z,Shoulder.R_x,Shoulder.R_y,Shoulder.R_z,Shoulder.L_x,Shoulder.L_y,Shoulder.L_z,Elbow.L_x,Elbow.L_y,Elbow.L_z,Wrist.L_x,Wrist.L_y,Wrist.L_z,Neck_x,Neck_y,Neck_z,Head_x,Head_y,Head_z,Nose_x,Nose_y,Nose_z,hip.Center_x,hip.Center_y,hip.Center_z
0,0.0039300695,-1.7768482,-1.0444847,-0.11293938,-0.9197711,-0.56991816,-0.1519008,-0.023732547,-0.4565814,0.27663085,-0.023732547,-0.53964776,0.31559178,-0.9197711,-0.7961215,0.3545532,-1.7378868,-1.3866086,-0.4246011,-0.023732547,-0.16825137,-0.4246011,0.5216683,-0.45470345,-0.30773166,1.1060451,-0.3835466,0.3935146,1.1839534,-0.58309776,0.47142312,0.59959114,-0.18358731,0.51038456,0.015214559,-0.0065356493,0.04289148,1.1449993,-0.52582073,-0.035030864,2.0020761,-0.6497341,0.0039300695,1.5735378,-0.56057906,0.062365033,-0.023732547,-0.49883106
