frame,Ankle.R_x,Ankle.R_y,Ankle.R_z,Knee.R_x,Knee.R_y,Knee.R_z,Hip.R_x,Hip.R_y,Hip.R_z,Hip.L_x,Hip.L_y,Hip.L_z,Knee.L_x,Knee.L_y,Knee.L_z,Ankle.L_x,Ankle.L_y,Ankle.L_z,Wrist.R_x,Wrist.R_y,Wrist.R_z,Elbow.R_x,Elbow.R_y,Elbow.R_z,Shoulder.R_x,Shoulder.R_y,Shoulder.R_z,Shoulder.L_x,Shoulder.L_y,Shoulder.L_z,Elbow.L_x,Elbow.L_y,Elbow.L_z,Wrist.L_x,Wrist.L_y,Wrist.L_z,Neck_x,Neck_y,Neck_z,Head_x,Head_y,Head_z,Nose_x,Nose_y,Nose_z,hip.Center_x,hip.Center_y,hip.Center_z
0,0.021296091,-1.7108083,-0.057216763,0.17071158,-1.1629505,-0.041139007,0.13751894,-0.034026615,-0.40469876,0.037907667,-0.00081800856,-0.5975122,0.13751894,-1.1629505,-0.72754896,0.021296091,-1.7108083,-0.6517091,0.30353075,-0.06723546,-0.4622211,0.071101256,0.63003826,-0.40275684,0.17071158,1.2941186,-0.5040822,-0.02850955,1.3273116,-0.57602346,-0.02850955,0.63003826,-0.8535371,0.30353075,0.06558395,-0.75338066,0.071101256,1.3107151,-0.48925376,0.86798483,1.9415712,-0.5587743,0.46954304,1.6261431,-0.59855056,0.08771331,-0.017422432,-0.5037339
