frame,Ankle.R_x,Ankle.R_y,Ankle.R_z,Knee.R_x,Knee.R_y,Knee.R_z,Hip.R_x,Hip.R_y,Hip.R_z,Hip.L_x,Hip.L_y,Hip.L_z,Knee.L_x,Knee.L_y,Knee.L_z,Ankle.L_x,Ankle.L_y,Ankle.L_z,Wrist.R_x,Wrist.R_y,Wrist.R_z,Elbow.R_x,Elbow.R_y,Elbow.R_z,Shoulder.R_x,Shoulder.R_y,Shoulder.R_z,Shoulder.L_x,Shoulder.L_y,Shoulder.L_z,Elbow.L_x,Elbow.L_y,Elbow.L_z,Wrist.L_x,Wrist.L_y,Wrist.L_z,Neck_x,Neck_y,Neck_z,Head_x,Head_y,Head_z,Nose_x,Nose_y,Nose_z,hip.Center_x,hip.Center_y,hip.Center_z
0,-0.27022564,-1.8731899,-0.7179276,-0.14816535,-0.97807026,-0.13401908,-0.066786885,-0.042253494,-0.5105168,0.21801603,-0.0015716571,-0.4916678,0.21801603,-0.97807026,-0.35597703,0.21801603,-1.8731899,-1.1686163,-0.107483506,0.039110184,-0.30237994,-0.39228642,0.5680487,-0.4024868,-0.18884718,1.2190477,-0.41183442,0.21801603,1.1783657,-0.64183474,0.21801603,0.5680487,-0.68708575,0.42145526,0.079806805,-0.3632961,0.014584422,1.1987066,-0.52095175,0.58420503,2.0531447,-0.72467047,0.2993945,1.6259257,-0.597239,0.07561433,-0.021912815,-0.50040156
