frame,Ankle.R_x,Ankle.R_y,Ankle.R_z,Knee.R_x,Knee.R_y,Knee.R_z,Hip.R_x,Hip.R_y,Hip.R_z,Hip.L_x,Hip.L_y,Hip.L_z,Knee.L_x,Knee.L_y,Knee.L_z,Ankle.L_x,Ankle.L_y,Ankle.L_z,Wrist.R_x,Wrist.R_y,Wrist.R_z,Elbow.R_x,Elbow.R_y,Elbow.R_z,Shoulder.R_x,Shoulder.R_y,Shoulder.R_z,Shoulder.L_x,Shoulder.L_y,Shoulder.L_z,Elbow.L_x,Elbow.L_y,Elbow.L_z,Wrist.L_x,Wrist.L_y,Wrist.L_z,Neck_x,Neck_y,Neck_z,Head_x,Head_y,Head_z,Nose_x,Nose_y,Nose_z,hip.Center_x,hip.Center_y,hip.Center_z
0,0.20024058,-1.8398937,-0.61583555,0.27370307,-0.9214817,-0.6033435,0.27370307,-0.0398079,-0.31807414,-0.13038877,-0.0030835737,-0.6876931,-0.056911983,-0.8847436,-1.2014533,-0.09365038,-1.7664174,-0.9153056,0.751285,0.07039274,-1.1921308,0.6043324,0.54796064,-0.737732,0.4573941,1.1357431,-0.36009547,-0.2038646,1.1357431,-0.6288452,-0.35080388,0.54796064,-0.8462539,-0.3140655,0.07039274,-1.2178786,0.12676474,1.1357431,-0.4996391,0.56759447,1.8704784,-0.4616126,0.34717938,1.5031108,-0.57135856,0.07165762,-0.021445857,-0.49949166
