frame,Ankle.R_x,Ankle.R_y,Ankle.R_z,Knee.R_x,Knee.R_y,Knee.R_z,Hip.R_x,Hip.R_y,Hip.R_z,Hip.L_x,Hip.L_y,Hip.L_z,Knee.L_x,Knee.L_y,Knee.L_z,Ankle.L_x,Ankle.L_y,Ankle.L_z,Wrist.R_x,Wrist.R_y,Wrist.R_z,Elbow.R_x,Elbow.R_y,Elbow.R_z,Shoulder.R_x,Shoulder.R_y,Shoulder.R_z,Shoulder.L_x,Shoulder.L_y,Shoulder.L_z,Elbow.L_x,Elbow.L_y,Elbow.L_z,Wrist.L_x,Wrist.L_y,Wrist.L_z,Neck_x,Neck_y,Neck_z,Head_x,Head_y,Head_z,Nose_x,Nose_y,Nose_z,hip.Center_x,hip.Center_y,hip.Center_z
0,-0.08532459,-1.8195033,-1.0455642,-0.08532459,-0.95909953,-0.40140426,-0.12273342,-0.023862861,-0.41142923,0.25135535,-0.023862861,-0.5891046,0.28876418,-0.92169046,-0.61868155,0.28876418,-1.7820945,-1.3542819,-0.27238303,0.050954796,-0.2991951,-0.45942765,0.5746937,-0.41439945,-0.30979186,1.1732358,-0.33788407,0.25135535,1.1732358,-0.6824769,0.32617348,0.6121025,-0.4212624,0.4758088,0.088363625,-0.19599289,-0.029218502,1.1732358,-0.5468228,0.38229388,1.9962311,-0.6640208,0.17653769,1.5847334,-0.58656603,0.0643112,-0.023862861,-0.4995524
