frame,Ankle.R_x,Ankle.R_y,Ankle.R_z,Knee.R_x,Knee.R_y,Knee.R_z,Hip.R_x,Hip.R_y,Hip.R_z,Hip.L_x,Hip.L_y,Hip.L_z,Knee.L_x,Knee.L_y,Knee.L_z,Ankle.L_x,Ankle.L_y,Ankle.L_z,Wrist.R_x,Wrist.R_y,Wrist.R_z,Elbow.R_x,Elbow.R_y,Elbow.R_z,Shoulder.R_x,Shoulder.R_y,Shoulder.R_z,Shoulder.L_x,Shoulder.L_y,Shoulder.L_z,Elbow.L_x,Elbow.L_y,Elbow.L_z,Wrist.L_x,Wrist.L_y,Wrist.L_z,Neck_x,Neck_y,Neck_z,Head_x,Head_y,Head_z,Nose_x,Nose_y,Nose_z,hip.Center_x,hip.Center_y,hip.Center_z
0,0.28733563,-1.9792331,-0.21524006,-0.10979437,-1.0967263,-0.23187411,-0.021546595,0.006415926,-0.6651008,0.15496469,-0.037707962,-0.32682404,0.11084057,-1.0967263,-0.565254,0.24321198,-2.1557288,-0.7065215,-0.15391803,0.006415926,-0.32493567,0.06671692,0.49179325,-0.5295342,0.11084057,1.2419293,-0.6176965,0.28733563,1.2419293,-0.5637102,0.28733563,0.5359171,-0.36564004,-0.021546595,-0.037707962,-0.22308517,0.19908786,1.2419293,-0.59989387,-0.5069244,1.9479414,-0.6808164,-0.15391803,1.5949354,-0.67870736,0.06670881,-0.015646137,-0.49782944
