frame,Ankle.R_x,Ankle.R_y,Ankle.R_z,Knee.R_x,Knee.R_y,Knee.R_z,Hip.R_x,Hip.R_y,Hip.R_z,Hip.L_x,Hip.L_y,Hip.L_z,Knee.L_x,Knee.L_y,Knee.L_z,Ankle.L_x,Ankle.L_y,Ankle.L_z,Wrist.R_x,Wrist.R_y,Wrist.R_z,Elbow.R_x,Elbow.R_y,Elbow.R_z,Shoulder.R_x,Shoulder.R_y,Shoulder.R_z,Shoulder.L_x,Shoulder.L_y,Shoulder.L_z,Elbow.L_x,Elbow.L_y,Elbow.L_z,Wrist.L_x,Wrist.L_y,Wrist.L_z,Neck_x,Neck_y,Neck_z,Head_x,Head_y,Head_z,Nose_x,Nose_y,Nose_z,hip.Center_x,hip.Center_y,hip.Center_z
0,0.22983235,-2.0428393,-0.0703935,0.10304803,-1.028566,-0.3682946,0.14530915,-0.014308098,-0.5676416,0.018525302,-0.014308098,-0.42127848,-0.06599742,-1.0708274,-0.6802585,-0.108258545,-2.1696079,-0.5190696,-0.19278175,-0.014308098,-0.6985739,0.060786426,0.5350901,-0.5568147,0.14530915,1.2535335,-0.5475434,0.10304803,1.2112721,-0.4412515,0.14530915,0.5350901,-0.19122481,-0.023736298,-0.09883106,-0.19698212,0.124179065,1.2324028,-0.5167872,-0.5942648,1.9508463,-0.5108285,-0.23504335,1.5916246,-0.5905019,0.081917465,-0.014308098,-0.4982772
