frame,Ankle.R_x,Ankle.R_y,Ankle.R_z,Knee.R_x,Knee.R_y,Knee.R_z,Hip.R_x,Hip.R_y,Hip.R_z,Hip.L_x,Hip.L_y,Hip.L_z,Knee.L_x,Knee.L_y,Knee.L_z,Ankle.L_x,Ankle.L_y,Ankle.L_z,Wrist.R_x,Wrist.R_y,Wrist.R_z,Elbow.R_x,Elbow.R_y,Elbow.R_z,Shoulder.R_x,Shoulder.R_y,Shoulder.R_z,Shoulder.L_x,Shoulder.L_y,Shoulder.L_z,Elbow.L_x,Elbow.L_y,Elbow.L_z,Wrist.L_x,Wrist.L_y,Wrist.L_z,Neck_x,Neck_y,Neck_z,Head_x,Head_y,Head_z,Nose_x,Nose_y,Nose_z,hip.Center_x,hip.Center_y,hip.Center_z
0,-0.2114296,-1.888711,-0.8513721,-0.13017654,-0.9949376,-0.2558834,-0.089549534,-0.019925535,-0.47326654,0.23544979,-0.019925535,-0.5326964,0.23544979,-0.9949376,-0.3519533,0.23544979,-1.888711,-1.1672121,-0.089549534,0.020701468,-0.18378314,-0.37392187,0.5894609,-0.2898039,-0.2114296,1.198847,-0.38912776,0.19482279,1.198847,-0.6637942,0.23544979,0.5488339,-0.66566104,0.43858337,0.061327994,-0.36511514,-0.008303635,1.198847,-0.5440115,0.5604558,2.0113523,-0.7415828,0.27607632,1.6050997,-0.62828434,0.072949894,-0.019925535,-0.49906352
