frame,Ankle.R_x,Ankle.R_y,Ankle.R_z,Knee.R_x,Knee.R_y,Knee.R_z,Hip.R_x,Hip.R_y,Hip.R_z,Hip.L_x,Hip.L_y,Hip.L_z,Knee.L_x,Knee.L_y,Knee.L_z,Ankle.L_x,Ankle.L_y,Ankle.L_z,Wrist.R_x,Wrist.R_y,Wrist.R_z,Elbow.R_x,Elbow.R_y,Elbow.R_z,Shoulder.R_x,Shoulder.R_y,Shoulder.R_z,Shoulder.L_x,Shoulder.L_y,Shoulder.L_z,Elbow.L_x,Elbow.L_y,Elbow.L_z,Wrist.L_x,Wrist.L_y,Wrist.L_z,Neck_x,Neck_y,Neck_z,Head_x,Head_y,Head_z,Nose_x,Nose_y,Nose_z,hip.Center_x,hip.Center_y,hip.Center_z
0,-0.13674036,-1.8138987,-0.4451547,0.019920208,-1.1350166,0.03776753,0.054747917,-0.020980453,-0.4760107,0.12437091,-0.020980453,-0.52487695,0.1939939,-1.0653936,-0.39060578,0.1939939,-1.7616736,-0.8901062,0.12437091,0.013831044,-0.5511582,-0.15413776,0.67529976,-0.4673609,0.019920208,1.3367525,-0.46432,0.054747917,1.3367525,-0.5732523,-0.08451476,0.67529976,-0.8291668,0.22880587,0.04864254,-0.72661275,0.0373343,1.3367525,-0.4529688,0.7684258,1.9633937,-0.60810494,0.40288004,1.6500732,-0.52099854,0.08955941,-0.020980453,-0.50340265
