frame,Ankle.R_x,Ankle.R_y,Ankle.R_z,Knee.R_x,Knee.R_y,Knee.R_z,Hip.R_x,Hip.R_y,Hip.R_z,Hip.L_x,Hip.L_y,Hip.L_z,Knee.L_x,Knee.L_y,Knee.L_z,Ankle.L_x,Ankle.L_y,Ankle.L_z,Wrist.R_x,Wrist.R_y,Wrist.R_z,Elbow.R_x,Elbow.R_y,Elbow.R_z,Shoulder.R_x,Shoulder.R_y,Shoulder.R_z,Shoulder.L_x,Shoulder.L_y,Shoulder.L_z,Elbow.L_x,Elbow.L_y,Elbow.L_z,Wrist.L_x,Wrist.L_y,Wrist.L_z,Neck_x,Neck_y,Neck_z,Head_x,Head_y,Head_z,Nose_x,Nose_y,Nose_z,hip.Center_x,hip.Center_y,hip.Center_z
0,0.16678171,-1.8548021,-0.23235396,0.23967914,-0.97994953,-0.30919045,0.31259042,-0.032185376,-0.42035392,-0.124835685,0.004256189,-0.58014965,-0.19774742,-0.97994953,-0.9333365,-0.23420306,-1.8912582,-1.1478033,0.6406639,0.004256189,-1.2141523,0.6406639,0.47813815,-0.8751142,0.49485523,1.0978293,-0.49581218,-0.23420306,1.0978293,-0.50434935,-0.3435561,0.514594,-0.7898551,-0.38001174,0.04071206,-1.2331353,0.13032608,1.0978293,-0.49325085,-0.30711478,1.8268876,-0.39809102,-0.08839436,1.4623585,-0.6001277,0.0938776,-0.013964474,-0.50032187
