frame,Ankle.R_x,Ankle.R_y,Ankle.R_z,Knee.R_x,Knee.R_y,Knee.R_z,Hip.R_x,Hip.R_y,Hip.R_z,Hip.L_x,Hip.L_y,Hip.L_z,Knee.L_x,Knee.L_y,Knee.L_z,Ankle.L_x,Ankle.L_y,Ankle.L_z,Wrist.R_x,Wrist.R_y,Wrist.R_z,Elbow.R_x,Elbow.R_y,Elbow.R_z,Shoulder.R_x,Shoulder.R_y,Shoulder.R_z,Shoulder.L_x,Shoulder.L_y,Shoulder.L_z,Elbow.L_x,Elbow.L_y,Elbow.L_z,Wrist.L_x,Wrist.L_y,Wrist.L_z,Neck_x,Neck_y,Neck_z,Head_x,Head_y,Head_z,Nose_x,Nose_y,Nose_z,hip.Center_x,hip.Center_y,hip.Center_z
0,0.447329,-0.98214847,-1.4396739,0.62023735,-0.18673904,-1.1457843,0.30898616,0.020766892,-0.30963093,-0.17517188,-0.04839643,-0.6934932,-0.07142737,-1.0167302,-0.9787315,-0.03682997,-1.8121399,-0.43989176,0.62023735,0.020766892,-1.189449,0.48191068,0.60868686,-0.770519,0.30898616,1.3003354,-0.5817878,-0.5210047,1.2311722,-0.80527925,-0.55558634,0.5049259,-1.0351133,-0.5210047,-0.04839643,-1.3488746,-0.10600903,1.2657537,-0.6899382,0.37816617,2.026582,-0.62158585,0.13607833,1.6461678,-0.8135748,0.06690738,-0.013814769,-0.50019073
