frame,Ankle.R_x,Ankle.R_y,Ankle.R_z,Knee.R_x,Knee.R_y,Knee.R_z,Hip.R_x,Hip.R_y,Hip.R_z,Hip.L_x,Hip.L_y,Hip.L_z,Knee.L_x,Knee.L_y,Knee.L_z,Ankle.L_x,Ankle.L_y,Ankle.L_z,Wrist.R_x,Wrist.R_y,Wrist.R_z,Elbow.R_x,Elbow.R_y,Elbow.R_z,Shoulder.R_x,Shoulder.R_y,Shoulder.R_z,Shoulder.L_x,Shoulder.L_y,Shoulder.L_z,Elbow.L_x,Elbow.L_y,Elbow.L_z,Wrist.L_x,Wrist.L_y,Wrist.L_z,Neck_x,Neck_y,Neck_z,Head_x,Head_y,Head_z,Nose_x,Nose_y,Nose_z,hip.Center_x,hip.Center_y,hip.Center_z
0,-0.33572203,-1.0214623,-0.30113524,-0.9690638,0.047309063,-0.15029055,-0.01905113,0.047309063,-0.77788043,0.13929361,-0.07144985,-0.22023708,0.21846622,-1.2985471,-0.35509178,0.29763883,-2.090234,-0.3985597,0.060121004,0.0077227578,-0.5347782,0.2580523,0.561911,-0.93559635,0.2580523,1.4327513,-0.7524177,0.29763883,1.3931838,-0.2930903,0.3767919,0.561911,-0.13671345,0.060121004,-0.19018969,-0.43045554,0.27784532,1.4129676,-0.53791034,-0.7117725,1.9275696,-0.37528914,-0.21696383,1.6702684,-0.43806285,0.060121004,-0.012070276,-0.4964069
