frame,Ankle.R_x,Ankle.R_y,Ankle.R_z,Knee.R_x,Knee.R_y,Knee.R_z,Hip.R_x,Hip.R_y,Hip.R_z,Hip.L_x,Hip.L_y,Hip.L_z,Knee.L_x,Knee.L_y,Knee.L_z,Ankle.L_x,Ankle.L_y,Ankle.L_z,Wrist.R_x,Wrist.R_y,Wrist.R_z,Elbow.R_x,Elbow.R_y,Elbow.R_z,Shoulder.R_x,Shoulder.R_y,Shoulder.R_z,Shoulder.L_x,Shoulder.L_y,Shoulder.L_z,Elbow.L_x,Elbow.L_y,Elbow.L_z,Wrist.L_x,Wrist.L_y,Wrist.L_z,Neck_x,Neck_y,Neck_z,Head_x,Head_y,Head_z,Nose_x,Nose_y,Nose_z,hip.Center_x,hip.Center_y,hip.Center_z
0,0.16634792,-1.9297253,-0.43550825,0.27789825,-0.9629241,-0.4993987,0.31507677,-0.033301484,-0.41355667,-0.13113791,0.0038770335,-0.58321416,-0.24268776,-0.8885528,-1.0886776,-0.16831642,-1.855354,-1.2793634,0.5753698,-0.033301484,-1.2017226,0.6125631,0.5244633,-0.8774915,0.50099844,1.1566144,-0.49773005,-0.24268776,1.1566144,-0.51089674,-0.31705958,0.48728502,-0.71956146,-0.3914309,0.0038770335,-1.1056762,0.1291551,1.1566144,-0.511464,-0.31704527,1.751558,-0.46831596,-0.09394508,1.4540862,-0.6643709,0.09196944,-0.014712225,-0.5016702
