frame,Ankle.R_x,Ankle.R_y,Ankle.R_z,Knee.R_x,Knee.R_y,Knee.R_z,Hip.R_x,Hip.R_y,Hip.R_z,Hip.L_x,Hip.L_y,Hip.L_z,Knee.L_x,Knee.L_y,Knee.L_z,Ankle.L_x,Ankle.L_y,Ankle.L_z,Wrist.R_x,Wrist.R_y,Wrist.R_z,Elbow.R_x,Elbow.R_y,Elbow.R_z,Shoulder.R_x,Shoulder.R_y,Shoulder.R_z,Shoulder.L_x,Shoulder.L_y,Shoulder.L_z,Elbow.L_x,Elbow.L_y,Elbow.L_z,Wrist.L_x,Wrist.L_y,Wrist.L_z,Neck_x,Neck_y,Neck_z,Head_x,Head_y,Head_z,Nose_x,Nose_y,Nose_z,hip.Center_x,hip.Center_y,hip.Center_z
0,-0.31512314,-1.9920622,-0.06504965,0.12358993,-1.0415367,0.021517515,0.050461233,-0.01789792,-0.4668182,0.12358993,-0.01789792,-0.5339129,0.12358993,-1.0415367,-0.45789093,0.050461233,-1.9554974,-0.98814124,0.26981777,-0.01789792,-0.56850445,0.0139116645,0.64015645,-0.44798228,0.08702606,1.2616465,-0.5126192,0.08702606,1.2616465,-0.5778874,0.12358993,0.6035921,-0.7891158,0.26981777,0.01865117,-0.45726952,0.08702606,1.2616465,-0.5333826,0.74506515,1.9928151,-0.73958844,0.41604513,1.6272308,-0.62357926,0.08702606,-0.01789792,-0.5026244
