frame,Ankle.R_x,Ankle.R_y,Ankle.R_z,Knee.R_x,Knee.R_y,Knee.R_z,Hip.R_x,Hip.R_y,Hip.R_z,Hip.L_x,Hip.L_y,Hip.L_z,Knee.L_x,Knee.L_y,Knee.L_z,Ankle.L_x,Ankle.L_y,Ankle.L_z,Wrist.R_x,Wrist.R_y,Wrist.R_z,Elbow.R_x,Elbow.R_y,Elbow.R_z,Shoulder.R_x,Shoulder.R_y,Shoulder.R_z,Shoulder.L_x,Shoulder.L_y,Shoulder.L_z,Elbow.L_x,Elbow.L_y,Elbow.L_z,Wrist.L_x,Wrist.L_y,Wrist.L_z,Neck_x,Neck_y,Neck_z,Head_x,Head_y,Head_z,Nose_x,Nose_y,Nose_z,hip.Center_x,hip.Center_y,hip.Center_z
0,0.4030991,-1.4874557,-1.3992392,0.4402919,-0.6691152,-0.9771446,0.29150394,0.00043786317,-0.34586564,-0.15485951,-0.036755197,-0.6593633,-0.08047291,-0.92949784,-1.0425804,-0.0060715303,-1.9338344,-0.6279694,0.5518866,0.03763116,-1.069731,0.4775,0.59560454,-0.72473025,0.29150394,1.2279643,-0.4064679,-0.45245025,1.1535628,-0.621384,-0.48964354,0.5212029,-0.8380097,-0.45245025,-0.036755197,-1.1622111,-0.08047291,1.1907636,-0.50906026,0.3659058,1.934703,-0.44603065,0.14271644,1.5627333,-0.5936047,0.06832222,-0.018158548,-0.4992291
