frame,Ankle.R_x,Ankle.R_y,Ankle.R_z,Knee.R_x,Knee.R_y,Knee.R_z,Hip.R_x,Hip.R_y,Hip.R_z,Hip.L_x,Hip.L_y,Hip.L_z,Knee.L_x,Knee.L_y,Knee.L_z,Ankle.L_x,Ankle.L_y,Ankle.L_z,Wrist.R_x,Wrist.R_y,Wrist.R_z,Elbow.R_x,Elbow.R_y,Elbow.R_z,Shoulder.R_x,Shoulder.R_y,Shoulder.R_z,Shoulder.L_x,Shoulder.L_y,Shoulder.L_z,Elbow.L_x,Elbow.L_y,Elbow.L_z,Wrist.L_x,Wrist.L_y,Wrist.L_z,Neck_x,Neck_y,Neck_z,Head_x,Head_y,Head_z,Nose_x,Nose_y,Nose_z,hip.Center_x,hip.Center_y,hip.Center_z
0,-0.014230475,-1.7643409,-1.5274462,-0.12068628,-0.9482715,-0.7771173,-0.15616678,-0.02576016,-0.49297047,0.26961493,-0.02576016,-0.5071837,0.3050959,-0.9482715,-0.7217635,0.3405764,-1.7643409,-1.3052139,-0.40453172,0.080681816,-0.036950022,-0.36905122,0.612906,-0.3507083,-0.26260924,1.1451159,-0.44606915,0.4115374,1.1805966,-0.6381926,0.51797986,0.57742524,-0.3356474,0.48249888,0.009720577,-0.105623126,0.074464574,1.1628562,-0.6020502,0.10995938,1.9079783,-0.7173906,0.0922115,1.5354172,-0.6087587,0.056724325,-0.02576016,-0.4973143
