frame,Ankle.R_x,Ankle.R_y,Ankle.R_z,Knee.R_x,Knee.R_y,Knee.R_z,Hip.R_x,Hip.R_y,Hip.R_z,Hip.L_x,Hip.L_y,Hip.L_z,Knee.L_x,Knee.L_y,Knee.L_z,Ankle.L_x,Ankle.L_y,Ankle.L_z,Wrist.R_x,Wrist.R_y,Wrist.R_z,Elbow.R_x,Elbow.R_y,Elbow.R_z,Shoulder.R_x,Shoulder.R_y,Shoulder.R_z,Shoulder.L_x,Shoulder.L_y,Shoulder.L_z,Elbow.L_x,Elbow.L_y,Elbow.L_z,Wrist.L_x,Wrist.L_y,Wrist.L_z,Neck_x,Neck_y,Neck_z,Head_x,Head_y,Head_z,Nose_x,Nose_y,Nose_z,hip.Center_x,hip.Center_y,hip.Center_z
0,-0.31149408,-1.2141359,-0.851002,-0.4228241,-0.2863312,-0.3727609,-0.12592337,0.0476894,-0.70979726,0.31942633,-0.06365613,-0.304533,0.20808104,-1.1770155,-0.7390113,0.13385561,-2.067716,-1.2357597,-0.4228241,-0.026535548,-0.07673809,-0.31149408,0.53014416,-0.48145637,-0.16304418,1.1981696,-0.73808306,0.6534312,1.1239445,-0.3234398,0.6905353,0.45591924,-0.17197049,0.61631083,-0.17498545,-0.10771823,0.24519375,1.161057,-0.57008415,0.24520901,2.0517416,-0.56398,0.24520138,1.6063992,-0.41721818,0.096751474,-0.007983246,-0.49446344
