frame,Ankle.R_x,Ankle.R_y,Ankle.R_z,Knee.R_x,Knee.R_y,Knee.R_z,Hip.R_x,Hip.R_y,Hip.R_z,Hip.L_x,Hip.L_y,Hip.L_z,Knee.L_x,Knee.L_y,Knee.L_z,Ankle.L_x,Ankle.L_y,Ankle.L_z,Wrist.R_x,Wrist.R_y,Wrist.R_z,Elbow.R_x,Elbow.R_y,Elbow.R_z,Shoulder.R_x,Shoulder.R_y,Shoulder.R_z,Shoulder.L_x,Shoulder.L_y,Shoulder.L_z,Elbow.L_x,Elbow.L_y,Elbow.L_z,Wrist.L_x,Wrist.L_y,Wrist.L_z,Neck_x,Neck_y,Neck_z,Head_x,Head_y,Head_z,Nose_x,Nose_y,Nose_z,hip.Center_x,hip.Center_y,hip.Center_z
0,0.04008123,-1.864052,-0.2242473,-0.079983026,-0.94352937,0.0302611,-0.16004065,-0.06302834,-0.36197478,0.28020975,0.017029276,-0.6286588,0.32024643,-0.7434075,-0.5129457,0.36026785,-1.4238017,-1.1954579,-0.48021248,-0.022992143,-0.2740205,-0.48021248,0.53732276,-0.41764686,-0.40016916,1.1376592,-0.27117455,0.32024643,1.217702,-0.60263914,0.4403102,0.6173656,-0.104922414,0.520353,0.057050698,0.18832082,-0.03996161,1.1776805,-0.44760448,-0.03996161,2.0581818,-0.52510345,-0.03996161,1.6179311,-0.48365733,0.060084548,-0.022999534,-0.50094944
