frame,Ankle.R_x,Ankle.R_y,Ankle.R_z,Knee.R_x,Knee.R_y,Knee.R_z,Hip.R_x,Hip.R_y,Hip.R_z,Hip.L_x,Hip.L_y,Hip.L_z,Knee.L_x,Knee.L_y,Knee.L_z,Ankle.L_x,Ankle.L_y,Ankle.L_z,Wrist.R_x,Wrist.R_y,Wrist.R_z,Elbow.R_x,Elbow.R_y,Elbow.R_z,Shoulder.R_x,Shoulder.R_y,Shoulder.R_z,Shoulder.L_x,Shoulder.L_y,Shoulder.L_z,Elbow.L_x,Elbow.L_y,Elbow.L_z,Wrist.L_x,Wrist.L_y,Wrist.L_z,Neck_x,Neck_y,Neck_z,Head_x,Head_y,Head_z,Nose_x,Nose_y,Nose_z,hip.Center_x,hip.Center_y,hip.Center_z
0,0.12887645,-2.029865,-0.21683341,-0.00093150884,-1.0779397,-0.36859083,0.04233765,0.0038103461,-0.6013219,0.08560728,-0.03945905,-0.3888857,0.08560728,-1.1212089,-0.58730006,0.21541524,-2.1164038,-0.49231285,-0.13075566,-0.12599784,-0.4823624,0.08560728,0.566328,-0.5451202,0.12887645,1.3019073,-0.66127723,0.12887645,1.2586379,-0.5900857,0.12887645,0.566328,-0.3855599,-0.0874703,-0.12599784,-0.2793688,0.12887645,1.2802725,-0.61747193,-0.73654246,1.7562354,-0.63874704,-0.30383325,1.518254,-0.6141887,0.06397223,-0.017824233,-0.49925554
