frame,Ankle.R_x,Ankle.R_y,Ankle.R_z,Knee.R_x,Knee.R_y,Knee.R_z,Hip.R_x,Hip.R_y,Hip.R_z,Hip.L_x,Hip.L_y,Hip.L_z,Knee.L_x,Knee.L_y,Knee.L_z,Ankle.L_x,Ankle.L_y,Ankle.L_z,Wrist.R_x,Wrist.R_y,Wrist.R_z,Elbow.R_x,Elbow.R_y,Elbow.R_z,Shoulder.R_x,Shoulder.R_y,Shoulder.R_z,Shoulder.L_x,Shoulder.L_y,Shoulder.L_z,Elbow.L_x,Elbow.L_y,Elbow.L_z,Wrist.L_x,Wrist.L_y,Wrist.L_z,Neck_x,Neck_y,Neck_z,Head_x,Head_y,Head_z,Nose_x,Nose_y,Nose_z,hip.Center_x,hip.Center_y,hip.Center_z
0,0.13132986,-1.9673471,-0.10014665,-0.036106735,-1.0465131,-0.34102076,0.047619194,-9.0081245e-05,-0.6019715,0.0894669,-0.041953284,-0.38888553,0.0894669,-1.0465131,-0.68696034,0.17317757,-2.0510578,-0.3182494,-0.16166511,-0.041953284,-0.5552169,0.047619194,0.6277483,-0.5878159,0.0057557523,1.2974496,-0.6328226,0.0894669,1.2974496,-0.4878735,0.0894669,0.6277483,-0.32839245,-0.16166511,-0.041953284,-0.2008686,0.047611088,1.2974496,-0.5543735,-0.7895113,1.7160189,-0.55240345,-0.37095037,1.5067343,-0.5355867,0.068543285,-0.021021564,-0.49841273
