frame,Ankle.R_x,Ankle.R_y,Ankle.R_z,Knee.R_x,Knee.R_y,Knee.R_z,Hip.R_x,Hip.R_y,Hip.R_z,Hip.L_x,Hip.L_y,Hip.L_z,Knee.L_x,Knee.L_y,Knee.L_z,Ankle.L_x,Ankle.L_y,Ankle.L_z,Wrist.R_x,Wrist.R_y,Wrist.R_z,Elbow.R_x,Elbow.R_y,Elbow.R_z,Shoulder.R_x,Shoulder.R_y,Shoulder.R_z,Shoulder.L_x,Shoulder.L_y,Shoulder.L_z,Elbow.L_x,Elbow.L_y,Elbow.L_z,Wrist.L_x,Wrist.L_y,Wrist.L_z,Neck_x,Neck_y,Neck_z,Head_x,Head_y,Head_z,Nose_x,Nose_y,Nose_z,hip.Center_x,hip.Center_y,hip.Center_z
0,-0.072096966,-1.6826634,-1.7147048,-0.17910877,-0.9335551,-0.91607106,-0.14344326,-0.0060753934,-0.52639115,0.2846311,-0.041741382,-0.47537234,0.2846311,-0.96922064,-0.7340965,0.24895081,-1.7896891,-1.3836753,-0.3217999,0.13661574,0.09058291,-0.2861344,0.6360214,-0.32783163,-0.17910877,1.1711066,-0.4835537,0.49866757,1.1354408,-0.650007,0.6056794,0.5646758,-0.508138,0.6056794,-0.0060753934,-0.30489895,0.1597794,1.1532736,-0.6317164,0.19543156,1.902396,-0.7683605,0.17760548,1.5278348,-0.638311,0.07059417,-0.023908626,-0.4959529
