frame,Ankle.R_x,Ankle.R_y,Ankle.R_z,Knee.R_x,Knee.R_y,Knee.R_z,Hip.R_x,Hip.R_y,Hip.R_z,Hip.L_x,Hip.L_y,Hip.L_z,Knee.L_x,Knee.L_y,Knee.L_z,Ankle.L_x,Ankle.L_y,Ankle.L_z,Wrist.R_x,Wrist.R_y,Wrist.R_z,Elbow.R_x,Elbow.R_y,Elbow.R_z,Shoulder.R_x,Shoulder.R_y,Shoulder.R_z,Shoulder.L_x,Shoulder.L_y,Shoulder.L_z,Elbow.L_x,Elbow.L_y,Elbow.L_z,Wrist.L_x,Wrist.L_y,Wrist.L_z,Neck_x,Neck_y,Neck_z,Head_x,Head_y,Head_z,Nose_x,Nose_y,Nose_z,hip.Center_x,hip.Center_y,hip.Center_z
0,-0.28285733,-1.5391976,-1.4757189,-0.24669352,-0.7438296,-0.66885793,-0.13824645,0.015388863,-0.5974011,0.33175,-0.05690919,-0.40786994,0.22328815,-0.99690235,-0.73650444,0.15099058,-1.8284336,-1.3987484,-0.35515538,0.12385072,0.07286751,-0.31900635,0.6299964,-0.39182305,-0.13824645,1.1723058,-0.5255899,0.5848232,1.1361421,-0.51579434,0.6209865,0.55769813,-0.31368738,0.5848232,-0.020760162,-0.1825076,0.22328815,1.154224,-0.57938474,0.22328815,1.9857553,-0.7454389,0.22328815,1.5699896,-0.61178,0.09675225,-0.020760162,-0.4959475
