frame,Ankle.R_x,Ankle.R_y,Ankle.R_z,Knee.R_x,Knee.R_y,Knee.R_z,Hip.R_x,Hip.R_y,Hip.R_z,Hip.L_x,Hip.L_y,Hip.L_z,Knee.L_x,Knee.L_y,Knee.L_z,Ankle.L_x,Ankle.L_y,Ankle.L_z,Wrist.R_x,Wrist.R_y,Wrist.R_z,Elbow.R_x,Elbow.R_y,Elbow.R_z,Shoulder.R_x,Shoulder.R_y,Shoulder.R_z,Shoulder.L_x,Shoulder.L_y,Shoulder.L_z,Elbow.L_x,Elbow.L_y,Elbow.L_z,Wrist.L_x,Wrist.L_y,Wrist.L_z,Neck_x,Neck_y,Neck_z,Head_x,Head_y,Head_z,Nose_x,Nose_y,Nose_z,hip.Center_x,hip.Center_y,hip.Center_z
0,0.021634921,-1.7665333,-0.7595418,-0.09323658,-0.9240793,-0.29580462,-0.16982712,-0.043330073,-0.44923148,0.2896875,-0.0050348043,-0.54861176,0.32798326,-0.9240793,-0.7850089,0.36627853,-1.6899427,-1.4490156,-0.43788064,-0.0050348043,-0.10737699,-0.3995849,0.5310708,-0.38432062,-0.32299435,1.1437529,-0.4037016,0.36627853,1.1820482,-0.5578482,0.48116434,0.5693661,-0.18172657,0.5194596,0.033260465,0.09202349,0.021642074,1.1629006,-0.5226774,-0.05493416,1.9670733,-0.6656929,-0.016646042,1.564987,-0.5490673,0.05993019,-0.024182439,-0.4992741
