frame,Ankle.R_x,Ankle.R_y,Ankle.R_z,Knee.R_x,Knee.R_y,Knee.R_z,Hip.R_x,Hip.R_y,Hip.R_z,Hip.L_x,Hip.L_y,Hip.L_z,Knee.L_x,Knee.L_y,Knee.L_z,Ankle.L_x,Ankle.L_y,Ankle.L_z,Wrist.R_x,Wrist.R_y,Wrist.R_z,Elbow.R_x,Elbow.R_y,Elbow.R_z,Shoulder.R_x,Shoulder.R_y,Shoulder.R_z,Shoulder.L_x,Shoulder.L_y,Shoulder.L_z,Elbow.L_x,Elbow.L_y,Elbow.L_z,Wrist.L_x,Wrist.L_y,Wrist.L_z,Neck_x,Neck_y,Neck_z,Head_x,Head_y,Head_z,Nose_x,Nose_y,Nose_z,Eye.L_x,Eye.L_y,Eye.L_z,Eye.R_x,Eye.R_y,Eye.R_z,Ear.L_x,Ear.L_y,Ear.L_z,Ear.R_x,Ear.R_y,Ear.R_z,hip.Center_x,hip.Center_y,hip.Center_z
0,-0.45085037,-0.26045957,-0.58430254,-0.2276102,-0.12088483,-0.20661777,-0.0926505,0.17655866,0.05085747,0.1035994,0.2492785,-0.048207276,0.06394251,-0.061711445,-0.34634373,-0.015306058,-0.25474524,-0.76169485,-0.21144879,0.40113214,0.33238676,-0.33261278,0.3234007,0.13506484,-0.14873722,0.52322716,0.20154086,0.098290436,0.59337777,0.08453768,0.21738456,0.48613185,-0.14564933,0.22443867,0.40500337,0.07538266,-0.023180975,0.6126444,0.17840955,-0.043867175,0.7888102,0.18684763,0.00013659894,0.7355995,0.3202988,0.016710283,0.7707273,0.27355,-0.04604366,0.7593054,0.28860858,0.038613465,0.73481166,0.18732798,-0.091926984,0.71486354,0.21538268,0.005474448204040527,0.21291857957839966,0.0013250969350337982
